tag,gage,nse
window_lstm_raw_fixed_s0,01022500,0.8475155034108287
window_lstm_raw_fixed_s0,01031500,0.8363304760520173
window_lstm_raw_fixed_s0,01047000,0.831677073791549
window_lstm_raw_fixed_s0,01052500,0.7268122577899634
window_lstm_raw_fixed_s0,01054200,0.6238048135505243
window_lstm_raw_fixed_s0,01055000,0.69963298360514
window_lstm_raw_fixed_s0,01057000,0.8127394143792024
window_lstm_raw_fixed_s0,01073000,0.8711017123358735
window_lstm_raw_fixed_s0,01078000,0.8467856742316191
window_lstm_raw_fixed_s0,01123000,0.8337547824968888
window_lstm_raw_fixed_s0,01134500,0.763232456371717
window_lstm_raw_fixed_s0,01137500,0.6961936483438538
window_lstm_raw_fixed_s0,01139000,0.7357341227995586
window_lstm_raw_fixed_s0,01139800,0.6803603148164319
window_lstm_raw_fixed_s0,01142500,0.7287701844563423
window_lstm_raw_fixed_s0,01144000,0.829982312821624
window_lstm_raw_fixed_s0,01162500,0.7651960327436483
window_lstm_raw_fixed_s0,01169000,0.6317971541012029
window_lstm_raw_fixed_s0,01170100,0.6114819663251913
window_lstm_raw_fixed_s0,01181000,0.6473634604809639
window_lstm_raw_fixed_s0,01187300,0.6685883354088579
window_lstm_raw_fixed_s0,01195100,0.7140381740120295
window_lstm_raw_fixed_s0,04296000,0.7878896173182306
window_lstm_raw_fixed_s0,01333000,0.617111799992083
window_lstm_raw_fixed_s0,01350000,0.601363615016143
window_lstm_raw_fixed_s0,01350080,0.36752646052080173
window_lstm_raw_fixed_s0,01350140,0.536961040586661
window_lstm_raw_fixed_s0,01365000,0.6176822720379798
window_lstm_raw_fixed_s0,01411300,0.6851836523001236
window_lstm_raw_fixed_s0,01413500,0.6698678281474741
window_lstm_raw_fixed_s0,01414500,0.5538920288984347
window_lstm_raw_fixed_s0,01415000,0.6106966149804501
window_lstm_raw_fixed_s0,01423000,0.7682626273999431
window_lstm_raw_fixed_s0,01434025,0.5418206558009786
window_lstm_raw_fixed_s0,01435000,0.6026748268181722
window_lstm_raw_fixed_s0,01439500,0.7789156394472981
window_lstm_raw_fixed_s0,01440000,0.7856235605442183
window_lstm_raw_fixed_s0,01440400,0.6865070679362708
window_lstm_raw_fixed_s0,01451800,0.7220121240642223
window_lstm_raw_fixed_s0,01466500,0.5055404904075185
window_lstm_raw_fixed_s0,01484100,0.621028169273511
window_lstm_raw_fixed_s0,01487000,0.6907169801032208
window_lstm_raw_fixed_s0,01491000,0.698967320774185
window_lstm_raw_fixed_s0,01510000,0.7228347627710505
window_lstm_raw_fixed_s0,01516500,0.34036717871195854
window_lstm_raw_fixed_s0,01518862,0.5538035588559319
window_lstm_raw_fixed_s0,01532000,0.5387992409121205
window_lstm_raw_fixed_s0,01539000,0.7244025662969011
window_lstm_raw_fixed_s0,01542810,0.6721080475032835
window_lstm_raw_fixed_s0,01543000,0.8128467749026136
window_lstm_raw_fixed_s0,01543500,0.8224551050689256
window_lstm_raw_fixed_s0,01544500,0.7594218296099863
window_lstm_raw_fixed_s0,01545600,0.7445752888445654
window_lstm_raw_fixed_s0,01547700,0.601789093097995
window_lstm_raw_fixed_s0,01548500,0.7538985626536713
window_lstm_raw_fixed_s0,01549500,0.6361038435800341
window_lstm_raw_fixed_s0,01550000,0.6520126716680188
window_lstm_raw_fixed_s0,01552000,0.7695542569158877
window_lstm_raw_fixed_s0,01552500,0.6326521710783664
window_lstm_raw_fixed_s0,01557500,0.7521595695312893
window_lstm_raw_fixed_s0,01567500,0.6098406184498659
window_lstm_raw_fixed_s0,01568000,0.7112775022343045
window_lstm_raw_fixed_s0,01580000,0.6803222690643418
window_lstm_raw_fixed_s0,01583500,0.6575205267794676
window_lstm_raw_fixed_s0,01586610,0.6387552419415343
window_lstm_raw_fixed_s0,01591400,0.6032724229706632
window_lstm_raw_fixed_s0,01594950,0.31018353409286514
window_lstm_raw_fixed_s0,01596500,0.731828896961502
window_lstm_raw_fixed_s0,01605500,0.6849108122948085
window_lstm_raw_fixed_s0,01606500,0.6698430992678353
window_lstm_raw_fixed_s0,01632000,0.45997386054021794
window_lstm_raw_fixed_s0,01632900,0.2169412903051663
window_lstm_raw_fixed_s0,01634500,0.42038435699787347
window_lstm_raw_fixed_s0,01638480,0.5736238830538529
window_lstm_raw_fixed_s0,01639500,0.6525606719232037
window_lstm_raw_fixed_s0,01644000,0.677061936002749
window_lstm_raw_fixed_s0,01664000,0.6851389954047546
window_lstm_raw_fixed_s0,01666500,0.5843037248238938
window_lstm_raw_fixed_s0,01667500,0.7024973229759636
window_lstm_raw_fixed_s0,01669000,0.7172181710074268
window_lstm_raw_fixed_s0,01669520,0.6933812073559971
window_lstm_raw_fixed_s0,02011400,0.7523514239066638
window_lstm_raw_fixed_s0,02013000,0.7175592010548142
window_lstm_raw_fixed_s0,02014000,0.7601416380605202
window_lstm_raw_fixed_s0,02015700,0.7223160596959355
window_lstm_raw_fixed_s0,02016000,0.7962035328706107
window_lstm_raw_fixed_s0,02017500,0.7984574730778734
window_lstm_raw_fixed_s0,02018000,0.8174143107597251
window_lstm_raw_fixed_s0,02027000,0.5432678699693358
window_lstm_raw_fixed_s0,02027500,0.3208779928013914
window_lstm_raw_fixed_s0,02028500,0.5280678854519992
window_lstm_raw_fixed_s0,02038850,0.4153757802550567
window_lstm_raw_fixed_s0,02046000,0.6291487365093055
window_lstm_raw_fixed_s0,02051500,0.7506114098106296
window_lstm_raw_fixed_s0,02053200,0.5312889932725824
window_lstm_raw_fixed_s0,02053800,0.6785316012949993
window_lstm_raw_fixed_s0,02055100,0.5028221676504829
window_lstm_raw_fixed_s0,02056900,0.7083308195808866
window_lstm_raw_fixed_s0,02059500,0.5600336818628664
window_lstm_raw_fixed_s0,02064000,0.7872778412179675
window_lstm_raw_fixed_s0,02065500,0.6842486293634837
window_lstm_raw_fixed_s0,02069700,0.6455549425292881
window_lstm_raw_fixed_s0,02070000,0.6939486943007578
window_lstm_raw_fixed_s0,02074500,0.6483247780959664
window_lstm_raw_fixed_s0,02077200,0.5604975483472507
window_lstm_raw_fixed_s0,02081500,0.7311084705306072
window_lstm_raw_fixed_s0,02082950,0.7740857756036683
window_lstm_raw_fixed_s0,02092500,0.7755176224865429
window_lstm_raw_fixed_s0,02096846,0.2010714255538517
window_lstm_raw_fixed_s0,02102908,0.48044111447004334
window_lstm_raw_fixed_s0,02108000,0.7164229287297383
window_lstm_raw_fixed_s0,02111180,0.6498913828031243
window_lstm_raw_fixed_s0,02111500,0.5982291719490193
window_lstm_raw_fixed_s0,02112120,0.6931020414462359
window_lstm_raw_fixed_s0,02112360,0.7019637409443106
window_lstm_raw_fixed_s0,02118500,0.7203035847768766
window_lstm_raw_fixed_s0,02125000,0.6008543018342098
window_lstm_raw_fixed_s0,02128000,0.5601040033662772
window_lstm_raw_fixed_s0,02137727,0.8519686796184518
window_lstm_raw_fixed_s0,02140991,0.6605628622636259
window_lstm_raw_fixed_s0,02143000,0.7516977570878515
window_lstm_raw_fixed_s0,02143040,0.7821074277532901
window_lstm_raw_fixed_s0,02149000,0.7643654723183878
window_lstm_raw_fixed_s0,02152100,0.7517292615067901
window_lstm_raw_fixed_s0,02177000,0.8332587126986883
window_lstm_raw_fixed_s0,02178400,0.7877491957403053
window_lstm_raw_fixed_s0,02193340,0.43639656727426623
window_lstm_raw_fixed_s0,02196000,0.669893399467971
window_lstm_raw_fixed_s0,02198100,0.46242407341818215
window_lstm_raw_fixed_s0,02202600,0.6617688144145097
window_lstm_raw_fixed_s0,02212600,0.7352918621259592
window_lstm_raw_fixed_s0,02215100,0.573872324958318
window_lstm_raw_fixed_s0,02216180,0.7895087888792949
window_lstm_raw_fixed_s0,02221525,0.8223920291171121
window_lstm_raw_fixed_s0,02231000,0.7974164057064301
window_lstm_raw_fixed_s0,02245500,0.5608749284113812
window_lstm_raw_fixed_s0,02246000,0.6461273054521471
window_lstm_raw_fixed_s0,02296500,0.6973476034659892
window_lstm_raw_fixed_s0,02297155,0.3695912240413599
window_lstm_raw_fixed_s0,02297310,0.6277946123535287
window_lstm_raw_fixed_s0,02298123,0.62787194399994
window_lstm_raw_fixed_s0,02298608,0.6049215466385855
window_lstm_raw_fixed_s0,02299950,0.6423971723598012
window_lstm_raw_fixed_s0,02300700,0.5381420099852356
window_lstm_raw_fixed_s0,02342933,0.6767566593377377
window_lstm_raw_fixed_s0,02349900,0.6788177722840487
window_lstm_raw_fixed_s0,02350900,0.7106491668325516
window_lstm_raw_fixed_s0,02361000,0.7050243322886304
window_lstm_raw_fixed_s0,02363000,0.638089686374633
window_lstm_raw_fixed_s0,02369800,0.7792966055037294
window_lstm_raw_fixed_s0,02371500,0.80426547406363
window_lstm_raw_fixed_s0,02372250,0.7347221931292099
window_lstm_raw_fixed_s0,02374500,0.5962704674815509
window_lstm_raw_fixed_s0,02381600,0.46266527511790945
window_lstm_raw_fixed_s0,02384540,0.5774179909294792
window_lstm_raw_fixed_s0,02395120,0.6315192404685335
window_lstm_raw_fixed_s0,02415000,0.7083230714877184
window_lstm_raw_fixed_s0,02427250,0.47027425409876167
window_lstm_raw_fixed_s0,02430085,0.5377842182203545
window_lstm_raw_fixed_s0,02450250,0.7658386589404506
window_lstm_raw_fixed_s0,02464000,0.7553109915241072
window_lstm_raw_fixed_s0,02464360,0.5142988020293113
window_lstm_raw_fixed_s0,02465493,0.6007369740647456
window_lstm_raw_fixed_s0,02469800,0.8014808496764845
window_lstm_raw_fixed_s0,02472000,0.8458157025339568
window_lstm_raw_fixed_s0,02472500,0.7839410073921365
window_lstm_raw_fixed_s0,02479155,0.6945760385547194
window_lstm_raw_fixed_s0,02479300,0.7389847709827696
window_lstm_raw_fixed_s0,02479560,0.8084158564944952
window_lstm_raw_fixed_s0,02481000,0.766294833461241
window_lstm_raw_fixed_s0,02481510,0.7655688557429028
window_lstm_raw_fixed_s0,04015330,0.6060949431055687
window_lstm_raw_fixed_s0,04024430,0.7000755128095004
window_lstm_raw_fixed_s0,04027000,0.8432086884382839
window_lstm_raw_fixed_s0,04040500,0.8897426694662399
window_lstm_raw_fixed_s0,04043050,0.7683528993982865
window_lstm_raw_fixed_s0,04045500,0.8504761589061046
window_lstm_raw_fixed_s0,04057510,0.7487934099330413
window_lstm_raw_fixed_s0,04057800,0.7901916652262668
window_lstm_raw_fixed_s0,04059500,0.7781926261317023
window_lstm_raw_fixed_s0,04063700,0.7430256590186148
window_lstm_raw_fixed_s0,04074950,0.7883232226203154
window_lstm_raw_fixed_s0,04105700,0.692159034471352
window_lstm_raw_fixed_s0,04115265,-1.1510040504434809
window_lstm_raw_fixed_s0,04122200,0.7022727059705383
window_lstm_raw_fixed_s0,04122500,0.7563490645738336
window_lstm_raw_fixed_s0,04127918,0.5373578235355504
window_lstm_raw_fixed_s0,04127997,0.720066431113112
window_lstm_raw_fixed_s0,04161580,0.5443869640366854
window_lstm_raw_fixed_s0,04185000,0.7782345649395972
window_lstm_raw_fixed_s0,04196800,0.7641633051820216
window_lstm_raw_fixed_s0,04197100,0.6458275183643725
window_lstm_raw_fixed_s0,04197170,0.662623425876951
window_lstm_raw_fixed_s0,04213000,0.6229496361624218
window_lstm_raw_fixed_s0,04213075,0.2319033216907127
window_lstm_raw_fixed_s0,04216418,0.5459366662325571
window_lstm_raw_fixed_s0,04221000,0.7305481705940261
window_lstm_raw_fixed_s0,04224775,0.5759790939529814
window_lstm_raw_fixed_s0,04233000,0.5441708402365708
window_lstm_raw_fixed_s0,04256000,0.7587416374732426
window_lstm_raw_fixed_s0,03010655,0.7043354491000255
window_lstm_raw_fixed_s0,03011800,0.7055568277048777
window_lstm_raw_fixed_s0,03015500,0.7924436223411504
window_lstm_raw_fixed_s0,03021350,0.6429947694103937
window_lstm_raw_fixed_s0,03026500,0.6640186156059025
window_lstm_raw_fixed_s0,03028000,0.6996675123317616
window_lstm_raw_fixed_s0,03049000,0.6543987154896205
window_lstm_raw_fixed_s0,03049800,0.2784667450299556
window_lstm_raw_fixed_s0,03050000,0.25765489950936804
window_lstm_raw_fixed_s0,03069500,0.8122178978660307
window_lstm_raw_fixed_s0,03070500,0.7465943094051792
window_lstm_raw_fixed_s0,03076600,0.6287887356032877
window_lstm_raw_fixed_s0,03078000,0.7246027468240055
window_lstm_raw_fixed_s0,03140000,0.6410442552624298
window_lstm_raw_fixed_s0,03144000,0.7288434289654813
window_lstm_raw_fixed_s0,03170000,0.7917853435097593
window_lstm_raw_fixed_s0,03173000,0.7846883114168259
window_lstm_raw_fixed_s0,03180500,0.7747738922224666
window_lstm_raw_fixed_s0,03182500,0.808280160880443
window_lstm_raw_fixed_s0,03186500,0.6737709822384381
window_lstm_raw_fixed_s0,03237280,0.2947013994386821
window_lstm_raw_fixed_s0,03237500,0.7618376048142146
window_lstm_raw_fixed_s0,03238500,0.6430349769496
window_lstm_raw_fixed_s0,03241500,0.798678508980463
window_lstm_raw_fixed_s0,03280700,0.6259165786237828
window_lstm_raw_fixed_s0,03281500,0.84095746980955
window_lstm_raw_fixed_s0,03285000,0.7758709774539423
window_lstm_raw_fixed_s0,03291780,0.6273929855639078
window_lstm_raw_fixed_s0,03338780,0.5389082839845656
window_lstm_raw_fixed_s0,03340800,0.6463140583876134
window_lstm_raw_fixed_s0,03346000,0.7896342113188811
window_lstm_raw_fixed_s0,03364500,0.7041254635131137
window_lstm_raw_fixed_s0,03366500,0.8209182262972112
window_lstm_raw_fixed_s0,03368000,0.5409356845878525
window_lstm_raw_fixed_s0,03384450,0.6404797961594051
window_lstm_raw_fixed_s0,03439000,0.7719076775851276
window_lstm_raw_fixed_s0,03455500,0.5819047024635415
window_lstm_raw_fixed_s0,03456500,0.6888522331386716
window_lstm_raw_fixed_s0,03460000,0.6917625974852901
window_lstm_raw_fixed_s0,03463300,0.6730170584554407
window_lstm_raw_fixed_s0,03471500,0.6358668313027234
window_lstm_raw_fixed_s0,03473000,0.7601068706489327
window_lstm_raw_fixed_s0,03479000,0.7288223620282615
window_lstm_raw_fixed_s0,03488000,0.8050085860837509
window_lstm_raw_fixed_s0,03498500,0.7633847469130599
window_lstm_raw_fixed_s0,03500000,0.8618592223607784
window_lstm_raw_fixed_s0,03500240,0.7935551357583666
window_lstm_raw_fixed_s0,03504000,0.7198188943294083
window_lstm_raw_fixed_s0,03574500,0.8028608237043777
window_lstm_raw_fixed_s0,03592718,0.6706757764730678
window_lstm_raw_fixed_s0,03604000,0.7324636879687898
window_lstm_raw_fixed_s0,05291000,0.5080066282721976
window_lstm_raw_fixed_s0,05362000,0.8454987907664645
window_lstm_raw_fixed_s0,05393500,0.8200875892012623
window_lstm_raw_fixed_s0,05399500,0.6080594826079522
window_lstm_raw_fixed_s0,05408000,0.6858296256274998
window_lstm_raw_fixed_s0,05413500,0.6499896777896925
window_lstm_raw_fixed_s0,05414000,0.3262200379057545
window_lstm_raw_fixed_s0,05444000,0.508569690716365
window_lstm_raw_fixed_s0,05454000,0.5639588751525484
window_lstm_raw_fixed_s0,05458000,0.6786678639114611
window_lstm_raw_fixed_s0,05466500,0.6114462697117613
window_lstm_raw_fixed_s0,05487980,0.6311012452934986
window_lstm_raw_fixed_s0,05488200,0.5594904194102821
window_lstm_raw_fixed_s0,05489000,0.6732473238572745
window_lstm_raw_fixed_s0,05495000,0.7362976459413955
window_lstm_raw_fixed_s0,05495500,0.718535041554814
window_lstm_raw_fixed_s0,05501000,0.752688788178409
window_lstm_raw_fixed_s0,05503800,0.6587603351798714
window_lstm_raw_fixed_s0,05507600,0.6477623927992928
window_lstm_raw_fixed_s0,05508805,0.6642517809963876
window_lstm_raw_fixed_s0,05525500,0.8188241452747654
window_lstm_raw_fixed_s0,05556500,0.6732703852460717
window_lstm_raw_fixed_s0,05584500,0.7831014813846822
window_lstm_raw_fixed_s0,05591550,0.6617627739396325
window_lstm_raw_fixed_s0,05592050,0.7093969842346806
window_lstm_raw_fixed_s0,05592575,0.3834214776132444
window_lstm_raw_fixed_s0,05593575,0.7759816398227589
window_lstm_raw_fixed_s0,05593900,0.6161833652482274
window_lstm_raw_fixed_s0,05595730,0.8268665856069832
window_lstm_raw_fixed_s0,07291000,0.5591657586062998
window_lstm_raw_fixed_s0,07359610,0.2727645403667479
window_lstm_raw_fixed_s0,07362100,0.7141422273395155
window_lstm_raw_fixed_s0,07362587,0.3290237045268444
window_lstm_raw_fixed_s0,07375000,0.6018675019376197
window_lstm_raw_fixed_s0,08013000,0.6451759602365593
window_lstm_raw_fixed_s0,08014500,0.8105499458630546
window_lstm_raw_fixed_s0,05057200,0.4347632305850717
window_lstm_raw_fixed_s0,05120500,0.5318059785089592
window_lstm_raw_fixed_s0,06221400,0.49871640505695913
window_lstm_raw_fixed_s0,06224000,0.8242251272420036
window_lstm_raw_fixed_s0,06278300,0.7060701833668672
window_lstm_raw_fixed_s0,06280300,0.8267513354008895
window_lstm_raw_fixed_s0,06289000,0.7676073634603446
window_lstm_raw_fixed_s0,06291500,0.7028394608677349
window_lstm_raw_fixed_s0,06311000,0.7489825864236554
window_lstm_raw_fixed_s0,06332515,-1.3223421393896393
window_lstm_raw_fixed_s0,06339100,0.4311180200189765
window_lstm_raw_fixed_s0,06344600,0.1871362019460706
window_lstm_raw_fixed_s0,06350000,0.2790282021381226
window_lstm_raw_fixed_s0,06352000,0.4441394692912993
window_lstm_raw_fixed_s0,06404000,0.6236867626814397
window_lstm_raw_fixed_s0,06406000,0.17028986535074697
window_lstm_raw_fixed_s0,06409000,0.05149204572284449
window_lstm_raw_fixed_s0,06431500,0.008112800907749351
window_lstm_raw_fixed_s0,06440200,0.07872484525181733
window_lstm_raw_fixed_s0,06447500,0.32998513423185094
window_lstm_raw_fixed_s0,06470800,0.35633013367332145
window_lstm_raw_fixed_s0,06477500,0.36986627159713203
window_lstm_raw_fixed_s0,06479215,0.37380246619697377
window_lstm_raw_fixed_s0,06601000,-0.8213395702401902
window_lstm_raw_fixed_s0,06614800,0.8559414511249736
window_lstm_raw_fixed_s0,06622700,0.8700272011997752
window_lstm_raw_fixed_s0,06623800,0.8945445189766663
window_lstm_raw_fixed_s0,06632400,0.8975696096749353
window_lstm_raw_fixed_s0,06746095,0.8059002544510612
window_lstm_raw_fixed_s0,06803510,0.471506907267364
window_lstm_raw_fixed_s0,06803530,0.35223104319767506
window_lstm_raw_fixed_s0,06814000,0.6697443875353328
window_lstm_raw_fixed_s0,06847900,0.27808703043047844
window_lstm_raw_fixed_s0,06853800,0.4482776415271639
window_lstm_raw_fixed_s0,06876700,0.34421374706886754
window_lstm_raw_fixed_s0,06878000,0.6286363861237718
window_lstm_raw_fixed_s0,06879650,0.06183469661336771
window_lstm_raw_fixed_s0,06885500,0.714004252908374
window_lstm_raw_fixed_s0,06888500,0.6093056982145486
window_lstm_raw_fixed_s0,06889200,0.45880724761034997
window_lstm_raw_fixed_s0,06889500,0.6741072336792984
window_lstm_raw_fixed_s0,06892000,0.735732696275264
window_lstm_raw_fixed_s0,06903400,0.5909300792904069
window_lstm_raw_fixed_s0,06906800,0.47644572650451045
window_lstm_raw_fixed_s0,06910800,0.7397753563388287
window_lstm_raw_fixed_s0,06911900,0.660507713362394
window_lstm_raw_fixed_s0,06917000,0.7255727912045514
window_lstm_raw_fixed_s0,06918460,0.43223146893803044
window_lstm_raw_fixed_s0,06919500,0.752976983104329
window_lstm_raw_fixed_s0,06921070,0.7057665057806944
window_lstm_raw_fixed_s0,06921200,0.5019534853659927
window_lstm_raw_fixed_s0,07057500,0.8432497079057869
window_lstm_raw_fixed_s0,07060710,0.45291294821536077
window_lstm_raw_fixed_s0,07066000,0.7030543579315256
window_lstm_raw_fixed_s0,07083000,0.8650815193636625
window_lstm_raw_fixed_s0,07142300,0.3365352610708987
window_lstm_raw_fixed_s0,07145700,0.6670908502371224
window_lstm_raw_fixed_s0,07167500,0.5913215089350239
window_lstm_raw_fixed_s0,07180500,0.6918219128669374
window_lstm_raw_fixed_s0,07184000,0.715658628627845
window_lstm_raw_fixed_s0,07195800,0.44726277703516126
window_lstm_raw_fixed_s0,07196900,0.48769737999621976
window_lstm_raw_fixed_s0,07197000,0.7360424799862679
window_lstm_raw_fixed_s0,07208500,0.04096972721971548
window_lstm_raw_fixed_s0,07261000,0.7604082111517749
window_lstm_raw_fixed_s0,07263295,0.41425132652974317
window_lstm_raw_fixed_s0,07299670,0.23152020102398152
window_lstm_raw_fixed_s0,07301410,0.3601951576542499
window_lstm_raw_fixed_s0,07315200,0.38482504429080755
window_lstm_raw_fixed_s0,07315700,0.46336303827269176
window_lstm_raw_fixed_s0,07335700,0.38802745575262254
window_lstm_raw_fixed_s0,07340300,0.604466483621398
window_lstm_raw_fixed_s0,07346045,0.7625270582401713
window_lstm_raw_fixed_s0,08023080,0.6970810388515793
window_lstm_raw_fixed_s0,08050800,0.42260704568904617
window_lstm_raw_fixed_s0,08066200,0.5940868548835276
window_lstm_raw_fixed_s0,08066300,0.45908512540257074
window_lstm_raw_fixed_s0,08070000,0.6823985015974304
window_lstm_raw_fixed_s0,08070200,0.7134431117987119
window_lstm_raw_fixed_s0,08082700,0.49840927512045285
window_lstm_raw_fixed_s0,08086212,0.4189142899999876
window_lstm_raw_fixed_s0,08086290,0.4931299598534844
window_lstm_raw_fixed_s0,08101000,0.630653360760272
window_lstm_raw_fixed_s0,08103900,0.4121098053699278
window_lstm_raw_fixed_s0,08104900,0.5305687261456928
window_lstm_raw_fixed_s0,08109700,0.4965230079398697
window_lstm_raw_fixed_s0,08150800,-0.8911808960274392
window_lstm_raw_fixed_s0,08158700,0.20887060607408292
window_lstm_raw_fixed_s0,08158810,0.4051236996017953
window_lstm_raw_fixed_s0,08164300,0.5859352065950529
window_lstm_raw_fixed_s0,08164600,0.5988207846362975
window_lstm_raw_fixed_s0,08165300,-2.553329999793825
window_lstm_raw_fixed_s0,08171300,0.6533460851524608
window_lstm_raw_fixed_s0,08175000,0.7654812477013365
window_lstm_raw_fixed_s0,08176900,0.4622323937210199
window_lstm_raw_fixed_s0,08178880,0.3434850896145788
window_lstm_raw_fixed_s0,08189500,0.36864080359631335
window_lstm_raw_fixed_s0,08190000,0.5868687470659597
window_lstm_raw_fixed_s0,08190500,0.10680904883398534
window_lstm_raw_fixed_s0,08194200,0.12643075239897583
window_lstm_raw_fixed_s0,08195000,0.4283825603839785
window_lstm_raw_fixed_s0,08196000,0.2009016182969886
window_lstm_raw_fixed_s0,08198500,0.592293676692746
window_lstm_raw_fixed_s0,08200000,0.44857227487485163
window_lstm_raw_fixed_s0,08202700,0.6535782651285655
window_lstm_raw_fixed_s0,08267500,0.6087205899287398
window_lstm_raw_fixed_s0,08269000,0.8100474819915168
window_lstm_raw_fixed_s0,08271000,0.8334565712744434
window_lstm_raw_fixed_s0,08324000,0.5248264599897614
window_lstm_raw_fixed_s0,08377900,0.7885212717266277
window_lstm_raw_fixed_s0,08378500,0.724520009596502
window_lstm_raw_fixed_s0,08380500,0.48611360490212385
window_lstm_raw_fixed_s0,09035800,0.8248285001506355
window_lstm_raw_fixed_s0,09035900,0.9054293643330219
window_lstm_raw_fixed_s0,09047700,0.8242908831526778
window_lstm_raw_fixed_s0,09065500,0.91429196638393
window_lstm_raw_fixed_s0,09066000,0.9020628951088407
window_lstm_raw_fixed_s0,09066200,0.8509431087116636
window_lstm_raw_fixed_s0,09066300,0.8542864670089609
window_lstm_raw_fixed_s0,09081600,0.9064936865504919
window_lstm_raw_fixed_s0,09107000,0.6317511038523267
window_lstm_raw_fixed_s0,09210500,0.8141013666896919
window_lstm_raw_fixed_s0,09223000,0.866059075974373
window_lstm_raw_fixed_s0,09306242,0.4323588703535214
window_lstm_raw_fixed_s0,09312600,0.7213082083818725
window_lstm_raw_fixed_s0,09352900,0.8304871491488184
window_lstm_raw_fixed_s0,09378170,0.49200452694240226
window_lstm_raw_fixed_s0,09386900,0.2403788017626428
window_lstm_raw_fixed_s0,09404450,0.7251479339352798
window_lstm_raw_fixed_s0,09430600,0.30210975415795727
window_lstm_raw_fixed_s0,09447800,-4.255609089065761
window_lstm_raw_fixed_s0,09484600,0.0612950112866637
window_lstm_raw_fixed_s0,09492400,0.6722569955572903
window_lstm_raw_fixed_s0,09494000,0.5745776958700439
window_lstm_raw_fixed_s0,09497980,0.40795135253697234
window_lstm_raw_fixed_s0,09505350,0.25205657355593136
window_lstm_raw_fixed_s0,09505800,0.34582886524551604
window_lstm_raw_fixed_s0,09508300,0.6589292632009288
window_lstm_raw_fixed_s0,09510200,0.6571655515726549
window_lstm_raw_fixed_s0,09512280,0.38894481987664475
window_lstm_raw_fixed_s0,09513780,0.3553631947872574
window_lstm_raw_fixed_s0,10234500,0.7652166384526954
window_lstm_raw_fixed_s0,10244950,0.5480342240083098
window_lstm_raw_fixed_s0,10336645,0.789950774667807
window_lstm_raw_fixed_s0,10336660,0.8566183039066956
window_lstm_raw_fixed_s0,10343500,0.7580577363720977
window_lstm_raw_fixed_s0,12010000,0.8838368119899357
window_lstm_raw_fixed_s0,12013500,0.8648534463012298
window_lstm_raw_fixed_s0,12020000,0.568046929344612
window_lstm_raw_fixed_s0,12025700,0.7876059944108735
window_lstm_raw_fixed_s0,12035000,0.9034358461857909
window_lstm_raw_fixed_s0,12040500,0.8085254119540914
window_lstm_raw_fixed_s0,12041200,0.6997091338323853
window_lstm_raw_fixed_s0,12048000,0.45031065910318835
window_lstm_raw_fixed_s0,12054000,0.667400207087967
window_lstm_raw_fixed_s0,12056500,0.6738953377749056
window_lstm_raw_fixed_s0,12073500,0.8461468781908108
window_lstm_raw_fixed_s0,12082500,0.794017714433099
window_lstm_raw_fixed_s0,12092000,0.7368299360962065
window_lstm_raw_fixed_s0,12114500,0.8073192309454964
window_lstm_raw_fixed_s0,12115000,0.7950188537010084
window_lstm_raw_fixed_s0,12117000,0.8428376974935595
window_lstm_raw_fixed_s0,12143600,0.6115806430384119
window_lstm_raw_fixed_s0,12144000,0.7130621039046925
window_lstm_raw_fixed_s0,12145500,0.8466400126222307
window_lstm_raw_fixed_s0,12147500,0.5541880830989461
window_lstm_raw_fixed_s0,12167000,0.7207955528655311
window_lstm_raw_fixed_s0,12175500,0.7803099024192061
window_lstm_raw_fixed_s0,12178100,0.778916583027427
window_lstm_raw_fixed_s0,12186000,0.646953404810731
window_lstm_raw_fixed_s0,12189500,0.7928442641253709
window_lstm_raw_fixed_s0,12375900,0.8034566920530173
window_lstm_raw_fixed_s0,12377150,0.8616483384924631
window_lstm_raw_fixed_s0,12381400,0.6645876037476657
window_lstm_raw_fixed_s0,12383500,0.6188305675716974
window_lstm_raw_fixed_s0,12390700,0.7984956754890252
window_lstm_raw_fixed_s0,12411000,0.7305566802866875
window_lstm_raw_fixed_s0,12447390,0.7501989854143674
window_lstm_raw_fixed_s0,12451000,0.8842758414762172
window_lstm_raw_fixed_s0,12488500,0.7344660849784361
window_lstm_raw_fixed_s0,13011500,0.8592855410247283
window_lstm_raw_fixed_s0,13011900,0.8385805254488349
window_lstm_raw_fixed_s0,13018300,0.8253609748081876
window_lstm_raw_fixed_s0,13023000,0.9362471693518994
window_lstm_raw_fixed_s0,13161500,0.7199409854637207
window_lstm_raw_fixed_s0,13235000,0.8416302832985948
window_lstm_raw_fixed_s0,13240000,0.8518947980681562
window_lstm_raw_fixed_s0,13313000,0.8741466348093807
window_lstm_raw_fixed_s0,13331500,0.8740951211612257
window_lstm_raw_fixed_s0,14020000,0.7997433935729713
window_lstm_raw_fixed_s0,14096850,0.18115623929284086
window_lstm_raw_fixed_s0,14137000,0.7632151939440013
window_lstm_raw_fixed_s0,14138800,0.794688148374175
window_lstm_raw_fixed_s0,14138870,0.7272010522777422
window_lstm_raw_fixed_s0,14138900,0.781619489004912
window_lstm_raw_fixed_s0,14139800,0.8202049533909882
window_lstm_raw_fixed_s0,14141500,0.8059248460986566
window_lstm_raw_fixed_s0,14154500,0.8648127664757636
window_lstm_raw_fixed_s0,14158790,0.7852532360285777
window_lstm_raw_fixed_s0,14166500,0.8852205012181822
window_lstm_raw_fixed_s0,14182500,0.7917924983744342
window_lstm_raw_fixed_s0,14185000,0.8693014499542694
window_lstm_raw_fixed_s0,14185900,0.8378254925527356
window_lstm_raw_fixed_s0,14187000,-0.0194227434811709
window_lstm_raw_fixed_s0,14216500,0.6371817096055074
window_lstm_raw_fixed_s0,14222500,0.8864752711524607
window_lstm_raw_fixed_s0,14236200,0.8524760135697225
window_lstm_raw_fixed_s0,14301000,0.9033985220512865
window_lstm_raw_fixed_s0,14303200,0.4239136921516973
window_lstm_raw_fixed_s0,14305500,0.8744681016436575
window_lstm_raw_fixed_s0,14306340,0.6261708502985042
window_lstm_raw_fixed_s0,14306500,0.880214450862601
window_lstm_raw_fixed_s0,14308990,0.14287391338945854
window_lstm_raw_fixed_s0,14309500,0.7644047844689943
window_lstm_raw_fixed_s0,14316700,0.8666602410537698
window_lstm_raw_fixed_s0,14325000,0.783253938939861
window_lstm_raw_fixed_s0,14362250,0.13426969062636218
window_lstm_raw_fixed_s0,14400000,0.8710599022455348
window_lstm_raw_fixed_s0,10259000,0.7492268944033296
window_lstm_raw_fixed_s0,11124500,0.6980502539025362
window_lstm_raw_fixed_s0,11141280,0.7016108499019338
window_lstm_raw_fixed_s0,11143000,0.75995269665077
window_lstm_raw_fixed_s0,11148900,0.7888156480270255
window_lstm_raw_fixed_s0,11151300,0.6337015629975814
window_lstm_raw_fixed_s0,11176400,0.17517216584556572
window_lstm_raw_fixed_s0,11230500,0.5770200243132391
window_lstm_raw_fixed_s0,11237500,0.7127021821742798
window_lstm_raw_fixed_s0,11264500,0.8101791344849377
window_lstm_raw_fixed_s0,11266500,0.819029100304447
window_lstm_raw_fixed_s0,11284400,0.7109676111260668
window_lstm_raw_fixed_s0,11381500,0.786894757012535
window_lstm_raw_fixed_s0,11451100,0.6184409284733625
window_lstm_raw_fixed_s0,11468500,0.839315321984248
window_lstm_raw_fixed_s0,11473900,0.7482049560451494
window_lstm_raw_fixed_s0,11475560,0.643281824723166
window_lstm_raw_fixed_s0,11476600,0.7424060443168494
window_lstm_raw_fixed_s0,11478500,0.7392989237438665
window_lstm_raw_fixed_s0,11480390,0.70867675382807
window_lstm_raw_fixed_s0,11481200,0.7467440447004594
window_lstm_raw_fixed_s0,11482500,0.7419898934505307
window_lstm_raw_fixed_s0,11522500,0.750061828714023
window_lstm_raw_fixed_s0,11523200,0.8124635020436988
window_lstm_raw_fixed_s0,11528700,0.7568329449128919
window_lstm_raw_fixed_s0,11532500,0.8985909594866162
window_lstm_raw_daily_s0,01022500,0.8638685519231979
window_lstm_raw_daily_s0,01031500,0.8510665168395568
window_lstm_raw_daily_s0,01047000,0.8428420809593384
window_lstm_raw_daily_s0,01052500,0.7751858784943506
window_lstm_raw_daily_s0,01054200,0.6530312317129652
window_lstm_raw_daily_s0,01055000,0.7015233783332729
window_lstm_raw_daily_s0,01057000,0.7980319765552528
window_lstm_raw_daily_s0,01073000,0.8766177037132015
window_lstm_raw_daily_s0,01078000,0.8622998218948861
window_lstm_raw_daily_s0,01123000,0.825974454011082
window_lstm_raw_daily_s0,01134500,0.7593502674837538
window_lstm_raw_daily_s0,01137500,0.704583462132797
window_lstm_raw_daily_s0,01139000,0.8031776893193712
window_lstm_raw_daily_s0,01139800,0.6777772559108131
window_lstm_raw_daily_s0,01142500,0.7282549951270882
window_lstm_raw_daily_s0,01144000,0.7944906488555221
window_lstm_raw_daily_s0,01162500,0.786035643080037
window_lstm_raw_daily_s0,01169000,0.6540614872594585
window_lstm_raw_daily_s0,01170100,0.6732986454387715
window_lstm_raw_daily_s0,01181000,0.683052487720762
window_lstm_raw_daily_s0,01187300,0.70259525243796
window_lstm_raw_daily_s0,01195100,0.6573512586044412
window_lstm_raw_daily_s0,04296000,0.7955698298982001
window_lstm_raw_daily_s0,01333000,0.6454069775151421
window_lstm_raw_daily_s0,01350000,0.6530319970723604
window_lstm_raw_daily_s0,01350080,0.41239257200497603
window_lstm_raw_daily_s0,01350140,0.5844937922833369
window_lstm_raw_daily_s0,01365000,0.6305448431336362
window_lstm_raw_daily_s0,01411300,0.7730194053517945
window_lstm_raw_daily_s0,01413500,0.6464940126243053
window_lstm_raw_daily_s0,01414500,0.47593987570180574
window_lstm_raw_daily_s0,01415000,0.6037040233426264
window_lstm_raw_daily_s0,01423000,0.7945705864073876
window_lstm_raw_daily_s0,01434025,0.5192941387815009
window_lstm_raw_daily_s0,01435000,0.6268609515503899
window_lstm_raw_daily_s0,01439500,0.7421112985990768
window_lstm_raw_daily_s0,01440000,0.7752581938571419
window_lstm_raw_daily_s0,01440400,0.6472356742317766
window_lstm_raw_daily_s0,01451800,0.7860057460939146
window_lstm_raw_daily_s0,01466500,0.3849031354373924
window_lstm_raw_daily_s0,01484100,0.6444594441680411
window_lstm_raw_daily_s0,01487000,0.7813262843234482
window_lstm_raw_daily_s0,01491000,0.6903453895008609
window_lstm_raw_daily_s0,01510000,0.7484993424455895
window_lstm_raw_daily_s0,01516500,0.26839887804577267
window_lstm_raw_daily_s0,01518862,0.5647729669563926
window_lstm_raw_daily_s0,01532000,0.5320136581899009
window_lstm_raw_daily_s0,01539000,0.7536991190000727
window_lstm_raw_daily_s0,01542810,0.6274589407747457
window_lstm_raw_daily_s0,01543000,0.7288444151784612
window_lstm_raw_daily_s0,01543500,0.7958515958571364
window_lstm_raw_daily_s0,01544500,0.6653113348350563
window_lstm_raw_daily_s0,01545600,0.6512174170140812
window_lstm_raw_daily_s0,01547700,0.7165945473676157
window_lstm_raw_daily_s0,01548500,0.6694328863608194
window_lstm_raw_daily_s0,01549500,0.5483807697604983
window_lstm_raw_daily_s0,01550000,0.6542197241097751
window_lstm_raw_daily_s0,01552000,0.747923007144611
window_lstm_raw_daily_s0,01552500,0.5947707836248421
window_lstm_raw_daily_s0,01557500,0.7401483620751004
window_lstm_raw_daily_s0,01567500,0.4402306360759659
window_lstm_raw_daily_s0,01568000,0.7106551524987812
window_lstm_raw_daily_s0,01580000,0.6917461146213835
window_lstm_raw_daily_s0,01583500,0.6640061350945927
window_lstm_raw_daily_s0,01586610,0.6429566819116312
window_lstm_raw_daily_s0,01591400,0.6391928222118346
window_lstm_raw_daily_s0,01594950,0.36676963970870247
window_lstm_raw_daily_s0,01596500,0.6482444590454095
window_lstm_raw_daily_s0,01605500,0.7016930064609996
window_lstm_raw_daily_s0,01606500,0.7497100420968293
window_lstm_raw_daily_s0,01632000,0.4473412900344542
window_lstm_raw_daily_s0,01632900,0.34836231158337627
window_lstm_raw_daily_s0,01634500,0.29901216705503064
window_lstm_raw_daily_s0,01638480,0.5221867953035068
window_lstm_raw_daily_s0,01639500,0.6724627349848147
window_lstm_raw_daily_s0,01644000,0.7298366972231749
window_lstm_raw_daily_s0,01664000,0.6451283902134737
window_lstm_raw_daily_s0,01666500,0.14690269114979904
window_lstm_raw_daily_s0,01667500,0.7015051158148013
window_lstm_raw_daily_s0,01669000,0.7875981178469647
window_lstm_raw_daily_s0,01669520,0.6385580145220471
window_lstm_raw_daily_s0,02011400,0.6939835128952443
window_lstm_raw_daily_s0,02013000,0.6889353614387598
window_lstm_raw_daily_s0,02014000,0.7154279794763023
window_lstm_raw_daily_s0,02015700,0.6155007146822378
window_lstm_raw_daily_s0,02016000,0.7952597886476381
window_lstm_raw_daily_s0,02017500,0.7140373773067923
window_lstm_raw_daily_s0,02018000,0.8017849295137032
window_lstm_raw_daily_s0,02027000,0.5710393677469268
window_lstm_raw_daily_s0,02027500,0.354541265614179
window_lstm_raw_daily_s0,02028500,0.5512322106406683
window_lstm_raw_daily_s0,02038850,0.435343506324386
window_lstm_raw_daily_s0,02046000,0.7225082395536457
window_lstm_raw_daily_s0,02051500,0.7371915511319314
window_lstm_raw_daily_s0,02053200,0.7554085437717555
window_lstm_raw_daily_s0,02053800,0.556969559372119
window_lstm_raw_daily_s0,02055100,0.5464283746565859
window_lstm_raw_daily_s0,02056900,0.7101212208264778
window_lstm_raw_daily_s0,02059500,0.41119007143580644
window_lstm_raw_daily_s0,02064000,0.3807347480158709
window_lstm_raw_daily_s0,02065500,0.7188864292888513
window_lstm_raw_daily_s0,02069700,0.527846870497142
window_lstm_raw_daily_s0,02070000,0.6168919383878108
window_lstm_raw_daily_s0,02074500,0.6651712428029174
window_lstm_raw_daily_s0,02077200,0.6860186294339121
window_lstm_raw_daily_s0,02081500,0.6938097799742188
window_lstm_raw_daily_s0,02082950,0.6649684586798015
window_lstm_raw_daily_s0,02092500,0.7490988994037191
window_lstm_raw_daily_s0,02096846,0.33915447920106545
window_lstm_raw_daily_s0,02102908,0.5365131932154559
window_lstm_raw_daily_s0,02108000,0.7778360400786014
window_lstm_raw_daily_s0,02111180,0.6242099592719805
window_lstm_raw_daily_s0,02111500,0.6518612186818232
window_lstm_raw_daily_s0,02112120,0.6730989328125652
window_lstm_raw_daily_s0,02112360,0.6391202852534013
window_lstm_raw_daily_s0,02118500,0.6347016869201849
window_lstm_raw_daily_s0,02125000,0.6154706445076767
window_lstm_raw_daily_s0,02128000,0.5274848135156498
window_lstm_raw_daily_s0,02137727,0.7686759540948266
window_lstm_raw_daily_s0,02140991,0.7564177654372026
window_lstm_raw_daily_s0,02143000,0.7066666739005911
window_lstm_raw_daily_s0,02143040,0.7459138133954797
window_lstm_raw_daily_s0,02149000,0.5818501901188459
window_lstm_raw_daily_s0,02152100,0.732325370904273
window_lstm_raw_daily_s0,02177000,0.8328282000776865
window_lstm_raw_daily_s0,02178400,0.7458958119027235
window_lstm_raw_daily_s0,02193340,0.45778540732289597
window_lstm_raw_daily_s0,02196000,0.6307594244782364
window_lstm_raw_daily_s0,02198100,0.4458728474187805
window_lstm_raw_daily_s0,02202600,0.6650920610199572
window_lstm_raw_daily_s0,02212600,0.6820426574563051
window_lstm_raw_daily_s0,02215100,0.7029543230560809
window_lstm_raw_daily_s0,02216180,0.6318259731156779
window_lstm_raw_daily_s0,02221525,0.7719830547371334
window_lstm_raw_daily_s0,02231000,0.8213261864354894
window_lstm_raw_daily_s0,02245500,0.568985037379348
window_lstm_raw_daily_s0,02246000,0.7210201965479439
window_lstm_raw_daily_s0,02296500,0.7164181420104336
window_lstm_raw_daily_s0,02297155,0.003278002132278468
window_lstm_raw_daily_s0,02297310,0.5987229086039709
window_lstm_raw_daily_s0,02298123,0.44608326280642285
window_lstm_raw_daily_s0,02298608,0.6177415943761211
window_lstm_raw_daily_s0,02299950,0.6470099501879811
window_lstm_raw_daily_s0,02300700,0.571186138358833
window_lstm_raw_daily_s0,02342933,0.6679197452127841
window_lstm_raw_daily_s0,02349900,0.6255422566552052
window_lstm_raw_daily_s0,02350900,0.6854233990676808
window_lstm_raw_daily_s0,02361000,0.813492488409032
window_lstm_raw_daily_s0,02363000,0.7847113004395783
window_lstm_raw_daily_s0,02369800,0.7831438926673737
window_lstm_raw_daily_s0,02371500,0.7755033651969989
window_lstm_raw_daily_s0,02372250,0.8107508870825733
window_lstm_raw_daily_s0,02374500,0.47826162943564465
window_lstm_raw_daily_s0,02381600,0.49780587509729046
window_lstm_raw_daily_s0,02384540,0.43985529234331644
window_lstm_raw_daily_s0,02395120,0.6285566908016988
window_lstm_raw_daily_s0,02415000,0.6594240422834857
window_lstm_raw_daily_s0,02427250,0.6711474798849244
window_lstm_raw_daily_s0,02430085,0.2721356438505934
window_lstm_raw_daily_s0,02450250,0.7724914569997466
window_lstm_raw_daily_s0,02464000,0.7707722531767879
window_lstm_raw_daily_s0,02464360,0.5230468394631794
window_lstm_raw_daily_s0,02465493,0.6317701043641706
window_lstm_raw_daily_s0,02469800,0.7083495512965121
window_lstm_raw_daily_s0,02472000,0.7981161989258321
window_lstm_raw_daily_s0,02472500,0.7717144346889844
window_lstm_raw_daily_s0,02479155,0.6220723172063038
window_lstm_raw_daily_s0,02479300,0.6575661144418758
window_lstm_raw_daily_s0,02479560,0.7603702856242688
window_lstm_raw_daily_s0,02481000,0.6750999204399324
window_lstm_raw_daily_s0,02481510,0.7878737326644285
window_lstm_raw_daily_s0,04015330,0.6332848436742398
window_lstm_raw_daily_s0,04024430,0.6957603780392734
window_lstm_raw_daily_s0,04027000,0.8358106698188803
window_lstm_raw_daily_s0,04040500,0.8321303924304888
window_lstm_raw_daily_s0,04043050,0.782600341702934
window_lstm_raw_daily_s0,04045500,0.8312935112479334
window_lstm_raw_daily_s0,04057510,0.7295411368798244
window_lstm_raw_daily_s0,04057800,0.7449737098077833
window_lstm_raw_daily_s0,04059500,0.8217812824070981
window_lstm_raw_daily_s0,04063700,0.7377725371946479
window_lstm_raw_daily_s0,04074950,0.8013831211397469
window_lstm_raw_daily_s0,04105700,0.5834292796688905
window_lstm_raw_daily_s0,04115265,-1.3211035835790166
window_lstm_raw_daily_s0,04122200,0.5450633893462908
window_lstm_raw_daily_s0,04122500,0.6705552041335257
window_lstm_raw_daily_s0,04127918,0.516109489725123
window_lstm_raw_daily_s0,04127997,0.39048480581940126
window_lstm_raw_daily_s0,04161580,0.4428145101565292
window_lstm_raw_daily_s0,04185000,0.7928845673669496
window_lstm_raw_daily_s0,04196800,0.780786416360874
window_lstm_raw_daily_s0,04197100,0.7331067528480849
window_lstm_raw_daily_s0,04197170,0.6796756113793684
window_lstm_raw_daily_s0,04213000,0.6611693403095906
window_lstm_raw_daily_s0,04213075,0.1971570399872592
window_lstm_raw_daily_s0,04216418,0.6393905673220082
window_lstm_raw_daily_s0,04221000,0.7405339671499607
window_lstm_raw_daily_s0,04224775,0.6011728201944526
window_lstm_raw_daily_s0,04233000,0.5903751447585468
window_lstm_raw_daily_s0,04256000,0.7438007944859443
window_lstm_raw_daily_s0,03010655,0.73307009714125
window_lstm_raw_daily_s0,03011800,0.6981289481460098
window_lstm_raw_daily_s0,03015500,0.7333627192981795
window_lstm_raw_daily_s0,03021350,0.6359014957020067
window_lstm_raw_daily_s0,03026500,0.5968177696888507
window_lstm_raw_daily_s0,03028000,0.7339402518906656
window_lstm_raw_daily_s0,03049000,0.5936161660116935
window_lstm_raw_daily_s0,03049800,0.19994471792142787
window_lstm_raw_daily_s0,03050000,0.3298742321623438
window_lstm_raw_daily_s0,03069500,0.8432222228062617
window_lstm_raw_daily_s0,03070500,0.7788774070402846
window_lstm_raw_daily_s0,03076600,0.6321283865452982
window_lstm_raw_daily_s0,03078000,0.7054133933729763
window_lstm_raw_daily_s0,03140000,0.5833686364347328
window_lstm_raw_daily_s0,03144000,0.7930384275761804
window_lstm_raw_daily_s0,03170000,0.7505253370081681
window_lstm_raw_daily_s0,03173000,0.7752900143290768
window_lstm_raw_daily_s0,03180500,0.7656724974724152
window_lstm_raw_daily_s0,03182500,0.8362416821490972
window_lstm_raw_daily_s0,03186500,0.6862087277129032
window_lstm_raw_daily_s0,03237280,0.18943244722665198
window_lstm_raw_daily_s0,03237500,0.7592242040340818
window_lstm_raw_daily_s0,03238500,0.6808682934826755
window_lstm_raw_daily_s0,03241500,0.7902197073837209
window_lstm_raw_daily_s0,03280700,0.6129675846418805
window_lstm_raw_daily_s0,03281500,0.8487604440121832
window_lstm_raw_daily_s0,03285000,0.7509747603256021
window_lstm_raw_daily_s0,03291780,0.5391556611600075
window_lstm_raw_daily_s0,03338780,0.5428364476311738
window_lstm_raw_daily_s0,03340800,0.4677595795110985
window_lstm_raw_daily_s0,03346000,0.8269892361839113
window_lstm_raw_daily_s0,03364500,0.6853800206012362
window_lstm_raw_daily_s0,03366500,0.7477822889075318
window_lstm_raw_daily_s0,03368000,0.49818129055627003
window_lstm_raw_daily_s0,03384450,0.5805014282993316
window_lstm_raw_daily_s0,03439000,0.7602767038496057
window_lstm_raw_daily_s0,03455500,0.5544137181874718
window_lstm_raw_daily_s0,03456500,0.7458864827388623
window_lstm_raw_daily_s0,03460000,0.7084937620467523
window_lstm_raw_daily_s0,03463300,0.7220678099242835
window_lstm_raw_daily_s0,03471500,0.5815700720597112
window_lstm_raw_daily_s0,03473000,0.6778087584588453
window_lstm_raw_daily_s0,03479000,0.7680858401658093
window_lstm_raw_daily_s0,03488000,0.7332246368685531
window_lstm_raw_daily_s0,03498500,0.7437955852560263
window_lstm_raw_daily_s0,03500000,0.808709668805053
window_lstm_raw_daily_s0,03500240,0.7546562005577677
window_lstm_raw_daily_s0,03504000,0.7676089449264392
window_lstm_raw_daily_s0,03574500,0.8198543928457038
window_lstm_raw_daily_s0,03592718,0.6231951368459856
window_lstm_raw_daily_s0,03604000,0.739171449696068
window_lstm_raw_daily_s0,05291000,0.590060514829126
window_lstm_raw_daily_s0,05362000,0.8495198739265654
window_lstm_raw_daily_s0,05393500,0.7959527900059571
window_lstm_raw_daily_s0,05399500,0.6326266894959354
window_lstm_raw_daily_s0,05408000,0.6728714050307326
window_lstm_raw_daily_s0,05413500,0.6744877602203443
window_lstm_raw_daily_s0,05414000,0.506778261240358
window_lstm_raw_daily_s0,05444000,0.4224529012780448
window_lstm_raw_daily_s0,05454000,0.4833774898469525
window_lstm_raw_daily_s0,05458000,0.7847378619755231
window_lstm_raw_daily_s0,05466500,0.59389530872961
window_lstm_raw_daily_s0,05487980,0.614428047610708
window_lstm_raw_daily_s0,05488200,0.5227253124719016
window_lstm_raw_daily_s0,05489000,0.527285538460907
window_lstm_raw_daily_s0,05495000,0.7079167889126976
window_lstm_raw_daily_s0,05495500,0.773115852449573
window_lstm_raw_daily_s0,05501000,0.764209417280857
window_lstm_raw_daily_s0,05503800,0.6632905107683276
window_lstm_raw_daily_s0,05507600,0.6725361275699263
window_lstm_raw_daily_s0,05508805,0.695599811257691
window_lstm_raw_daily_s0,05525500,0.7992959788455493
window_lstm_raw_daily_s0,05556500,0.691009962887625
window_lstm_raw_daily_s0,05584500,0.7599465908148793
window_lstm_raw_daily_s0,05591550,0.6582974041444749
window_lstm_raw_daily_s0,05592050,0.6675109093271008
window_lstm_raw_daily_s0,05592575,0.32676059170650673
window_lstm_raw_daily_s0,05593575,0.7858841177210745
window_lstm_raw_daily_s0,05593900,0.7036601052436613
window_lstm_raw_daily_s0,05595730,0.8076994174868412
window_lstm_raw_daily_s0,07291000,0.5417997081703148
window_lstm_raw_daily_s0,07359610,0.4189918660109664
window_lstm_raw_daily_s0,07362100,0.7167366761142621
window_lstm_raw_daily_s0,07362587,0.3543102384987755
window_lstm_raw_daily_s0,07375000,0.43657182271286343
window_lstm_raw_daily_s0,08013000,0.5212966835196753
window_lstm_raw_daily_s0,08014500,0.638550492291466
window_lstm_raw_daily_s0,05057200,0.34843393191739214
window_lstm_raw_daily_s0,05120500,0.6099069052047361
window_lstm_raw_daily_s0,06221400,0.43412398290512333
window_lstm_raw_daily_s0,06224000,0.8449109208648681
window_lstm_raw_daily_s0,06278300,0.6603035028361381
window_lstm_raw_daily_s0,06280300,0.8424346030047596
window_lstm_raw_daily_s0,06289000,0.7800699056160624
window_lstm_raw_daily_s0,06291500,0.6643676194381005
window_lstm_raw_daily_s0,06311000,0.6674090397704893
window_lstm_raw_daily_s0,06332515,0.08154043150548307
window_lstm_raw_daily_s0,06339100,0.27604332947411636
window_lstm_raw_daily_s0,06344600,0.012227590295474489
window_lstm_raw_daily_s0,06350000,0.4981774295203131
window_lstm_raw_daily_s0,06352000,0.559762067154747
window_lstm_raw_daily_s0,06404000,0.6890733849188039
window_lstm_raw_daily_s0,06406000,-0.06909856869700515
window_lstm_raw_daily_s0,06409000,0.0979837951691207
window_lstm_raw_daily_s0,06431500,0.0759146657540467
window_lstm_raw_daily_s0,06440200,0.17259890637216257
window_lstm_raw_daily_s0,06447500,0.3755120033726709
window_lstm_raw_daily_s0,06470800,0.38897300673770163
window_lstm_raw_daily_s0,06477500,0.4114730012903701
window_lstm_raw_daily_s0,06479215,0.32709222503964874
window_lstm_raw_daily_s0,06601000,0.4051493403038995
window_lstm_raw_daily_s0,06614800,0.8588565218424836
window_lstm_raw_daily_s0,06622700,0.8840424526365016
window_lstm_raw_daily_s0,06623800,0.9013931621055098
window_lstm_raw_daily_s0,06632400,0.8600779168585477
window_lstm_raw_daily_s0,06746095,0.7833685283012815
window_lstm_raw_daily_s0,06803510,0.3372004128506054
window_lstm_raw_daily_s0,06803530,0.37791467403056334
window_lstm_raw_daily_s0,06814000,0.6171987598534203
window_lstm_raw_daily_s0,06847900,0.3317433111625372
window_lstm_raw_daily_s0,06853800,0.34155753760208807
window_lstm_raw_daily_s0,06876700,0.3736335377725025
window_lstm_raw_daily_s0,06878000,0.6076410726541017
window_lstm_raw_daily_s0,06879650,0.07255863980764787
window_lstm_raw_daily_s0,06885500,0.7288066169091441
window_lstm_raw_daily_s0,06888500,0.6577335023602406
window_lstm_raw_daily_s0,06889200,0.5101169785548385
window_lstm_raw_daily_s0,06889500,0.709783381137483
window_lstm_raw_daily_s0,06892000,0.7609110259638042
window_lstm_raw_daily_s0,06903400,0.6107635094327053
window_lstm_raw_daily_s0,06906800,0.5360810045103048
window_lstm_raw_daily_s0,06910800,0.6812207690321445
window_lstm_raw_daily_s0,06911900,0.7296370493647069
window_lstm_raw_daily_s0,06917000,0.7452470713571229
window_lstm_raw_daily_s0,06918460,0.5316317739509544
window_lstm_raw_daily_s0,06919500,0.7448089610007098
window_lstm_raw_daily_s0,06921070,0.5811788176701508
window_lstm_raw_daily_s0,06921200,0.4685952827759797
window_lstm_raw_daily_s0,07057500,0.7092185769090216
window_lstm_raw_daily_s0,07060710,0.5633136942501074
window_lstm_raw_daily_s0,07066000,0.5222218304053006
window_lstm_raw_daily_s0,07083000,0.8847649206610061
window_lstm_raw_daily_s0,07142300,-0.40092373090831446
window_lstm_raw_daily_s0,07145700,0.5206281256509538
window_lstm_raw_daily_s0,07167500,0.6347042686395135
window_lstm_raw_daily_s0,07180500,0.664837653105196
window_lstm_raw_daily_s0,07184000,0.6403347932200034
window_lstm_raw_daily_s0,07195800,0.4471120032860483
window_lstm_raw_daily_s0,07196900,0.4474482088636387
window_lstm_raw_daily_s0,07197000,0.6733735393678677
window_lstm_raw_daily_s0,07208500,0.22148986585333075
window_lstm_raw_daily_s0,07261000,0.7754986706880075
window_lstm_raw_daily_s0,07263295,0.309744215100869
window_lstm_raw_daily_s0,07299670,0.2990796109295105
window_lstm_raw_daily_s0,07301410,0.15873825623832516
window_lstm_raw_daily_s0,07315200,0.38452193414857083
window_lstm_raw_daily_s0,07315700,0.14866836981368436
window_lstm_raw_daily_s0,07335700,0.37527440055636907
window_lstm_raw_daily_s0,07340300,0.5472388862418582
window_lstm_raw_daily_s0,07346045,0.7682554744560556
window_lstm_raw_daily_s0,08023080,0.6681983050836233
window_lstm_raw_daily_s0,08050800,0.41334998545414614
window_lstm_raw_daily_s0,08066200,0.4149668124121595
window_lstm_raw_daily_s0,08066300,0.3413461415231026
window_lstm_raw_daily_s0,08070000,0.571406167023216
window_lstm_raw_daily_s0,08070200,0.7169279120510664
window_lstm_raw_daily_s0,08082700,0.5056838651666485
window_lstm_raw_daily_s0,08086212,0.6813502597294767
window_lstm_raw_daily_s0,08086290,0.6173992461614192
window_lstm_raw_daily_s0,08101000,0.6651181655379546
window_lstm_raw_daily_s0,08103900,0.44670188543069933
window_lstm_raw_daily_s0,08104900,0.4649397526112373
window_lstm_raw_daily_s0,08109700,0.4214416235386127
window_lstm_raw_daily_s0,08150800,-0.7145938317442502
window_lstm_raw_daily_s0,08158700,-0.9181176901990946
window_lstm_raw_daily_s0,08158810,0.03620171191938415
window_lstm_raw_daily_s0,08164300,0.6947920469425803
window_lstm_raw_daily_s0,08164600,0.635924927902457
window_lstm_raw_daily_s0,08165300,-2.670107099607532
window_lstm_raw_daily_s0,08171300,0.38400343053741437
window_lstm_raw_daily_s0,08175000,0.4919476874477585
window_lstm_raw_daily_s0,08176900,0.3754552061268851
window_lstm_raw_daily_s0,08178880,0.6029599214365621
window_lstm_raw_daily_s0,08189500,0.6100316242134021
window_lstm_raw_daily_s0,08190000,0.5972213228906287
window_lstm_raw_daily_s0,08190500,0.3152294679270202
window_lstm_raw_daily_s0,08194200,0.10215528358795933
window_lstm_raw_daily_s0,08195000,0.4766564257984035
window_lstm_raw_daily_s0,08196000,-0.2703927043887808
window_lstm_raw_daily_s0,08198500,0.375196975155477
window_lstm_raw_daily_s0,08200000,0.5677812227337237
window_lstm_raw_daily_s0,08202700,0.18976836391278018
window_lstm_raw_daily_s0,08267500,0.6781571438934587
window_lstm_raw_daily_s0,08269000,0.551131660430336
window_lstm_raw_daily_s0,08271000,0.7125126342456123
window_lstm_raw_daily_s0,08324000,0.6320150876095292
window_lstm_raw_daily_s0,08377900,0.6731268397439347
window_lstm_raw_daily_s0,08378500,0.6179927246820736
window_lstm_raw_daily_s0,08380500,0.48133393715719375
window_lstm_raw_daily_s0,09035800,0.7989336345079583
window_lstm_raw_daily_s0,09035900,0.9131789828918688
window_lstm_raw_daily_s0,09047700,0.8073399298105609
window_lstm_raw_daily_s0,09065500,0.9164586199981342
window_lstm_raw_daily_s0,09066000,0.9055718549109221
window_lstm_raw_daily_s0,09066200,0.9072327206108893
window_lstm_raw_daily_s0,09066300,0.8831230735528891
window_lstm_raw_daily_s0,09081600,0.9109636012733935
window_lstm_raw_daily_s0,09107000,0.5163380262581792
window_lstm_raw_daily_s0,09210500,0.8826011928294257
window_lstm_raw_daily_s0,09223000,0.8829900215845228
window_lstm_raw_daily_s0,09306242,0.13313217073166272
window_lstm_raw_daily_s0,09312600,0.6563184316955268
window_lstm_raw_daily_s0,09352900,0.8239303753588597
window_lstm_raw_daily_s0,09378170,0.4923088879065065
window_lstm_raw_daily_s0,09386900,0.342677723821463
window_lstm_raw_daily_s0,09404450,0.5431906662771355
window_lstm_raw_daily_s0,09430600,0.26779912115286153
window_lstm_raw_daily_s0,09447800,-6.308023324016721
window_lstm_raw_daily_s0,09484600,0.02120898289956985
window_lstm_raw_daily_s0,09492400,0.5561269714261357
window_lstm_raw_daily_s0,09494000,0.5118061704107278
window_lstm_raw_daily_s0,09497980,0.40339348053442525
window_lstm_raw_daily_s0,09505350,0.060569279750969485
window_lstm_raw_daily_s0,09505800,-0.03950230192179749
window_lstm_raw_daily_s0,09508300,0.6068410249186487
window_lstm_raw_daily_s0,09510200,0.7309309655127303
window_lstm_raw_daily_s0,09512280,0.4246439944563778
window_lstm_raw_daily_s0,09513780,0.3952084500919659
window_lstm_raw_daily_s0,10234500,0.7827676918326678
window_lstm_raw_daily_s0,10244950,0.6521935026554821
window_lstm_raw_daily_s0,10336645,0.8614094729474342
window_lstm_raw_daily_s0,10336660,0.8315490055221941
window_lstm_raw_daily_s0,10343500,0.7718168892641859
window_lstm_raw_daily_s0,12010000,0.8737777209368117
window_lstm_raw_daily_s0,12013500,0.873224392774151
window_lstm_raw_daily_s0,12020000,0.5975743279758932
window_lstm_raw_daily_s0,12025700,0.829426578030632
window_lstm_raw_daily_s0,12035000,0.9242942190209942
window_lstm_raw_daily_s0,12040500,0.8513416087616852
window_lstm_raw_daily_s0,12041200,0.7433045042948998
window_lstm_raw_daily_s0,12048000,0.5145428483437388
window_lstm_raw_daily_s0,12054000,0.6803274731434572
window_lstm_raw_daily_s0,12056500,0.6931688351199229
window_lstm_raw_daily_s0,12073500,0.7773644336108774
window_lstm_raw_daily_s0,12082500,0.7646376189495144
window_lstm_raw_daily_s0,12092000,0.7278857596231795
window_lstm_raw_daily_s0,12114500,0.7391622771721381
window_lstm_raw_daily_s0,12115000,0.7314158430544204
window_lstm_raw_daily_s0,12117000,0.8536078804682244
window_lstm_raw_daily_s0,12143600,0.7687423565948421
window_lstm_raw_daily_s0,12144000,0.6913093960614067
window_lstm_raw_daily_s0,12145500,0.8836572682453947
window_lstm_raw_daily_s0,12147500,0.49143782800361946
window_lstm_raw_daily_s0,12167000,0.7089323505734544
window_lstm_raw_daily_s0,12175500,0.726112004488108
window_lstm_raw_daily_s0,12178100,0.6947441871891618
window_lstm_raw_daily_s0,12186000,0.6892294591754755
window_lstm_raw_daily_s0,12189500,0.7624482110824197
window_lstm_raw_daily_s0,12375900,0.8196142466230126
window_lstm_raw_daily_s0,12377150,0.8878435717475106
window_lstm_raw_daily_s0,12381400,0.74743917546977
window_lstm_raw_daily_s0,12383500,0.6374358196389448
window_lstm_raw_daily_s0,12390700,0.8344902664938858
window_lstm_raw_daily_s0,12411000,0.7175187743187372
window_lstm_raw_daily_s0,12447390,0.7080125932412347
window_lstm_raw_daily_s0,12451000,0.8712732325001302
window_lstm_raw_daily_s0,12488500,0.6811354195376833
window_lstm_raw_daily_s0,13011500,0.8766108498661427
window_lstm_raw_daily_s0,13011900,0.8534936681594495
window_lstm_raw_daily_s0,13018300,0.8709762597353746
window_lstm_raw_daily_s0,13023000,0.9260473674817808
window_lstm_raw_daily_s0,13161500,0.8218525164144252
window_lstm_raw_daily_s0,13235000,0.9009737040801066
window_lstm_raw_daily_s0,13240000,0.8580242973148532
window_lstm_raw_daily_s0,13313000,0.8901802125654837
window_lstm_raw_daily_s0,13331500,0.8903009966041237
window_lstm_raw_daily_s0,14020000,0.7685635810166135
window_lstm_raw_daily_s0,14096850,0.1046786057037199
window_lstm_raw_daily_s0,14137000,0.6943553041189952
window_lstm_raw_daily_s0,14138800,0.7820406329931785
window_lstm_raw_daily_s0,14138870,0.7321245547967951
window_lstm_raw_daily_s0,14138900,0.8120840428023511
window_lstm_raw_daily_s0,14139800,0.8336221723481438
window_lstm_raw_daily_s0,14141500,0.8261614678911435
window_lstm_raw_daily_s0,14154500,0.8494733943596443
window_lstm_raw_daily_s0,14158790,0.7790224622136658
window_lstm_raw_daily_s0,14166500,0.8173900931762699
window_lstm_raw_daily_s0,14182500,0.799892061245419
window_lstm_raw_daily_s0,14185000,0.8612463393684122
window_lstm_raw_daily_s0,14185900,0.8179155390866182
window_lstm_raw_daily_s0,14187000,0.6621071516276811
window_lstm_raw_daily_s0,14216500,0.7432671030812317
window_lstm_raw_daily_s0,14222500,0.8313187456582223
window_lstm_raw_daily_s0,14236200,0.8227161982715803
window_lstm_raw_daily_s0,14301000,0.9116248722240305
window_lstm_raw_daily_s0,14303200,0.7181694821174078
window_lstm_raw_daily_s0,14305500,0.8698115181579119
window_lstm_raw_daily_s0,14306340,0.6569423473544094
window_lstm_raw_daily_s0,14306500,0.8243268463177271
window_lstm_raw_daily_s0,14308990,0.10604830027218737
window_lstm_raw_daily_s0,14309500,0.7013076463341401
window_lstm_raw_daily_s0,14316700,0.856369573539752
window_lstm_raw_daily_s0,14325000,0.7910751866102634
window_lstm_raw_daily_s0,14362250,0.4757966712901591
window_lstm_raw_daily_s0,14400000,0.8512678498500148
window_lstm_raw_daily_s0,10259000,0.5551063492118606
window_lstm_raw_daily_s0,11124500,0.44282200335325084
window_lstm_raw_daily_s0,11141280,0.6663078025366391
window_lstm_raw_daily_s0,11143000,0.7828838392053122
window_lstm_raw_daily_s0,11148900,0.7400675009630422
window_lstm_raw_daily_s0,11151300,0.6703000774207916
window_lstm_raw_daily_s0,11176400,-0.11223787683552611
window_lstm_raw_daily_s0,11230500,0.6574363036152576
window_lstm_raw_daily_s0,11237500,0.6798922945348911
window_lstm_raw_daily_s0,11264500,0.8182410647932015
window_lstm_raw_daily_s0,11266500,0.8423274659006358
window_lstm_raw_daily_s0,11284400,0.7508743984642362
window_lstm_raw_daily_s0,11381500,0.8202676053097593
window_lstm_raw_daily_s0,11451100,0.5353245619342875
window_lstm_raw_daily_s0,11468500,0.8271914029725851
window_lstm_raw_daily_s0,11473900,0.7201380804594122
window_lstm_raw_daily_s0,11475560,0.7177391730186263
window_lstm_raw_daily_s0,11476600,0.7357224637974509
window_lstm_raw_daily_s0,11478500,0.795607951610353
window_lstm_raw_daily_s0,11480390,0.7398433071062004
window_lstm_raw_daily_s0,11481200,0.7973824801730808
window_lstm_raw_daily_s0,11482500,0.8441008188114903
window_lstm_raw_daily_s0,11522500,0.7363211814611536
window_lstm_raw_daily_s0,11523200,0.7386221446711443
window_lstm_raw_daily_s0,11528700,0.7918548833744299
window_lstm_raw_daily_s0,11532500,0.898128745123474
window_tcn_raw_fixed_s0,01022500,0.7912691391617126
window_tcn_raw_fixed_s0,01031500,0.8121766099980133
window_tcn_raw_fixed_s0,01047000,0.7665894817194137
window_tcn_raw_fixed_s0,01052500,0.7579538839858135
window_tcn_raw_fixed_s0,01054200,0.6374669580138509
window_tcn_raw_fixed_s0,01055000,0.6498996056679686
window_tcn_raw_fixed_s0,01057000,0.776104719065622
window_tcn_raw_fixed_s0,01073000,0.8587042915174585
window_tcn_raw_fixed_s0,01078000,0.7769193748674128
window_tcn_raw_fixed_s0,01123000,0.8019599847597534
window_tcn_raw_fixed_s0,01134500,0.7654121193751164
window_tcn_raw_fixed_s0,01137500,0.6794052111581044
window_tcn_raw_fixed_s0,01139000,0.7328310751608316
window_tcn_raw_fixed_s0,01139800,0.7119416978989694
window_tcn_raw_fixed_s0,01142500,0.7140851634160823
window_tcn_raw_fixed_s0,01144000,0.79737714596338
window_tcn_raw_fixed_s0,01162500,0.7507928280364367
window_tcn_raw_fixed_s0,01169000,0.6251035982462081
window_tcn_raw_fixed_s0,01170100,0.6101611471136208
window_tcn_raw_fixed_s0,01181000,0.6874381698617197
window_tcn_raw_fixed_s0,01187300,0.6604501745161586
window_tcn_raw_fixed_s0,01195100,0.7299590706234502
window_tcn_raw_fixed_s0,04296000,0.7267881793706978
window_tcn_raw_fixed_s0,01333000,0.5914485992416016
window_tcn_raw_fixed_s0,01350000,0.6654236973583123
window_tcn_raw_fixed_s0,01350080,0.49329245228292107
window_tcn_raw_fixed_s0,01350140,0.6046411281991724
window_tcn_raw_fixed_s0,01365000,0.6179675880168454
window_tcn_raw_fixed_s0,01411300,0.6434380506150422
window_tcn_raw_fixed_s0,01413500,0.7335499132516189
window_tcn_raw_fixed_s0,01414500,0.6017869453700556
window_tcn_raw_fixed_s0,01415000,0.6967338260497625
window_tcn_raw_fixed_s0,01423000,0.7880509690431314
window_tcn_raw_fixed_s0,01434025,0.5464854164326113
window_tcn_raw_fixed_s0,01435000,0.6311428160621807
window_tcn_raw_fixed_s0,01439500,0.7791938080113836
window_tcn_raw_fixed_s0,01440000,0.7523268570976991
window_tcn_raw_fixed_s0,01440400,0.7236374159832111
window_tcn_raw_fixed_s0,01451800,0.7490214543674596
window_tcn_raw_fixed_s0,01466500,0.5693952949687107
window_tcn_raw_fixed_s0,01484100,0.5002233295103362
window_tcn_raw_fixed_s0,01487000,0.5338169049011152
window_tcn_raw_fixed_s0,01491000,0.5920464843325721
window_tcn_raw_fixed_s0,01510000,0.7571858908028763
window_tcn_raw_fixed_s0,01516500,0.43303549020444776
window_tcn_raw_fixed_s0,01518862,0.5111571331261981
window_tcn_raw_fixed_s0,01532000,0.5389962672446017
window_tcn_raw_fixed_s0,01539000,0.8066971404975214
window_tcn_raw_fixed_s0,01542810,0.6783681259357373
window_tcn_raw_fixed_s0,01543000,0.8053498692960186
window_tcn_raw_fixed_s0,01543500,0.8207443891925585
window_tcn_raw_fixed_s0,01544500,0.7543995958240932
window_tcn_raw_fixed_s0,01545600,0.7546683417193301
window_tcn_raw_fixed_s0,01547700,0.6563866670053118
window_tcn_raw_fixed_s0,01548500,0.8211009975877906
window_tcn_raw_fixed_s0,01549500,0.7163305702546646
window_tcn_raw_fixed_s0,01550000,0.6857520596043343
window_tcn_raw_fixed_s0,01552000,0.7657847244151492
window_tcn_raw_fixed_s0,01552500,0.6590450293988743
window_tcn_raw_fixed_s0,01557500,0.7404919778344844
window_tcn_raw_fixed_s0,01567500,0.48266114610390454
window_tcn_raw_fixed_s0,01568000,0.7338647144845993
window_tcn_raw_fixed_s0,01580000,0.7409177463440043
window_tcn_raw_fixed_s0,01583500,0.6341688272394289
window_tcn_raw_fixed_s0,01586610,0.5732596082589176
window_tcn_raw_fixed_s0,01591400,0.5780707468582726
window_tcn_raw_fixed_s0,01594950,0.3461023769804884
window_tcn_raw_fixed_s0,01596500,0.7246341086244197
window_tcn_raw_fixed_s0,01605500,0.6593450152348438
window_tcn_raw_fixed_s0,01606500,0.718303000902608
window_tcn_raw_fixed_s0,01632000,0.4841228299448075
window_tcn_raw_fixed_s0,01632900,0.2548975051425503
window_tcn_raw_fixed_s0,01634500,0.5434268826959223
window_tcn_raw_fixed_s0,01638480,0.5566907543108188
window_tcn_raw_fixed_s0,01639500,0.7034256748859525
window_tcn_raw_fixed_s0,01644000,0.6901920430820501
window_tcn_raw_fixed_s0,01664000,0.77643312745094
window_tcn_raw_fixed_s0,01666500,0.6084571412580899
window_tcn_raw_fixed_s0,01667500,0.7571060189030684
window_tcn_raw_fixed_s0,01669000,0.6483768188998584
window_tcn_raw_fixed_s0,01669520,0.49882647422122084
window_tcn_raw_fixed_s0,02011400,0.7532249497813692
window_tcn_raw_fixed_s0,02013000,0.7022332562323961
window_tcn_raw_fixed_s0,02014000,0.7562170670832391
window_tcn_raw_fixed_s0,02015700,0.6492102027280632
window_tcn_raw_fixed_s0,02016000,0.8013922319692909
window_tcn_raw_fixed_s0,02017500,0.7530710005308512
window_tcn_raw_fixed_s0,02018000,0.806866664354124
window_tcn_raw_fixed_s0,02027000,0.5187365528390129
window_tcn_raw_fixed_s0,02027500,0.3899609939417382
window_tcn_raw_fixed_s0,02028500,0.6830649026716119
window_tcn_raw_fixed_s0,02038850,0.2848322767179522
window_tcn_raw_fixed_s0,02046000,0.6998226566811628
window_tcn_raw_fixed_s0,02051500,0.6541746639690302
window_tcn_raw_fixed_s0,02053200,0.75072920720415
window_tcn_raw_fixed_s0,02053800,0.6293686210394654
window_tcn_raw_fixed_s0,02055100,0.5638090537048502
window_tcn_raw_fixed_s0,02056900,0.6368154051998333
window_tcn_raw_fixed_s0,02059500,0.49353748908840633
window_tcn_raw_fixed_s0,02064000,0.5612989690151874
window_tcn_raw_fixed_s0,02065500,0.5996659845399428
window_tcn_raw_fixed_s0,02069700,0.7282065703658106
window_tcn_raw_fixed_s0,02070000,0.5107339268863904
window_tcn_raw_fixed_s0,02074500,0.6496757417286003
window_tcn_raw_fixed_s0,02077200,0.5389630623836184
window_tcn_raw_fixed_s0,02081500,0.7429546938607408
window_tcn_raw_fixed_s0,02082950,0.5304379751197608
window_tcn_raw_fixed_s0,02092500,0.6847297240424435
window_tcn_raw_fixed_s0,02096846,0.23848125621052163
window_tcn_raw_fixed_s0,02102908,0.6083748549387601
window_tcn_raw_fixed_s0,02108000,0.6137934371245363
window_tcn_raw_fixed_s0,02111180,0.6591622492692044
window_tcn_raw_fixed_s0,02111500,0.5769625076141256
window_tcn_raw_fixed_s0,02112120,0.6569779334165158
window_tcn_raw_fixed_s0,02112360,0.6232369225529042
window_tcn_raw_fixed_s0,02118500,0.7458322337552122
window_tcn_raw_fixed_s0,02125000,0.5814248447380004
window_tcn_raw_fixed_s0,02128000,0.5528651747885602
window_tcn_raw_fixed_s0,02137727,0.7900859024161382
window_tcn_raw_fixed_s0,02140991,0.6682888852801216
window_tcn_raw_fixed_s0,02143000,0.6579455301081465
window_tcn_raw_fixed_s0,02143040,0.7134087994516628
window_tcn_raw_fixed_s0,02149000,0.7294899727551697
window_tcn_raw_fixed_s0,02152100,0.6304425381326562
window_tcn_raw_fixed_s0,02177000,0.7433135648671162
window_tcn_raw_fixed_s0,02178400,0.7432866654912171
window_tcn_raw_fixed_s0,02193340,0.3862793965737338
window_tcn_raw_fixed_s0,02196000,0.7476016908848977
window_tcn_raw_fixed_s0,02198100,0.5211746122161574
window_tcn_raw_fixed_s0,02202600,0.7736172265379897
window_tcn_raw_fixed_s0,02212600,0.6696854367807938
window_tcn_raw_fixed_s0,02215100,0.6191360191289119
window_tcn_raw_fixed_s0,02216180,0.7599646189827749
window_tcn_raw_fixed_s0,02221525,0.764990116089453
window_tcn_raw_fixed_s0,02231000,0.8097142176978348
window_tcn_raw_fixed_s0,02245500,0.5946786407294191
window_tcn_raw_fixed_s0,02246000,0.7435950623604486
window_tcn_raw_fixed_s0,02296500,0.7174855301748533
window_tcn_raw_fixed_s0,02297155,0.5278014820471475
window_tcn_raw_fixed_s0,02297310,0.6315052893082613
window_tcn_raw_fixed_s0,02298123,0.6244228662831754
window_tcn_raw_fixed_s0,02298608,0.601003895200243
window_tcn_raw_fixed_s0,02299950,0.6163857752682754
window_tcn_raw_fixed_s0,02300700,0.5048926630445392
window_tcn_raw_fixed_s0,02342933,0.5618863777719691
window_tcn_raw_fixed_s0,02349900,0.6690180296643475
window_tcn_raw_fixed_s0,02350900,0.7396799329236657
window_tcn_raw_fixed_s0,02361000,0.6646430863157897
window_tcn_raw_fixed_s0,02363000,0.5380906663932208
window_tcn_raw_fixed_s0,02369800,0.7857534202167461
window_tcn_raw_fixed_s0,02371500,0.7797517581241736
window_tcn_raw_fixed_s0,02372250,0.7225912472336415
window_tcn_raw_fixed_s0,02374500,0.3605904694989259
window_tcn_raw_fixed_s0,02381600,0.48719809253480395
window_tcn_raw_fixed_s0,02384540,0.5764617534411928
window_tcn_raw_fixed_s0,02395120,0.5450408781625509
window_tcn_raw_fixed_s0,02415000,0.46702086011004196
window_tcn_raw_fixed_s0,02427250,0.3504863782395564
window_tcn_raw_fixed_s0,02430085,0.5154453810362511
window_tcn_raw_fixed_s0,02450250,0.7843099512824212
window_tcn_raw_fixed_s0,02464000,0.8074261897985175
window_tcn_raw_fixed_s0,02464360,0.41836488806539684
window_tcn_raw_fixed_s0,02465493,0.5171890762617395
window_tcn_raw_fixed_s0,02469800,0.7928616001925924
window_tcn_raw_fixed_s0,02472000,0.8569981364110291
window_tcn_raw_fixed_s0,02472500,0.79049996230819
window_tcn_raw_fixed_s0,02479155,0.7889332608645208
window_tcn_raw_fixed_s0,02479300,0.7467604226397128
window_tcn_raw_fixed_s0,02479560,0.8219231832579472
window_tcn_raw_fixed_s0,02481000,0.7738314989838042
window_tcn_raw_fixed_s0,02481510,0.8218120024885522
window_tcn_raw_fixed_s0,04015330,0.7185529656978851
window_tcn_raw_fixed_s0,04024430,0.7877376645914959
window_tcn_raw_fixed_s0,04027000,0.8147286796558691
window_tcn_raw_fixed_s0,04040500,0.8215585384347456
window_tcn_raw_fixed_s0,04043050,0.7728196157083492
window_tcn_raw_fixed_s0,04045500,0.8767815667081276
window_tcn_raw_fixed_s0,04057510,0.7368791626437017
window_tcn_raw_fixed_s0,04057800,0.7655938672587591
window_tcn_raw_fixed_s0,04059500,0.8300119876672032
window_tcn_raw_fixed_s0,04063700,0.7317707564242311
window_tcn_raw_fixed_s0,04074950,0.7685651220879174
window_tcn_raw_fixed_s0,04105700,0.7256941925421201
window_tcn_raw_fixed_s0,04115265,-0.3901822767776675
window_tcn_raw_fixed_s0,04122200,0.7691072854073315
window_tcn_raw_fixed_s0,04122500,0.7813719848047354
window_tcn_raw_fixed_s0,04127918,0.6348091190339769
window_tcn_raw_fixed_s0,04127997,0.6788896158954127
window_tcn_raw_fixed_s0,04161580,0.5909238656165168
window_tcn_raw_fixed_s0,04185000,0.7975679760329388
window_tcn_raw_fixed_s0,04196800,0.7380767384939505
window_tcn_raw_fixed_s0,04197100,0.6698438978538406
window_tcn_raw_fixed_s0,04197170,0.6406445840900872
window_tcn_raw_fixed_s0,04213000,0.6856754423569461
window_tcn_raw_fixed_s0,04213075,0.2371768066906551
window_tcn_raw_fixed_s0,04216418,0.6495884322020022
window_tcn_raw_fixed_s0,04221000,0.7083606620598942
window_tcn_raw_fixed_s0,04224775,0.5816022633244862
window_tcn_raw_fixed_s0,04233000,0.5300653540237594
window_tcn_raw_fixed_s0,04256000,0.7855200789644339
window_tcn_raw_fixed_s0,03010655,0.7404136673598729
window_tcn_raw_fixed_s0,03011800,0.7432096484208326
window_tcn_raw_fixed_s0,03015500,0.7648069794097433
window_tcn_raw_fixed_s0,03021350,0.671985131550487
window_tcn_raw_fixed_s0,03026500,0.6749601768937058
window_tcn_raw_fixed_s0,03028000,0.7161393400762327
window_tcn_raw_fixed_s0,03049000,0.7368613125718804
window_tcn_raw_fixed_s0,03049800,0.3166591431376
window_tcn_raw_fixed_s0,03050000,0.3919136480299307
window_tcn_raw_fixed_s0,03069500,0.8523669761774043
window_tcn_raw_fixed_s0,03070500,0.783821892890134
window_tcn_raw_fixed_s0,03076600,0.6607178607721053
window_tcn_raw_fixed_s0,03078000,0.712478928983536
window_tcn_raw_fixed_s0,03140000,0.6819998807286756
window_tcn_raw_fixed_s0,03144000,0.7363844832771378
window_tcn_raw_fixed_s0,03170000,0.7059159091046672
window_tcn_raw_fixed_s0,03173000,0.7350286249060141
window_tcn_raw_fixed_s0,03180500,0.752392325239781
window_tcn_raw_fixed_s0,03182500,0.8017004348301844
window_tcn_raw_fixed_s0,03186500,0.7219589906739562
window_tcn_raw_fixed_s0,03237280,0.36253318400800905
window_tcn_raw_fixed_s0,03237500,0.6802101438390475
window_tcn_raw_fixed_s0,03238500,0.697434587831057
window_tcn_raw_fixed_s0,03241500,0.7431037585172144
window_tcn_raw_fixed_s0,03280700,0.6742561771780349
window_tcn_raw_fixed_s0,03281500,0.8419373824529617
window_tcn_raw_fixed_s0,03285000,0.7437093687377128
window_tcn_raw_fixed_s0,03291780,0.6062342487379118
window_tcn_raw_fixed_s0,03338780,0.5864882117025723
window_tcn_raw_fixed_s0,03340800,0.5943117720479891
window_tcn_raw_fixed_s0,03346000,0.7933425000270347
window_tcn_raw_fixed_s0,03364500,0.6582208322475045
window_tcn_raw_fixed_s0,03366500,0.8257639946186738
window_tcn_raw_fixed_s0,03368000,0.5789421305327732
window_tcn_raw_fixed_s0,03384450,0.6587954194618363
window_tcn_raw_fixed_s0,03439000,0.7810449532976813
window_tcn_raw_fixed_s0,03455500,0.6146570208925214
window_tcn_raw_fixed_s0,03456500,0.7546861006237231
window_tcn_raw_fixed_s0,03460000,0.7122737777883059
window_tcn_raw_fixed_s0,03463300,0.6733386067889455
window_tcn_raw_fixed_s0,03471500,0.6651833187674825
window_tcn_raw_fixed_s0,03473000,0.7742047082035692
window_tcn_raw_fixed_s0,03479000,0.7448323907477861
window_tcn_raw_fixed_s0,03488000,0.82448785964173
window_tcn_raw_fixed_s0,03498500,0.7973243778214631
window_tcn_raw_fixed_s0,03500000,0.7974129779361296
window_tcn_raw_fixed_s0,03500240,0.7333638587570537
window_tcn_raw_fixed_s0,03504000,0.7195276800782293
window_tcn_raw_fixed_s0,03574500,0.8034751155786947
window_tcn_raw_fixed_s0,03592718,0.5680698288398258
window_tcn_raw_fixed_s0,03604000,0.7221899981951364
window_tcn_raw_fixed_s0,05291000,0.5394917751187174
window_tcn_raw_fixed_s0,05362000,0.7901118221305279
window_tcn_raw_fixed_s0,05393500,0.7951530456550896
window_tcn_raw_fixed_s0,05399500,0.6626323011452414
window_tcn_raw_fixed_s0,05408000,0.6426459696663229
window_tcn_raw_fixed_s0,05413500,0.449875534892643
window_tcn_raw_fixed_s0,05414000,0.4349866084534688
window_tcn_raw_fixed_s0,05444000,0.5376316690901215
window_tcn_raw_fixed_s0,05454000,0.5222217406199094
window_tcn_raw_fixed_s0,05458000,0.7522324988447481
window_tcn_raw_fixed_s0,05466500,0.7616829896750279
window_tcn_raw_fixed_s0,05487980,0.722754844708124
window_tcn_raw_fixed_s0,05488200,0.5348152622976157
window_tcn_raw_fixed_s0,05489000,0.6624629478491986
window_tcn_raw_fixed_s0,05495000,0.7608280540273031
window_tcn_raw_fixed_s0,05495500,0.7803994876535977
window_tcn_raw_fixed_s0,05501000,0.7708397674629281
window_tcn_raw_fixed_s0,05503800,0.6782595978223199
window_tcn_raw_fixed_s0,05507600,0.6678431091769316
window_tcn_raw_fixed_s0,05508805,0.7405947299940254
window_tcn_raw_fixed_s0,05525500,0.7650489293172741
window_tcn_raw_fixed_s0,05556500,0.7223786887317145
window_tcn_raw_fixed_s0,05584500,0.7438841412881474
window_tcn_raw_fixed_s0,05591550,0.5745245851474325
window_tcn_raw_fixed_s0,05592050,0.7227167598579379
window_tcn_raw_fixed_s0,05592575,0.38832804673812527
window_tcn_raw_fixed_s0,05593575,0.7756676175087494
window_tcn_raw_fixed_s0,05593900,0.6552725565626243
window_tcn_raw_fixed_s0,05595730,0.7377188981790385
window_tcn_raw_fixed_s0,07291000,0.5658460228210441
window_tcn_raw_fixed_s0,07359610,0.3496241961622345
window_tcn_raw_fixed_s0,07362100,0.7021938217115071
window_tcn_raw_fixed_s0,07362587,0.3134763535202061
window_tcn_raw_fixed_s0,07375000,0.5603575808930077
window_tcn_raw_fixed_s0,08013000,0.6884333904812445
window_tcn_raw_fixed_s0,08014500,0.8222258957575613
window_tcn_raw_fixed_s0,05057200,0.2135438369656022
window_tcn_raw_fixed_s0,05120500,0.25821994065832865
window_tcn_raw_fixed_s0,06221400,0.4605593202724587
window_tcn_raw_fixed_s0,06224000,0.8046985249974672
window_tcn_raw_fixed_s0,06278300,0.7502792052633821
window_tcn_raw_fixed_s0,06280300,0.6937959367017799
window_tcn_raw_fixed_s0,06289000,0.6999597133895005
window_tcn_raw_fixed_s0,06291500,0.470993646404558
window_tcn_raw_fixed_s0,06311000,0.6595369326881939
window_tcn_raw_fixed_s0,06332515,0.26631268192296353
window_tcn_raw_fixed_s0,06339100,0.22550256350508413
window_tcn_raw_fixed_s0,06344600,0.22704315986964596
window_tcn_raw_fixed_s0,06350000,0.185680332805509
window_tcn_raw_fixed_s0,06352000,0.21884449849593346
window_tcn_raw_fixed_s0,06404000,0.5189087579454078
window_tcn_raw_fixed_s0,06406000,0.1778019380831023
window_tcn_raw_fixed_s0,06409000,-0.32910479288283967
window_tcn_raw_fixed_s0,06431500,-1.0527574032409226
window_tcn_raw_fixed_s0,06440200,0.08158360849921253
window_tcn_raw_fixed_s0,06447500,0.03778175429356434
window_tcn_raw_fixed_s0,06470800,0.2471764005976398
window_tcn_raw_fixed_s0,06477500,0.26601716598545966
window_tcn_raw_fixed_s0,06479215,0.3868704802413385
window_tcn_raw_fixed_s0,06601000,0.38363365248150605
window_tcn_raw_fixed_s0,06614800,0.8483761385970895
window_tcn_raw_fixed_s0,06622700,0.7810622229806936
window_tcn_raw_fixed_s0,06623800,0.8632574148908257
window_tcn_raw_fixed_s0,06632400,0.7558006314165684
window_tcn_raw_fixed_s0,06746095,0.8311885306554996
window_tcn_raw_fixed_s0,06803510,0.5218302965835728
window_tcn_raw_fixed_s0,06803530,0.6003904227568848
window_tcn_raw_fixed_s0,06814000,0.6510722165741378
window_tcn_raw_fixed_s0,06847900,0.1432625751566564
window_tcn_raw_fixed_s0,06853800,0.23944647065680225
window_tcn_raw_fixed_s0,06876700,0.3129785015515031
window_tcn_raw_fixed_s0,06878000,0.5936668868933674
window_tcn_raw_fixed_s0,06879650,0.19252550430532156
window_tcn_raw_fixed_s0,06885500,0.7085227773860057
window_tcn_raw_fixed_s0,06888500,0.6742318772494269
window_tcn_raw_fixed_s0,06889200,0.5397527900818009
window_tcn_raw_fixed_s0,06889500,0.7119867689180541
window_tcn_raw_fixed_s0,06892000,0.7180383439662121
window_tcn_raw_fixed_s0,06903400,0.5312950575156412
window_tcn_raw_fixed_s0,06906800,0.5867996359872575
window_tcn_raw_fixed_s0,06910800,0.6405089397823103
window_tcn_raw_fixed_s0,06911900,0.6637974936025651
window_tcn_raw_fixed_s0,06917000,0.7294321521309571
window_tcn_raw_fixed_s0,06918460,0.49785730677551
window_tcn_raw_fixed_s0,06919500,0.7832224439453306
window_tcn_raw_fixed_s0,06921070,0.7172285871987961
window_tcn_raw_fixed_s0,06921200,0.6257393230636386
window_tcn_raw_fixed_s0,07057500,0.8673761353906944
window_tcn_raw_fixed_s0,07060710,0.4708987839408634
window_tcn_raw_fixed_s0,07066000,0.7467125419947709
window_tcn_raw_fixed_s0,07083000,0.8293350814042542
window_tcn_raw_fixed_s0,07142300,0.12198289373116344
window_tcn_raw_fixed_s0,07145700,0.7484118960074532
window_tcn_raw_fixed_s0,07167500,0.6075627822546439
window_tcn_raw_fixed_s0,07180500,0.6475247756497595
window_tcn_raw_fixed_s0,07184000,0.5984758456186448
window_tcn_raw_fixed_s0,07195800,0.5247303456739175
window_tcn_raw_fixed_s0,07196900,0.5052937930894092
window_tcn_raw_fixed_s0,07197000,0.7574300338096525
window_tcn_raw_fixed_s0,07208500,0.5417966637253506
window_tcn_raw_fixed_s0,07261000,0.7976876289767135
window_tcn_raw_fixed_s0,07263295,0.3182203337893674
window_tcn_raw_fixed_s0,07299670,0.16733536269357752
window_tcn_raw_fixed_s0,07301410,0.07946097636878913
window_tcn_raw_fixed_s0,07315200,0.36350609108975296
window_tcn_raw_fixed_s0,07315700,0.5763012405663444
window_tcn_raw_fixed_s0,07335700,0.40677261919510355
window_tcn_raw_fixed_s0,07340300,0.6732111890976822
window_tcn_raw_fixed_s0,07346045,0.8311619373420065
window_tcn_raw_fixed_s0,08023080,0.7261519152340488
window_tcn_raw_fixed_s0,08050800,0.5319573344356006
window_tcn_raw_fixed_s0,08066200,0.6330776436652813
window_tcn_raw_fixed_s0,08066300,0.47683308940940916
window_tcn_raw_fixed_s0,08070000,0.45408574090476295
window_tcn_raw_fixed_s0,08070200,0.3587355152860011
window_tcn_raw_fixed_s0,08082700,0.36296861252274093
window_tcn_raw_fixed_s0,08086212,0.45081242309888403
window_tcn_raw_fixed_s0,08086290,0.5917074087034002
window_tcn_raw_fixed_s0,08101000,0.5547985918126912
window_tcn_raw_fixed_s0,08103900,0.45131062109737397
window_tcn_raw_fixed_s0,08104900,0.35126126872695906
window_tcn_raw_fixed_s0,08109700,0.5653911244825374
window_tcn_raw_fixed_s0,08150800,0.2562145981838825
window_tcn_raw_fixed_s0,08158700,0.5614578029403337
window_tcn_raw_fixed_s0,08158810,0.24729781378323157
window_tcn_raw_fixed_s0,08164300,0.6144737232325845
window_tcn_raw_fixed_s0,08164600,0.7281516783759288
window_tcn_raw_fixed_s0,08165300,-0.08673367531523879
window_tcn_raw_fixed_s0,08171300,0.6022724382153501
window_tcn_raw_fixed_s0,08175000,0.5624072770090092
window_tcn_raw_fixed_s0,08176900,0.5581321511589517
window_tcn_raw_fixed_s0,08178880,0.24874497913642546
window_tcn_raw_fixed_s0,08189500,0.7298688405166995
window_tcn_raw_fixed_s0,08190000,0.5498390169123186
window_tcn_raw_fixed_s0,08190500,0.38879455762330184
window_tcn_raw_fixed_s0,08194200,0.18607407348815008
window_tcn_raw_fixed_s0,08195000,0.5627779673835401
window_tcn_raw_fixed_s0,08196000,0.3587909848251538
window_tcn_raw_fixed_s0,08198500,0.47744798177323156
window_tcn_raw_fixed_s0,08200000,0.3524318814079094
window_tcn_raw_fixed_s0,08202700,0.48804233615858605
window_tcn_raw_fixed_s0,08267500,0.7102878176646223
window_tcn_raw_fixed_s0,08269000,0.677293397486807
window_tcn_raw_fixed_s0,08271000,0.7341921481581327
window_tcn_raw_fixed_s0,08324000,0.565522054840539
window_tcn_raw_fixed_s0,08377900,0.7003620025897661
window_tcn_raw_fixed_s0,08378500,0.7263426786264009
window_tcn_raw_fixed_s0,08380500,0.3256949280059839
window_tcn_raw_fixed_s0,09035800,0.7789346583025433
window_tcn_raw_fixed_s0,09035900,0.8370366887167755
window_tcn_raw_fixed_s0,09047700,0.5972912979327747
window_tcn_raw_fixed_s0,09065500,0.8644799068967252
window_tcn_raw_fixed_s0,09066000,0.8606945594141568
window_tcn_raw_fixed_s0,09066200,0.8263198140097556
window_tcn_raw_fixed_s0,09066300,0.8213922228884565
window_tcn_raw_fixed_s0,09081600,0.8850113734916204
window_tcn_raw_fixed_s0,09107000,0.36661903555985775
window_tcn_raw_fixed_s0,09210500,0.5667900737801508
window_tcn_raw_fixed_s0,09223000,0.7784654132868559
window_tcn_raw_fixed_s0,09306242,0.20732708287923196
window_tcn_raw_fixed_s0,09312600,0.4777822903348993
window_tcn_raw_fixed_s0,09352900,0.7487047633615203
window_tcn_raw_fixed_s0,09378170,0.5771444038021518
window_tcn_raw_fixed_s0,09386900,0.2760021911791717
window_tcn_raw_fixed_s0,09404450,0.5883079134101459
window_tcn_raw_fixed_s0,09430600,0.14589820159279798
window_tcn_raw_fixed_s0,09447800,-0.958736079983856
window_tcn_raw_fixed_s0,09484600,-0.14319956743370277
window_tcn_raw_fixed_s0,09492400,0.6254610214934015
window_tcn_raw_fixed_s0,09494000,0.6295965253429465
window_tcn_raw_fixed_s0,09497980,0.6638768148098373
window_tcn_raw_fixed_s0,09505350,0.36278133487580577
window_tcn_raw_fixed_s0,09505800,0.5723642077805913
window_tcn_raw_fixed_s0,09508300,0.48045780137538097
window_tcn_raw_fixed_s0,09510200,0.46476902731540204
window_tcn_raw_fixed_s0,09512280,0.3254181702857668
window_tcn_raw_fixed_s0,09513780,0.5583020418308935
window_tcn_raw_fixed_s0,10234500,0.6224316284720977
window_tcn_raw_fixed_s0,10244950,0.618593740422426
window_tcn_raw_fixed_s0,10336645,0.769230208750249
window_tcn_raw_fixed_s0,10336660,0.7221948852358488
window_tcn_raw_fixed_s0,10343500,0.5292775430204604
window_tcn_raw_fixed_s0,12010000,0.885547576275759
window_tcn_raw_fixed_s0,12013500,0.8656993394534133
window_tcn_raw_fixed_s0,12020000,0.6186326473697212
window_tcn_raw_fixed_s0,12025700,0.7816356353413386
window_tcn_raw_fixed_s0,12035000,0.8755387595156469
window_tcn_raw_fixed_s0,12040500,0.771339459829436
window_tcn_raw_fixed_s0,12041200,0.6939842694195821
window_tcn_raw_fixed_s0,12048000,0.3909982291666886
window_tcn_raw_fixed_s0,12054000,0.6586131632794001
window_tcn_raw_fixed_s0,12056500,0.6679029751627423
window_tcn_raw_fixed_s0,12073500,0.8012013340825376
window_tcn_raw_fixed_s0,12082500,0.7005236527376442
window_tcn_raw_fixed_s0,12092000,0.6371586296140386
window_tcn_raw_fixed_s0,12114500,0.7545773249255403
window_tcn_raw_fixed_s0,12115000,0.7812532588152914
window_tcn_raw_fixed_s0,12117000,0.7956323019639827
window_tcn_raw_fixed_s0,12143600,0.5769627780878903
window_tcn_raw_fixed_s0,12144000,0.4761519506353311
window_tcn_raw_fixed_s0,12145500,0.8727885575966042
window_tcn_raw_fixed_s0,12147500,0.7341285019050939
window_tcn_raw_fixed_s0,12167000,0.7711430728207624
window_tcn_raw_fixed_s0,12175500,0.7438276879592345
window_tcn_raw_fixed_s0,12178100,0.7181477299620966
window_tcn_raw_fixed_s0,12186000,0.6348118044411966
window_tcn_raw_fixed_s0,12189500,0.7498129145969818
window_tcn_raw_fixed_s0,12375900,0.8163748474213688
window_tcn_raw_fixed_s0,12377150,0.868224222646074
window_tcn_raw_fixed_s0,12381400,0.5428685013088053
window_tcn_raw_fixed_s0,12383500,0.43725053470471453
window_tcn_raw_fixed_s0,12390700,0.6387635678216264
window_tcn_raw_fixed_s0,12411000,0.6434683554872529
window_tcn_raw_fixed_s0,12447390,0.6562018328646713
window_tcn_raw_fixed_s0,12451000,0.7782016506063398
window_tcn_raw_fixed_s0,12488500,0.7101009570926355
window_tcn_raw_fixed_s0,13011500,0.7388422740567804
window_tcn_raw_fixed_s0,13011900,0.7011283405355475
window_tcn_raw_fixed_s0,13018300,0.6250593395294015
window_tcn_raw_fixed_s0,13023000,0.8077927431440161
window_tcn_raw_fixed_s0,13161500,0.702610351545838
window_tcn_raw_fixed_s0,13235000,0.6866563783524922
window_tcn_raw_fixed_s0,13240000,0.7570931888979372
window_tcn_raw_fixed_s0,13313000,0.7566252131426131
window_tcn_raw_fixed_s0,13331500,0.829922191106598
window_tcn_raw_fixed_s0,14020000,0.6696605017376345
window_tcn_raw_fixed_s0,14096850,0.542936715543346
window_tcn_raw_fixed_s0,14137000,0.8222552311329474
window_tcn_raw_fixed_s0,14138800,0.8053794659822406
window_tcn_raw_fixed_s0,14138870,0.8238491509837776
window_tcn_raw_fixed_s0,14138900,0.8383780375635517
window_tcn_raw_fixed_s0,14139800,0.8330793028912423
window_tcn_raw_fixed_s0,14141500,0.8520967536696528
window_tcn_raw_fixed_s0,14154500,0.8536012983279178
window_tcn_raw_fixed_s0,14158790,0.7920847106556408
window_tcn_raw_fixed_s0,14166500,0.8789419482987424
window_tcn_raw_fixed_s0,14182500,0.7809324890591596
window_tcn_raw_fixed_s0,14185000,0.8920720708540025
window_tcn_raw_fixed_s0,14185900,0.8631695161322562
window_tcn_raw_fixed_s0,14187000,0.26972542068201
window_tcn_raw_fixed_s0,14216500,0.10041585655126706
window_tcn_raw_fixed_s0,14222500,0.8849232530142367
window_tcn_raw_fixed_s0,14236200,0.8513447354106017
window_tcn_raw_fixed_s0,14301000,0.9247997926875469
window_tcn_raw_fixed_s0,14303200,0.6251042033874036
window_tcn_raw_fixed_s0,14305500,0.8883714172738568
window_tcn_raw_fixed_s0,14306340,0.4446924999708164
window_tcn_raw_fixed_s0,14306500,0.8933394483895266
window_tcn_raw_fixed_s0,14308990,0.46181271235997645
window_tcn_raw_fixed_s0,14309500,0.8201319055366616
window_tcn_raw_fixed_s0,14316700,0.8604774987027681
window_tcn_raw_fixed_s0,14325000,0.8304234454135797
window_tcn_raw_fixed_s0,14362250,0.5264891563346885
window_tcn_raw_fixed_s0,14400000,0.8887070467056912
window_tcn_raw_fixed_s0,10259000,0.5737594462385356
window_tcn_raw_fixed_s0,11124500,0.7776890896678068
window_tcn_raw_fixed_s0,11141280,0.6797316896076067
window_tcn_raw_fixed_s0,11143000,0.7576146037308011
window_tcn_raw_fixed_s0,11148900,0.7420758284528987
window_tcn_raw_fixed_s0,11151300,0.5778770135887017
window_tcn_raw_fixed_s0,11176400,0.6249270948493828
window_tcn_raw_fixed_s0,11230500,0.7963558784953981
window_tcn_raw_fixed_s0,11237500,0.6734593875515631
window_tcn_raw_fixed_s0,11264500,0.8125367500960292
window_tcn_raw_fixed_s0,11266500,0.7978067954665623
window_tcn_raw_fixed_s0,11284400,0.6709427139568696
window_tcn_raw_fixed_s0,11381500,0.6781247831850091
window_tcn_raw_fixed_s0,11451100,0.7282437347931323
window_tcn_raw_fixed_s0,11468500,0.8651617417110559
window_tcn_raw_fixed_s0,11473900,0.7435566126941702
window_tcn_raw_fixed_s0,11475560,0.6824969508820511
window_tcn_raw_fixed_s0,11476600,0.7593462967527889
window_tcn_raw_fixed_s0,11478500,0.7445572173841601
window_tcn_raw_fixed_s0,11480390,0.6950939320163265
window_tcn_raw_fixed_s0,11481200,0.7673518228856964
window_tcn_raw_fixed_s0,11482500,0.7569644471682866
window_tcn_raw_fixed_s0,11522500,0.6782696769603883
window_tcn_raw_fixed_s0,11523200,0.7343030022815371
window_tcn_raw_fixed_s0,11528700,0.7029569637163958
window_tcn_raw_fixed_s0,11532500,0.8901848511222543
window_tcn_raw_daily_s0,01022500,0.8389080284323625
window_tcn_raw_daily_s0,01031500,0.8493051944330735
window_tcn_raw_daily_s0,01047000,0.8222643471428952
window_tcn_raw_daily_s0,01052500,0.7613370820599715
window_tcn_raw_daily_s0,01054200,0.6362976798499267
window_tcn_raw_daily_s0,01055000,0.6825580146416091
window_tcn_raw_daily_s0,01057000,0.8309596446336881
window_tcn_raw_daily_s0,01073000,0.8782538091192865
window_tcn_raw_daily_s0,01078000,0.8233855568469524
window_tcn_raw_daily_s0,01123000,0.8111759553955138
window_tcn_raw_daily_s0,01134500,0.8178645811624897
window_tcn_raw_daily_s0,01137500,0.7146953803088353
window_tcn_raw_daily_s0,01139000,0.7890565128444527
window_tcn_raw_daily_s0,01139800,0.7101304976658458
window_tcn_raw_daily_s0,01142500,0.7716005673383635
window_tcn_raw_daily_s0,01144000,0.8314794010557616
window_tcn_raw_daily_s0,01162500,0.7853480674744452
window_tcn_raw_daily_s0,01169000,0.6400011340624971
window_tcn_raw_daily_s0,01170100,0.6243153820505583
window_tcn_raw_daily_s0,01181000,0.6759920706259216
window_tcn_raw_daily_s0,01187300,0.6813403522987924
window_tcn_raw_daily_s0,01195100,0.7215666879653635
window_tcn_raw_daily_s0,04296000,0.7466759711910211
window_tcn_raw_daily_s0,01333000,0.6422242473503996
window_tcn_raw_daily_s0,01350000,0.6838532091785992
window_tcn_raw_daily_s0,01350080,0.5531876652394245
window_tcn_raw_daily_s0,01350140,0.629529639626439
window_tcn_raw_daily_s0,01365000,0.6183592275510621
window_tcn_raw_daily_s0,01411300,0.6974323139831957
window_tcn_raw_daily_s0,01413500,0.7359646559196535
window_tcn_raw_daily_s0,01414500,0.6370497692688646
window_tcn_raw_daily_s0,01415000,0.7078926928635673
window_tcn_raw_daily_s0,01423000,0.8168318775099755
window_tcn_raw_daily_s0,01434025,0.5854508195921093
window_tcn_raw_daily_s0,01435000,0.644021225117615
window_tcn_raw_daily_s0,01439500,0.82405579778281
window_tcn_raw_daily_s0,01440000,0.7889048693110461
window_tcn_raw_daily_s0,01440400,0.7351318502860107
window_tcn_raw_daily_s0,01451800,0.7854465223644397
window_tcn_raw_daily_s0,01466500,0.5988333681540374
window_tcn_raw_daily_s0,01484100,0.5261995179707594
window_tcn_raw_daily_s0,01487000,0.6548718797173181
window_tcn_raw_daily_s0,01491000,0.6414996807354524
window_tcn_raw_daily_s0,01510000,0.7931103018211705
window_tcn_raw_daily_s0,01516500,0.511295144997111
window_tcn_raw_daily_s0,01518862,0.55630208662939
window_tcn_raw_daily_s0,01532000,0.5596184423201713
window_tcn_raw_daily_s0,01539000,0.7762258010404068
window_tcn_raw_daily_s0,01542810,0.7245230665343987
window_tcn_raw_daily_s0,01543000,0.8198826215355451
window_tcn_raw_daily_s0,01543500,0.8279100105862867
window_tcn_raw_daily_s0,01544500,0.7704959205161792
window_tcn_raw_daily_s0,01545600,0.739632804457337
window_tcn_raw_daily_s0,01547700,0.6745837469866124
window_tcn_raw_daily_s0,01548500,0.8028014709068377
window_tcn_raw_daily_s0,01549500,0.6928306130362947
window_tcn_raw_daily_s0,01550000,0.6919807316177669
window_tcn_raw_daily_s0,01552000,0.7388981768980388
window_tcn_raw_daily_s0,01552500,0.6634737324241466
window_tcn_raw_daily_s0,01557500,0.7582923096190309
window_tcn_raw_daily_s0,01567500,0.6428773665871976
window_tcn_raw_daily_s0,01568000,0.7407207781749731
window_tcn_raw_daily_s0,01580000,0.6862084168045631
window_tcn_raw_daily_s0,01583500,0.6368463778270824
window_tcn_raw_daily_s0,01586610,0.5930299014360678
window_tcn_raw_daily_s0,01591400,0.5554857861764912
window_tcn_raw_daily_s0,01594950,0.4109060259450321
window_tcn_raw_daily_s0,01596500,0.7541373270784615
window_tcn_raw_daily_s0,01605500,0.7187889985967519
window_tcn_raw_daily_s0,01606500,0.7255537456029855
window_tcn_raw_daily_s0,01632000,0.5061619493467135
window_tcn_raw_daily_s0,01632900,0.5544852941694141
window_tcn_raw_daily_s0,01634500,0.48336231084748493
window_tcn_raw_daily_s0,01638480,0.6025599964066655
window_tcn_raw_daily_s0,01639500,0.7024158022653686
window_tcn_raw_daily_s0,01644000,0.7389001495509311
window_tcn_raw_daily_s0,01664000,0.7194292729131284
window_tcn_raw_daily_s0,01666500,0.6337941142412764
window_tcn_raw_daily_s0,01667500,0.763719858057796
window_tcn_raw_daily_s0,01669000,0.7200967651615102
window_tcn_raw_daily_s0,01669520,0.6313395318412591
window_tcn_raw_daily_s0,02011400,0.7644395729502771
window_tcn_raw_daily_s0,02013000,0.7177164280829257
window_tcn_raw_daily_s0,02014000,0.7403946688440776
window_tcn_raw_daily_s0,02015700,0.6469480183985779
window_tcn_raw_daily_s0,02016000,0.8152505585300674
window_tcn_raw_daily_s0,02017500,0.7725045073697541
window_tcn_raw_daily_s0,02018000,0.8012688221063127
window_tcn_raw_daily_s0,02027000,0.5336630375760059
window_tcn_raw_daily_s0,02027500,0.3697192854039123
window_tcn_raw_daily_s0,02028500,0.6765897602039336
window_tcn_raw_daily_s0,02038850,0.44920496698789925
window_tcn_raw_daily_s0,02046000,0.6463555395558138
window_tcn_raw_daily_s0,02051500,0.7014294199375142
window_tcn_raw_daily_s0,02053200,0.7651818772292308
window_tcn_raw_daily_s0,02053800,0.6684238265686437
window_tcn_raw_daily_s0,02055100,0.5522629051222486
window_tcn_raw_daily_s0,02056900,0.6794819226900437
window_tcn_raw_daily_s0,02059500,0.5704412962493584
window_tcn_raw_daily_s0,02064000,0.5829458156276095
window_tcn_raw_daily_s0,02065500,0.6368057450892235
window_tcn_raw_daily_s0,02069700,0.6124498938487777
window_tcn_raw_daily_s0,02070000,0.3940378886524991
window_tcn_raw_daily_s0,02074500,0.6791899094238162
window_tcn_raw_daily_s0,02077200,0.6530253795469454
window_tcn_raw_daily_s0,02081500,0.7092581910903546
window_tcn_raw_daily_s0,02082950,0.45899225104295427
window_tcn_raw_daily_s0,02092500,0.7000314445546502
window_tcn_raw_daily_s0,02096846,0.2648070352274128
window_tcn_raw_daily_s0,02102908,0.667161709624862
window_tcn_raw_daily_s0,02108000,0.7511862685812043
window_tcn_raw_daily_s0,02111180,0.6719896100267541
window_tcn_raw_daily_s0,02111500,0.6011623652230242
window_tcn_raw_daily_s0,02112120,0.6608015742711524
window_tcn_raw_daily_s0,02112360,0.6487931347480149
window_tcn_raw_daily_s0,02118500,0.7623460394341672
window_tcn_raw_daily_s0,02125000,0.5657517464411925
window_tcn_raw_daily_s0,02128000,0.5746672217152997
window_tcn_raw_daily_s0,02137727,0.8406479403334108
window_tcn_raw_daily_s0,02140991,0.7406914812839568
window_tcn_raw_daily_s0,02143000,0.715689576287337
window_tcn_raw_daily_s0,02143040,0.7963669281507533
window_tcn_raw_daily_s0,02149000,0.7189674881121284
window_tcn_raw_daily_s0,02152100,0.7159867825344
window_tcn_raw_daily_s0,02177000,0.7866779389362694
window_tcn_raw_daily_s0,02178400,0.7894301443648136
window_tcn_raw_daily_s0,02193340,0.401963229251999
window_tcn_raw_daily_s0,02196000,0.691747160562192
window_tcn_raw_daily_s0,02198100,0.5615026209651054
window_tcn_raw_daily_s0,02202600,0.6839830204399258
window_tcn_raw_daily_s0,02212600,0.6965456383062224
window_tcn_raw_daily_s0,02215100,0.6656222782990568
window_tcn_raw_daily_s0,02216180,0.7079163619091191
window_tcn_raw_daily_s0,02221525,0.7505136411905877
window_tcn_raw_daily_s0,02231000,0.8077669401542761
window_tcn_raw_daily_s0,02245500,0.605024573801538
window_tcn_raw_daily_s0,02246000,0.748827011156203
window_tcn_raw_daily_s0,02296500,0.7692600451163175
window_tcn_raw_daily_s0,02297155,0.5846009078915388
window_tcn_raw_daily_s0,02297310,0.686951785631361
window_tcn_raw_daily_s0,02298123,0.6580898678895142
window_tcn_raw_daily_s0,02298608,0.6301150132743557
window_tcn_raw_daily_s0,02299950,0.5620636244387986
window_tcn_raw_daily_s0,02300700,0.5176972145126344
window_tcn_raw_daily_s0,02342933,0.6364043712082966
window_tcn_raw_daily_s0,02349900,0.6958263751623193
window_tcn_raw_daily_s0,02350900,0.8374230430054646
window_tcn_raw_daily_s0,02361000,0.7296818908919372
window_tcn_raw_daily_s0,02363000,0.6769551962596996
window_tcn_raw_daily_s0,02369800,0.8266180278612855
window_tcn_raw_daily_s0,02371500,0.7895201506358551
window_tcn_raw_daily_s0,02372250,0.7509045278045283
window_tcn_raw_daily_s0,02374500,0.696422084479448
window_tcn_raw_daily_s0,02381600,0.47007101125081485
window_tcn_raw_daily_s0,02384540,0.6673222616668721
window_tcn_raw_daily_s0,02395120,0.6146146014262155
window_tcn_raw_daily_s0,02415000,0.6575173834969127
window_tcn_raw_daily_s0,02427250,0.46900628170709435
window_tcn_raw_daily_s0,02430085,0.5375386511263796
window_tcn_raw_daily_s0,02450250,0.8254896907350862
window_tcn_raw_daily_s0,02464000,0.8215420617083027
window_tcn_raw_daily_s0,02464360,0.5466942225069348
window_tcn_raw_daily_s0,02465493,0.6025420867034769
window_tcn_raw_daily_s0,02469800,0.7877905190116934
window_tcn_raw_daily_s0,02472000,0.8138544632716254
window_tcn_raw_daily_s0,02472500,0.7877727001966016
window_tcn_raw_daily_s0,02479155,0.7348928967888144
window_tcn_raw_daily_s0,02479300,0.7424070874162424
window_tcn_raw_daily_s0,02479560,0.8018941247858342
window_tcn_raw_daily_s0,02481000,0.69066786021026
window_tcn_raw_daily_s0,02481510,0.7826475922707201
window_tcn_raw_daily_s0,04015330,0.7019871746319407
window_tcn_raw_daily_s0,04024430,0.6777272382976394
window_tcn_raw_daily_s0,04027000,0.8118059159457537
window_tcn_raw_daily_s0,04040500,0.8228041692601856
window_tcn_raw_daily_s0,04043050,0.7939108005663313
window_tcn_raw_daily_s0,04045500,0.8747345917451692
window_tcn_raw_daily_s0,04057510,0.785646047999943
window_tcn_raw_daily_s0,04057800,0.7632421649760746
window_tcn_raw_daily_s0,04059500,0.837676714894561
window_tcn_raw_daily_s0,04063700,0.7024347266347664
window_tcn_raw_daily_s0,04074950,0.7623143336383438
window_tcn_raw_daily_s0,04105700,0.651448043393068
window_tcn_raw_daily_s0,04115265,-0.024170839037797265
window_tcn_raw_daily_s0,04122200,0.7255439750756376
window_tcn_raw_daily_s0,04122500,0.7494189922364337
window_tcn_raw_daily_s0,04127918,0.5608921307560072
window_tcn_raw_daily_s0,04127997,0.44725716089204826
window_tcn_raw_daily_s0,04161580,0.5554899757061502
window_tcn_raw_daily_s0,04185000,0.7403961660018459
window_tcn_raw_daily_s0,04196800,0.7609371738783205
window_tcn_raw_daily_s0,04197100,0.7192883970848869
window_tcn_raw_daily_s0,04197170,0.666695375859154
window_tcn_raw_daily_s0,04213000,0.6740652012392157
window_tcn_raw_daily_s0,04213075,0.25468525238541684
window_tcn_raw_daily_s0,04216418,0.6574231085519315
window_tcn_raw_daily_s0,04221000,0.7682711639311941
window_tcn_raw_daily_s0,04224775,0.6409484274484617
window_tcn_raw_daily_s0,04233000,0.5964504328568327
window_tcn_raw_daily_s0,04256000,0.7885283479253603
window_tcn_raw_daily_s0,03010655,0.742237351496706
window_tcn_raw_daily_s0,03011800,0.7800407144775798
window_tcn_raw_daily_s0,03015500,0.7730324652438929
window_tcn_raw_daily_s0,03021350,0.6669186623545208
window_tcn_raw_daily_s0,03026500,0.680546204950884
window_tcn_raw_daily_s0,03028000,0.7614012467325797
window_tcn_raw_daily_s0,03049000,0.713640523823468
window_tcn_raw_daily_s0,03049800,0.3096481552039366
window_tcn_raw_daily_s0,03050000,0.505998001601257
window_tcn_raw_daily_s0,03069500,0.8532394234373604
window_tcn_raw_daily_s0,03070500,0.7976440317481961
window_tcn_raw_daily_s0,03076600,0.683944545323295
window_tcn_raw_daily_s0,03078000,0.7531964900187967
window_tcn_raw_daily_s0,03140000,0.6687865933484107
window_tcn_raw_daily_s0,03144000,0.6991947589963844
window_tcn_raw_daily_s0,03170000,0.7509878009458759
window_tcn_raw_daily_s0,03173000,0.7704073443925965
window_tcn_raw_daily_s0,03180500,0.7950358661936096
window_tcn_raw_daily_s0,03182500,0.8216016246540615
window_tcn_raw_daily_s0,03186500,0.720854512783935
window_tcn_raw_daily_s0,03237280,0.42287553078008966
window_tcn_raw_daily_s0,03237500,0.7076514113689587
window_tcn_raw_daily_s0,03238500,0.700857068572595
window_tcn_raw_daily_s0,03241500,0.7647012946706768
window_tcn_raw_daily_s0,03280700,0.670878465077372
window_tcn_raw_daily_s0,03281500,0.8696119683891808
window_tcn_raw_daily_s0,03285000,0.7364821903216447
window_tcn_raw_daily_s0,03291780,0.6277523969023355
window_tcn_raw_daily_s0,03338780,0.6256894470748047
window_tcn_raw_daily_s0,03340800,0.7198639674843368
window_tcn_raw_daily_s0,03346000,0.7907844027143935
window_tcn_raw_daily_s0,03364500,0.6824750338695545
window_tcn_raw_daily_s0,03366500,0.8042603396165482
window_tcn_raw_daily_s0,03368000,0.5730906922254408
window_tcn_raw_daily_s0,03384450,0.6542056422340398
window_tcn_raw_daily_s0,03439000,0.8077182377644945
window_tcn_raw_daily_s0,03455500,0.5884216252755474
window_tcn_raw_daily_s0,03456500,0.7486453073661816
window_tcn_raw_daily_s0,03460000,0.7502225866908185
window_tcn_raw_daily_s0,03463300,0.6735458169125095
window_tcn_raw_daily_s0,03471500,0.6562431697668903
window_tcn_raw_daily_s0,03473000,0.7661187048801313
window_tcn_raw_daily_s0,03479000,0.7800148687423434
window_tcn_raw_daily_s0,03488000,0.8117450442531181
window_tcn_raw_daily_s0,03498500,0.8267723612161031
window_tcn_raw_daily_s0,03500000,0.8697661586232746
window_tcn_raw_daily_s0,03500240,0.814442600171025
window_tcn_raw_daily_s0,03504000,0.7675534154066617
window_tcn_raw_daily_s0,03574500,0.789391617227415
window_tcn_raw_daily_s0,03592718,0.5924805378413625
window_tcn_raw_daily_s0,03604000,0.6774540881795632
window_tcn_raw_daily_s0,05291000,0.5458957103268833
window_tcn_raw_daily_s0,05362000,0.7760440771937779
window_tcn_raw_daily_s0,05393500,0.7870467156173944
window_tcn_raw_daily_s0,05399500,0.635998908018925
window_tcn_raw_daily_s0,05408000,0.5619851114563393
window_tcn_raw_daily_s0,05413500,0.512386002859561
window_tcn_raw_daily_s0,05414000,0.41731981890190584
window_tcn_raw_daily_s0,05444000,0.5187720811862394
window_tcn_raw_daily_s0,05454000,0.5181925454989088
window_tcn_raw_daily_s0,05458000,0.8004348458022571
window_tcn_raw_daily_s0,05466500,0.6865955148620644
window_tcn_raw_daily_s0,05487980,0.6907754670923709
window_tcn_raw_daily_s0,05488200,0.5855461629341235
window_tcn_raw_daily_s0,05489000,0.6047845697016941
window_tcn_raw_daily_s0,05495000,0.7791751679524485
window_tcn_raw_daily_s0,05495500,0.7699494383406091
window_tcn_raw_daily_s0,05501000,0.7268115231399401
window_tcn_raw_daily_s0,05503800,0.6050556614857432
window_tcn_raw_daily_s0,05507600,0.6057619665325082
window_tcn_raw_daily_s0,05508805,0.6911355648490749
window_tcn_raw_daily_s0,05525500,0.7858253176286695
window_tcn_raw_daily_s0,05556500,0.7179138084768932
window_tcn_raw_daily_s0,05584500,0.7531784476010689
window_tcn_raw_daily_s0,05591550,0.6181048880862638
window_tcn_raw_daily_s0,05592050,0.7110026337760436
window_tcn_raw_daily_s0,05592575,0.3087741027431403
window_tcn_raw_daily_s0,05593575,0.7888931017614146
window_tcn_raw_daily_s0,05593900,0.6705668137028782
window_tcn_raw_daily_s0,05595730,0.7841369858132677
window_tcn_raw_daily_s0,07291000,0.557565068894688
window_tcn_raw_daily_s0,07359610,0.49473125118317973
window_tcn_raw_daily_s0,07362100,0.7139153436994932
window_tcn_raw_daily_s0,07362587,0.34538594750155194
window_tcn_raw_daily_s0,07375000,0.6285938053968334
window_tcn_raw_daily_s0,08013000,0.6424585076378709
window_tcn_raw_daily_s0,08014500,0.7639550378646338
window_tcn_raw_daily_s0,05057200,0.32659807606346725
window_tcn_raw_daily_s0,05120500,0.411555059811777
window_tcn_raw_daily_s0,06221400,0.6434081531955944
window_tcn_raw_daily_s0,06224000,0.8107752453765221
window_tcn_raw_daily_s0,06278300,0.6380166879917488
window_tcn_raw_daily_s0,06280300,0.8053050393396562
window_tcn_raw_daily_s0,06289000,0.7990871437602967
window_tcn_raw_daily_s0,06291500,0.5783490221935972
window_tcn_raw_daily_s0,06311000,0.7126009491183156
window_tcn_raw_daily_s0,06332515,-0.23068407136746782
window_tcn_raw_daily_s0,06339100,0.23545018854619004
window_tcn_raw_daily_s0,06344600,0.1704666322914994
window_tcn_raw_daily_s0,06350000,0.33405484135816754
window_tcn_raw_daily_s0,06352000,0.3526375577345503
window_tcn_raw_daily_s0,06404000,0.6252384480932267
window_tcn_raw_daily_s0,06406000,0.3635781318622785
window_tcn_raw_daily_s0,06409000,0.17296654334947237
window_tcn_raw_daily_s0,06431500,-0.043896363043380626
window_tcn_raw_daily_s0,06440200,0.1375153656766771
window_tcn_raw_daily_s0,06447500,0.24673760841711012
window_tcn_raw_daily_s0,06470800,0.31153259121648835
window_tcn_raw_daily_s0,06477500,0.3507854541431835
window_tcn_raw_daily_s0,06479215,0.39440566495628526
window_tcn_raw_daily_s0,06601000,0.29540145596961254
window_tcn_raw_daily_s0,06614800,0.8103329965313124
window_tcn_raw_daily_s0,06622700,0.8545572639380943
window_tcn_raw_daily_s0,06623800,0.892353098353646
window_tcn_raw_daily_s0,06632400,0.8255682605743865
window_tcn_raw_daily_s0,06746095,0.8121117483099971
window_tcn_raw_daily_s0,06803510,0.5170481991529363
window_tcn_raw_daily_s0,06803530,0.5637324237468968
window_tcn_raw_daily_s0,06814000,0.5764091222369121
window_tcn_raw_daily_s0,06847900,-0.0977399572157911
window_tcn_raw_daily_s0,06853800,0.2808590968676419
window_tcn_raw_daily_s0,06876700,0.120520206785246
window_tcn_raw_daily_s0,06878000,0.6095306201610748
window_tcn_raw_daily_s0,06879650,-0.09340940868900871
window_tcn_raw_daily_s0,06885500,0.734692899373453
window_tcn_raw_daily_s0,06888500,0.6662795406027551
window_tcn_raw_daily_s0,06889200,0.5214083586896359
window_tcn_raw_daily_s0,06889500,0.674481649720527
window_tcn_raw_daily_s0,06892000,0.7020784989497355
window_tcn_raw_daily_s0,06903400,0.39898112990320145
window_tcn_raw_daily_s0,06906800,0.5960087941903112
window_tcn_raw_daily_s0,06910800,0.6176880079747661
window_tcn_raw_daily_s0,06911900,0.5853708812348588
window_tcn_raw_daily_s0,06917000,0.7404358380363278
window_tcn_raw_daily_s0,06918460,0.5687085790334705
window_tcn_raw_daily_s0,06919500,0.7598619763707632
window_tcn_raw_daily_s0,06921070,0.7176233620884118
window_tcn_raw_daily_s0,06921200,0.6029064699943918
window_tcn_raw_daily_s0,07057500,0.8164622870459868
window_tcn_raw_daily_s0,07060710,0.49535962919773
window_tcn_raw_daily_s0,07066000,0.7484327084185648
window_tcn_raw_daily_s0,07083000,0.8697084552603833
window_tcn_raw_daily_s0,07142300,-0.6412428527846115
window_tcn_raw_daily_s0,07145700,0.7306109729344834
window_tcn_raw_daily_s0,07167500,0.6059820228496129
window_tcn_raw_daily_s0,07180500,0.573811515339155
window_tcn_raw_daily_s0,07184000,0.6155592579961278
window_tcn_raw_daily_s0,07195800,0.4190304408250901
window_tcn_raw_daily_s0,07196900,0.5108446153189338
window_tcn_raw_daily_s0,07197000,0.7357958994501795
window_tcn_raw_daily_s0,07208500,0.16585225313768237
window_tcn_raw_daily_s0,07261000,0.8034734556838987
window_tcn_raw_daily_s0,07263295,0.4423541392289464
window_tcn_raw_daily_s0,07299670,0.029090564521289553
window_tcn_raw_daily_s0,07301410,0.2041715794274911
window_tcn_raw_daily_s0,07315200,0.2430138578735216
window_tcn_raw_daily_s0,07315700,0.5190003929416127
window_tcn_raw_daily_s0,07335700,0.3688563535854421
window_tcn_raw_daily_s0,07340300,0.6869786433591449
window_tcn_raw_daily_s0,07346045,0.7602191261260167
window_tcn_raw_daily_s0,08023080,0.7284916333431909
window_tcn_raw_daily_s0,08050800,0.559585855935861
window_tcn_raw_daily_s0,08066200,0.6151707495385965
window_tcn_raw_daily_s0,08066300,0.5158120884343379
window_tcn_raw_daily_s0,08070000,0.5256400120306404
window_tcn_raw_daily_s0,08070200,0.6093718001397437
window_tcn_raw_daily_s0,08082700,0.27061879143799195
window_tcn_raw_daily_s0,08086212,0.4336632474480768
window_tcn_raw_daily_s0,08086290,0.5818355340347099
window_tcn_raw_daily_s0,08101000,0.6675897882043667
window_tcn_raw_daily_s0,08103900,0.5049129604892423
window_tcn_raw_daily_s0,08104900,0.40730868957816735
window_tcn_raw_daily_s0,08109700,0.6308652551254135
window_tcn_raw_daily_s0,08150800,0.1796979356534456
window_tcn_raw_daily_s0,08158700,0.6243671552213004
window_tcn_raw_daily_s0,08158810,0.5119350689744488
window_tcn_raw_daily_s0,08164300,0.6816752551393459
window_tcn_raw_daily_s0,08164600,0.6999648062389892
window_tcn_raw_daily_s0,08165300,-1.053091578423706
window_tcn_raw_daily_s0,08171300,0.595567454770483
window_tcn_raw_daily_s0,08175000,0.5730815721467268
window_tcn_raw_daily_s0,08176900,0.6012330677580943
window_tcn_raw_daily_s0,08178880,0.25049221042952097
window_tcn_raw_daily_s0,08189500,0.7384301945151239
window_tcn_raw_daily_s0,08190000,0.5083872034618004
window_tcn_raw_daily_s0,08190500,0.2611328272798963
window_tcn_raw_daily_s0,08194200,0.2213467406018177
window_tcn_raw_daily_s0,08195000,0.4461168863310452
window_tcn_raw_daily_s0,08196000,0.284998812857707
window_tcn_raw_daily_s0,08198500,0.4138095252000218
window_tcn_raw_daily_s0,08200000,0.3088105619007464
window_tcn_raw_daily_s0,08202700,0.5318840012149948
window_tcn_raw_daily_s0,08267500,0.5100295037977682
window_tcn_raw_daily_s0,08269000,0.29594146456642567
window_tcn_raw_daily_s0,08271000,0.5745525273147902
window_tcn_raw_daily_s0,08324000,0.06507075150644004
window_tcn_raw_daily_s0,08377900,0.7059271835654908
window_tcn_raw_daily_s0,08378500,0.6473415870892215
window_tcn_raw_daily_s0,08380500,0.4155836195384921
window_tcn_raw_daily_s0,09035800,0.7347826475577128
window_tcn_raw_daily_s0,09035900,0.8933829477585458
window_tcn_raw_daily_s0,09047700,0.6607565143900885
window_tcn_raw_daily_s0,09065500,0.8828885589922255
window_tcn_raw_daily_s0,09066000,0.872475998336238
window_tcn_raw_daily_s0,09066200,0.8610761796876178
window_tcn_raw_daily_s0,09066300,0.8244432852996695
window_tcn_raw_daily_s0,09081600,0.8894397591097677
window_tcn_raw_daily_s0,09107000,0.6737755039873511
window_tcn_raw_daily_s0,09210500,0.7845206355521844
window_tcn_raw_daily_s0,09223000,0.8538617141959374
window_tcn_raw_daily_s0,09306242,-1.2300781414573319
window_tcn_raw_daily_s0,09312600,0.6625693868166446
window_tcn_raw_daily_s0,09352900,0.7807192065871023
window_tcn_raw_daily_s0,09378170,0.6396615462081325
window_tcn_raw_daily_s0,09386900,0.20616446493738705
window_tcn_raw_daily_s0,09404450,0.17572258671360974
window_tcn_raw_daily_s0,09430600,0.2696053237392366
window_tcn_raw_daily_s0,09447800,-3.1464474554525967
window_tcn_raw_daily_s0,09484600,-0.15326710834993817
window_tcn_raw_daily_s0,09492400,0.6070781154417844
window_tcn_raw_daily_s0,09494000,0.36955167469925265
window_tcn_raw_daily_s0,09497980,0.686754472015809
window_tcn_raw_daily_s0,09505350,0.1309701590608493
window_tcn_raw_daily_s0,09505800,0.4617436853492197
window_tcn_raw_daily_s0,09508300,0.561525789456512
window_tcn_raw_daily_s0,09510200,0.6621863653994753
window_tcn_raw_daily_s0,09512280,0.3972797326872075
window_tcn_raw_daily_s0,09513780,0.5251902311922754
window_tcn_raw_daily_s0,10234500,0.7775379154322383
window_tcn_raw_daily_s0,10244950,0.3984011595539759
window_tcn_raw_daily_s0,10336645,0.8140051025614834
window_tcn_raw_daily_s0,10336660,0.7191804408471894
window_tcn_raw_daily_s0,10343500,0.6753132761793572
window_tcn_raw_daily_s0,12010000,0.8871191378783863
window_tcn_raw_daily_s0,12013500,0.8847033383727901
window_tcn_raw_daily_s0,12020000,0.6121069796596664
window_tcn_raw_daily_s0,12025700,0.8147026330681713
window_tcn_raw_daily_s0,12035000,0.8908893713606288
window_tcn_raw_daily_s0,12040500,0.7969312620896979
window_tcn_raw_daily_s0,12041200,0.6995081201370259
window_tcn_raw_daily_s0,12048000,0.47071592883883195
window_tcn_raw_daily_s0,12054000,0.6744017539655787
window_tcn_raw_daily_s0,12056500,0.6671510722828611
window_tcn_raw_daily_s0,12073500,0.8201914768853704
window_tcn_raw_daily_s0,12082500,0.7401010158565065
window_tcn_raw_daily_s0,12092000,0.6949241016713441
window_tcn_raw_daily_s0,12114500,0.7632184757616498
window_tcn_raw_daily_s0,12115000,0.7772531036465068
window_tcn_raw_daily_s0,12117000,0.8150341850429096
window_tcn_raw_daily_s0,12143600,0.6263761257377987
window_tcn_raw_daily_s0,12144000,0.5162571365897973
window_tcn_raw_daily_s0,12145500,0.8995205100303674
window_tcn_raw_daily_s0,12147500,0.6992387193961459
window_tcn_raw_daily_s0,12167000,0.7719570937726937
window_tcn_raw_daily_s0,12175500,0.8066295930401719
window_tcn_raw_daily_s0,12178100,0.7687204390373275
window_tcn_raw_daily_s0,12186000,0.6660004527163679
window_tcn_raw_daily_s0,12189500,0.7830152666325976
window_tcn_raw_daily_s0,12375900,0.7724122054218454
window_tcn_raw_daily_s0,12377150,0.8504843356535119
window_tcn_raw_daily_s0,12381400,0.6330624759771399
window_tcn_raw_daily_s0,12383500,0.611874476013399
window_tcn_raw_daily_s0,12390700,0.7405876682809884
window_tcn_raw_daily_s0,12411000,0.7251430684674427
window_tcn_raw_daily_s0,12447390,0.7589766772853516
window_tcn_raw_daily_s0,12451000,0.8455634111462945
window_tcn_raw_daily_s0,12488500,0.7474518713162469
window_tcn_raw_daily_s0,13011500,0.832275786939776
window_tcn_raw_daily_s0,13011900,0.8337106968497059
window_tcn_raw_daily_s0,13018300,0.7654127705563256
window_tcn_raw_daily_s0,13023000,0.8849220877348447
window_tcn_raw_daily_s0,13161500,0.5155464695344294
window_tcn_raw_daily_s0,13235000,0.8313145544157916
window_tcn_raw_daily_s0,13240000,0.8176135026257656
window_tcn_raw_daily_s0,13313000,0.8039447938441979
window_tcn_raw_daily_s0,13331500,0.8891032655293186
window_tcn_raw_daily_s0,14020000,0.7410100533177231
window_tcn_raw_daily_s0,14096850,0.3824955140214944
window_tcn_raw_daily_s0,14137000,0.7967414677746993
window_tcn_raw_daily_s0,14138800,0.784047318912442
window_tcn_raw_daily_s0,14138870,0.8186048646716381
window_tcn_raw_daily_s0,14138900,0.827471387206618
window_tcn_raw_daily_s0,14139800,0.8204949405289802
window_tcn_raw_daily_s0,14141500,0.8318325841492401
window_tcn_raw_daily_s0,14154500,0.8940872981258834
window_tcn_raw_daily_s0,14158790,0.8083064047729933
window_tcn_raw_daily_s0,14166500,0.8889666778555335
window_tcn_raw_daily_s0,14182500,0.7732245922375611
window_tcn_raw_daily_s0,14185000,0.8965505434559458
window_tcn_raw_daily_s0,14185900,0.875134712323546
window_tcn_raw_daily_s0,14187000,0.16052295279612006
window_tcn_raw_daily_s0,14216500,0.1495878629267695
window_tcn_raw_daily_s0,14222500,0.8832822593452108
window_tcn_raw_daily_s0,14236200,0.8579019504003224
window_tcn_raw_daily_s0,14301000,0.9322125990273582
window_tcn_raw_daily_s0,14303200,0.5217992662848946
window_tcn_raw_daily_s0,14305500,0.8860982352351292
window_tcn_raw_daily_s0,14306340,0.32841890034857923
window_tcn_raw_daily_s0,14306500,0.8848610628729202
window_tcn_raw_daily_s0,14308990,0.2119912410647874
window_tcn_raw_daily_s0,14309500,0.7897292454178235
window_tcn_raw_daily_s0,14316700,0.8749293579672345
window_tcn_raw_daily_s0,14325000,0.8396235429515925
window_tcn_raw_daily_s0,14362250,0.47035716448457465
window_tcn_raw_daily_s0,14400000,0.8764176341825527
window_tcn_raw_daily_s0,10259000,0.5735794333558084
window_tcn_raw_daily_s0,11124500,0.6604319916145756
window_tcn_raw_daily_s0,11141280,0.6848331602935531
window_tcn_raw_daily_s0,11143000,0.779528758545493
window_tcn_raw_daily_s0,11148900,0.7872802124830356
window_tcn_raw_daily_s0,11151300,0.6661061017206519
window_tcn_raw_daily_s0,11176400,0.5727998741160729
window_tcn_raw_daily_s0,11230500,0.7433877984127459
window_tcn_raw_daily_s0,11237500,0.7339052760692597
window_tcn_raw_daily_s0,11264500,0.8449007402894624
window_tcn_raw_daily_s0,11266500,0.8297559808592628
window_tcn_raw_daily_s0,11284400,0.7202642817781317
window_tcn_raw_daily_s0,11381500,0.7483342848235117
window_tcn_raw_daily_s0,11451100,0.6527658682046042
window_tcn_raw_daily_s0,11468500,0.8567740650187698
window_tcn_raw_daily_s0,11473900,0.7890027795760154
window_tcn_raw_daily_s0,11475560,0.6952739309150043
window_tcn_raw_daily_s0,11476600,0.7557995831617131
window_tcn_raw_daily_s0,11478500,0.7904809867185737
window_tcn_raw_daily_s0,11480390,0.7084618038606717
window_tcn_raw_daily_s0,11481200,0.8095715321658664
window_tcn_raw_daily_s0,11482500,0.8145324576898534
window_tcn_raw_daily_s0,11522500,0.6803900614727838
window_tcn_raw_daily_s0,11523200,0.7602012167100571
window_tcn_raw_daily_s0,11528700,0.7612031975663339
window_tcn_raw_daily_s0,11532500,0.8945808169608263
window_lstm_hybrid_fixed_s0,01022500,0.7769320022053803
window_lstm_hybrid_fixed_s0,01031500,0.8095268454303282
window_lstm_hybrid_fixed_s0,01047000,0.7886876410407995
window_lstm_hybrid_fixed_s0,01052500,0.7099325834239809
window_lstm_hybrid_fixed_s0,01054200,0.5814542688432162
window_lstm_hybrid_fixed_s0,01055000,0.5970302796118903
window_lstm_hybrid_fixed_s0,01057000,0.7486879421192378
window_lstm_hybrid_fixed_s0,01073000,0.8399978526833627
window_lstm_hybrid_fixed_s0,01078000,0.7902531103274677
window_lstm_hybrid_fixed_s0,01123000,0.7628894087793401
window_lstm_hybrid_fixed_s0,01134500,0.7483992931356744
window_lstm_hybrid_fixed_s0,01137500,0.6170368005407616
window_lstm_hybrid_fixed_s0,01139000,0.7435245825763492
window_lstm_hybrid_fixed_s0,01139800,0.6690280244953929
window_lstm_hybrid_fixed_s0,01142500,0.7330104875176734
window_lstm_hybrid_fixed_s0,01144000,0.7466082479254865
window_lstm_hybrid_fixed_s0,01162500,0.7427080523240835
window_lstm_hybrid_fixed_s0,01169000,0.6247742442292357
window_lstm_hybrid_fixed_s0,01170100,0.6479446289108666
window_lstm_hybrid_fixed_s0,01181000,0.5638808232058891
window_lstm_hybrid_fixed_s0,01187300,0.6616875091131965
window_lstm_hybrid_fixed_s0,01195100,0.6869062500839929
window_lstm_hybrid_fixed_s0,04296000,0.7151276198312109
window_lstm_hybrid_fixed_s0,01333000,0.6080815097297512
window_lstm_hybrid_fixed_s0,01350000,0.6008572774860292
window_lstm_hybrid_fixed_s0,01350080,0.2109574365303778
window_lstm_hybrid_fixed_s0,01350140,0.515310267703607
window_lstm_hybrid_fixed_s0,01365000,0.5920727333732925
window_lstm_hybrid_fixed_s0,01411300,0.6667768948589328
window_lstm_hybrid_fixed_s0,01413500,0.597855925740838
window_lstm_hybrid_fixed_s0,01414500,0.5077833655586055
window_lstm_hybrid_fixed_s0,01415000,0.5661409879035559
window_lstm_hybrid_fixed_s0,01423000,0.7329053364997028
window_lstm_hybrid_fixed_s0,01434025,0.42528972946520394
window_lstm_hybrid_fixed_s0,01435000,0.5997362262115995
window_lstm_hybrid_fixed_s0,01439500,0.7693891171428224
window_lstm_hybrid_fixed_s0,01440000,0.7754136509297579
window_lstm_hybrid_fixed_s0,01440400,0.7226687240588963
window_lstm_hybrid_fixed_s0,01451800,0.6001347899655987
window_lstm_hybrid_fixed_s0,01466500,0.5761613838421196
window_lstm_hybrid_fixed_s0,01484100,0.534236566174578
window_lstm_hybrid_fixed_s0,01487000,0.7336567537790369
window_lstm_hybrid_fixed_s0,01491000,0.6635737367613196
window_lstm_hybrid_fixed_s0,01510000,0.6870299479846025
window_lstm_hybrid_fixed_s0,01516500,0.4514100533884281
window_lstm_hybrid_fixed_s0,01518862,0.5680619376140743
window_lstm_hybrid_fixed_s0,01532000,0.5536168245952007
window_lstm_hybrid_fixed_s0,01539000,0.7693995543709695
window_lstm_hybrid_fixed_s0,01542810,0.6065084942786285
window_lstm_hybrid_fixed_s0,01543000,0.7351620438581374
window_lstm_hybrid_fixed_s0,01543500,0.7686875682784646
window_lstm_hybrid_fixed_s0,01544500,0.7403944683788557
window_lstm_hybrid_fixed_s0,01545600,0.7215040697982751
window_lstm_hybrid_fixed_s0,01547700,0.573512537331001
window_lstm_hybrid_fixed_s0,01548500,0.7663269382767365
window_lstm_hybrid_fixed_s0,01549500,0.6415132946858475
window_lstm_hybrid_fixed_s0,01550000,0.5927943034477317
window_lstm_hybrid_fixed_s0,01552000,0.717856288388051
window_lstm_hybrid_fixed_s0,01552500,0.6033356396739822
window_lstm_hybrid_fixed_s0,01557500,0.667416943103442
window_lstm_hybrid_fixed_s0,01567500,0.5301332726066675
window_lstm_hybrid_fixed_s0,01568000,0.6696548788888483
window_lstm_hybrid_fixed_s0,01580000,0.6421412773134674
window_lstm_hybrid_fixed_s0,01583500,0.5620722263873389
window_lstm_hybrid_fixed_s0,01586610,0.589071777117079
window_lstm_hybrid_fixed_s0,01591400,0.5149582330895173
window_lstm_hybrid_fixed_s0,01594950,0.3370753933863856
window_lstm_hybrid_fixed_s0,01596500,0.7214760623367156
window_lstm_hybrid_fixed_s0,01605500,0.6955932357282346
window_lstm_hybrid_fixed_s0,01606500,0.7282950496132199
window_lstm_hybrid_fixed_s0,01632000,0.5624537669742222
window_lstm_hybrid_fixed_s0,01632900,0.6050801834460595
window_lstm_hybrid_fixed_s0,01634500,0.48620095040933997
window_lstm_hybrid_fixed_s0,01638480,0.5701056851151204
window_lstm_hybrid_fixed_s0,01639500,0.7062022403268051
window_lstm_hybrid_fixed_s0,01644000,0.6943741621143955
window_lstm_hybrid_fixed_s0,01664000,0.6451211377379311
window_lstm_hybrid_fixed_s0,01666500,0.6002467160330469
window_lstm_hybrid_fixed_s0,01667500,0.6975632842632373
window_lstm_hybrid_fixed_s0,01669000,0.7517393493935263
window_lstm_hybrid_fixed_s0,01669520,0.6272828699631575
window_lstm_hybrid_fixed_s0,02011400,0.7649840145534131
window_lstm_hybrid_fixed_s0,02013000,0.7150985413254594
window_lstm_hybrid_fixed_s0,02014000,0.7242336814683596
window_lstm_hybrid_fixed_s0,02015700,0.6899176776273406
window_lstm_hybrid_fixed_s0,02016000,0.8127536810808791
window_lstm_hybrid_fixed_s0,02017500,0.7532832190667839
window_lstm_hybrid_fixed_s0,02018000,0.8194383710446038
window_lstm_hybrid_fixed_s0,02027000,0.6006521273348011
window_lstm_hybrid_fixed_s0,02027500,0.4491505441794982
window_lstm_hybrid_fixed_s0,02028500,0.6035884703522585
window_lstm_hybrid_fixed_s0,02038850,0.4263432430276395
window_lstm_hybrid_fixed_s0,02046000,0.5914274019179779
window_lstm_hybrid_fixed_s0,02051500,0.70598506114304
window_lstm_hybrid_fixed_s0,02053200,0.7798947793520139
window_lstm_hybrid_fixed_s0,02053800,0.6898526956880002
window_lstm_hybrid_fixed_s0,02055100,0.5828314225045697
window_lstm_hybrid_fixed_s0,02056900,0.6864858245982179
window_lstm_hybrid_fixed_s0,02059500,0.653763903584381
window_lstm_hybrid_fixed_s0,02064000,0.3579410868282892
window_lstm_hybrid_fixed_s0,02065500,0.6819195080793827
window_lstm_hybrid_fixed_s0,02069700,0.687440285239399
window_lstm_hybrid_fixed_s0,02070000,0.6416325946489478
window_lstm_hybrid_fixed_s0,02074500,0.6442891375421924
window_lstm_hybrid_fixed_s0,02077200,0.5925457224999956
window_lstm_hybrid_fixed_s0,02081500,0.767421986464987
window_lstm_hybrid_fixed_s0,02082950,0.7073946506614711
window_lstm_hybrid_fixed_s0,02092500,0.6729931928508437
window_lstm_hybrid_fixed_s0,02096846,0.43765322213859326
window_lstm_hybrid_fixed_s0,02102908,0.29980213456002713
window_lstm_hybrid_fixed_s0,02108000,0.6715413845029179
window_lstm_hybrid_fixed_s0,02111180,0.5770295593410888
window_lstm_hybrid_fixed_s0,02111500,0.7094333555838244
window_lstm_hybrid_fixed_s0,02112120,0.6759984449754088
window_lstm_hybrid_fixed_s0,02112360,0.6938010188572977
window_lstm_hybrid_fixed_s0,02118500,0.70530407754249
window_lstm_hybrid_fixed_s0,02125000,0.5913433787357188
window_lstm_hybrid_fixed_s0,02128000,0.49501743373199414
window_lstm_hybrid_fixed_s0,02137727,0.609239272294855
window_lstm_hybrid_fixed_s0,02140991,0.27825570463064875
window_lstm_hybrid_fixed_s0,02143000,0.7177369611479842
window_lstm_hybrid_fixed_s0,02143040,0.7440841398198761
window_lstm_hybrid_fixed_s0,02149000,0.6636363340619522
window_lstm_hybrid_fixed_s0,02152100,0.6931370964847579
window_lstm_hybrid_fixed_s0,02177000,0.6993698039587857
window_lstm_hybrid_fixed_s0,02178400,0.7487949170098396
window_lstm_hybrid_fixed_s0,02193340,0.4302427420536542
window_lstm_hybrid_fixed_s0,02196000,0.7394131259535617
window_lstm_hybrid_fixed_s0,02198100,0.5300037469691112
window_lstm_hybrid_fixed_s0,02202600,0.511134110784815
window_lstm_hybrid_fixed_s0,02212600,0.7131060829376217
window_lstm_hybrid_fixed_s0,02215100,0.5707394886076891
window_lstm_hybrid_fixed_s0,02216180,0.6840620213337383
window_lstm_hybrid_fixed_s0,02221525,0.79177167320943
window_lstm_hybrid_fixed_s0,02231000,0.7720052160280007
window_lstm_hybrid_fixed_s0,02245500,0.5929231596246172
window_lstm_hybrid_fixed_s0,02246000,0.7534432632115975
window_lstm_hybrid_fixed_s0,02296500,0.7172152190537606
window_lstm_hybrid_fixed_s0,02297155,0.48470019512127926
window_lstm_hybrid_fixed_s0,02297310,0.6801259924695924
window_lstm_hybrid_fixed_s0,02298123,0.6420539272328314
window_lstm_hybrid_fixed_s0,02298608,0.6156362724323787
window_lstm_hybrid_fixed_s0,02299950,0.5472919751331833
window_lstm_hybrid_fixed_s0,02300700,0.5164924154563111
window_lstm_hybrid_fixed_s0,02342933,0.6526164017425999
window_lstm_hybrid_fixed_s0,02349900,0.662085917737699
window_lstm_hybrid_fixed_s0,02350900,0.4983766833999459
window_lstm_hybrid_fixed_s0,02361000,0.7965014474769603
window_lstm_hybrid_fixed_s0,02363000,0.5778534589032123
window_lstm_hybrid_fixed_s0,02369800,0.8059835162969409
window_lstm_hybrid_fixed_s0,02371500,0.7747298161878791
window_lstm_hybrid_fixed_s0,02372250,0.7989861623504676
window_lstm_hybrid_fixed_s0,02374500,0.7117677518284646
window_lstm_hybrid_fixed_s0,02381600,0.4737661570116697
window_lstm_hybrid_fixed_s0,02384540,0.5731067150995086
window_lstm_hybrid_fixed_s0,02395120,0.6695223952337939
window_lstm_hybrid_fixed_s0,02415000,0.5600364136371787
window_lstm_hybrid_fixed_s0,02427250,0.453110489745028
window_lstm_hybrid_fixed_s0,02430085,0.5152607299615503
window_lstm_hybrid_fixed_s0,02450250,0.7623758078092115
window_lstm_hybrid_fixed_s0,02464000,0.7801062475448053
window_lstm_hybrid_fixed_s0,02464360,0.607276796503084
window_lstm_hybrid_fixed_s0,02465493,0.5492768881210486
window_lstm_hybrid_fixed_s0,02469800,0.7891586850055945
window_lstm_hybrid_fixed_s0,02472000,0.7860267006300427
window_lstm_hybrid_fixed_s0,02472500,0.6908828063917667
window_lstm_hybrid_fixed_s0,02479155,0.5093206251263731
window_lstm_hybrid_fixed_s0,02479300,0.6947330159392631
window_lstm_hybrid_fixed_s0,02479560,0.7797461132345062
window_lstm_hybrid_fixed_s0,02481000,0.6542502134970023
window_lstm_hybrid_fixed_s0,02481510,0.6303137413070174
window_lstm_hybrid_fixed_s0,04015330,0.6696581048695778
window_lstm_hybrid_fixed_s0,04024430,0.6829171244758117
window_lstm_hybrid_fixed_s0,04027000,0.7816138520828159
window_lstm_hybrid_fixed_s0,04040500,0.8209066815941148
window_lstm_hybrid_fixed_s0,04043050,0.6997900163503796
window_lstm_hybrid_fixed_s0,04045500,0.8712791285845173
window_lstm_hybrid_fixed_s0,04057510,0.6557134795736
window_lstm_hybrid_fixed_s0,04057800,0.732559766803627
window_lstm_hybrid_fixed_s0,04059500,0.7958860046166764
window_lstm_hybrid_fixed_s0,04063700,0.6623593685999756
window_lstm_hybrid_fixed_s0,04074950,0.774738528646409
window_lstm_hybrid_fixed_s0,04105700,0.518875195797823
window_lstm_hybrid_fixed_s0,04115265,-0.7956248130063508
window_lstm_hybrid_fixed_s0,04122200,0.641226408266365
window_lstm_hybrid_fixed_s0,04122500,0.6930910124539065
window_lstm_hybrid_fixed_s0,04127918,0.6958802763181007
window_lstm_hybrid_fixed_s0,04127997,0.5060460971737138
window_lstm_hybrid_fixed_s0,04161580,0.6173103332074843
window_lstm_hybrid_fixed_s0,04185000,0.7412929872705234
window_lstm_hybrid_fixed_s0,04196800,0.7458055397070573
window_lstm_hybrid_fixed_s0,04197100,0.6348320768493667
window_lstm_hybrid_fixed_s0,04197170,0.6004180604058112
window_lstm_hybrid_fixed_s0,04213000,0.6279497431783057
window_lstm_hybrid_fixed_s0,04213075,0.019012517621907477
window_lstm_hybrid_fixed_s0,04216418,0.5769104039596182
window_lstm_hybrid_fixed_s0,04221000,0.7037033604074385
window_lstm_hybrid_fixed_s0,04224775,0.5554742272676736
window_lstm_hybrid_fixed_s0,04233000,0.5733905719523198
window_lstm_hybrid_fixed_s0,04256000,0.7014123451286232
window_lstm_hybrid_fixed_s0,03010655,0.6949125465391882
window_lstm_hybrid_fixed_s0,03011800,0.7061162080158057
window_lstm_hybrid_fixed_s0,03015500,0.7041948875231098
window_lstm_hybrid_fixed_s0,03021350,0.5826738360709017
window_lstm_hybrid_fixed_s0,03026500,0.5612703773128463
window_lstm_hybrid_fixed_s0,03028000,0.6600791701979378
window_lstm_hybrid_fixed_s0,03049000,0.5689108683020199
window_lstm_hybrid_fixed_s0,03049800,0.2169668862616918
window_lstm_hybrid_fixed_s0,03050000,0.4094520463227175
window_lstm_hybrid_fixed_s0,03069500,0.777123947116772
window_lstm_hybrid_fixed_s0,03070500,0.7467745759915672
window_lstm_hybrid_fixed_s0,03076600,0.6520962853607449
window_lstm_hybrid_fixed_s0,03078000,0.7360270581870716
window_lstm_hybrid_fixed_s0,03140000,0.6283802444832159
window_lstm_hybrid_fixed_s0,03144000,0.7511896603557318
window_lstm_hybrid_fixed_s0,03170000,0.7854504346469375
window_lstm_hybrid_fixed_s0,03173000,0.7639135733760662
window_lstm_hybrid_fixed_s0,03180500,0.7749073842917943
window_lstm_hybrid_fixed_s0,03182500,0.7921508995770408
window_lstm_hybrid_fixed_s0,03186500,0.682995609935559
window_lstm_hybrid_fixed_s0,03237280,0.33284932877432505
window_lstm_hybrid_fixed_s0,03237500,0.7315051229546345
window_lstm_hybrid_fixed_s0,03238500,0.6445969425885304
window_lstm_hybrid_fixed_s0,03241500,0.5972538823923954
window_lstm_hybrid_fixed_s0,03280700,0.5596567509471302
window_lstm_hybrid_fixed_s0,03281500,0.7835598796477763
window_lstm_hybrid_fixed_s0,03285000,0.6677450718289302
window_lstm_hybrid_fixed_s0,03291780,0.626324153789629
window_lstm_hybrid_fixed_s0,03338780,0.5659948333717748
window_lstm_hybrid_fixed_s0,03340800,0.6696271148384503
window_lstm_hybrid_fixed_s0,03346000,0.7787513596032271
window_lstm_hybrid_fixed_s0,03364500,0.6236890691660453
window_lstm_hybrid_fixed_s0,03366500,0.7277216308182781
window_lstm_hybrid_fixed_s0,03368000,0.5602295858420607
window_lstm_hybrid_fixed_s0,03384450,0.6331024061447708
window_lstm_hybrid_fixed_s0,03439000,0.6665697494514262
window_lstm_hybrid_fixed_s0,03455500,0.49859327164811995
window_lstm_hybrid_fixed_s0,03456500,0.5863353680461575
window_lstm_hybrid_fixed_s0,03460000,0.7245744496725331
window_lstm_hybrid_fixed_s0,03463300,0.5372440275359779
window_lstm_hybrid_fixed_s0,03471500,0.6321490523850328
window_lstm_hybrid_fixed_s0,03473000,0.7325414509574601
window_lstm_hybrid_fixed_s0,03479000,0.6401369970198743
window_lstm_hybrid_fixed_s0,03488000,0.7676038785672441
window_lstm_hybrid_fixed_s0,03498500,0.7572445395342637
window_lstm_hybrid_fixed_s0,03500000,0.8023474996001622
window_lstm_hybrid_fixed_s0,03500240,0.7695367843482828
window_lstm_hybrid_fixed_s0,03504000,0.7526552213858182
window_lstm_hybrid_fixed_s0,03574500,0.7819658300751745
window_lstm_hybrid_fixed_s0,03592718,0.6027244449164029
window_lstm_hybrid_fixed_s0,03604000,0.7266844367998895
window_lstm_hybrid_fixed_s0,05291000,0.5636883072618952
window_lstm_hybrid_fixed_s0,05362000,0.8048469476317452
window_lstm_hybrid_fixed_s0,05393500,0.7602351014630224
window_lstm_hybrid_fixed_s0,05399500,0.5384833511867594
window_lstm_hybrid_fixed_s0,05408000,0.7091918459594805
window_lstm_hybrid_fixed_s0,05413500,0.5299864151709306
window_lstm_hybrid_fixed_s0,05414000,0.2554971710675502
window_lstm_hybrid_fixed_s0,05444000,-0.20910484740423518
window_lstm_hybrid_fixed_s0,05454000,0.1077815023608304
window_lstm_hybrid_fixed_s0,05458000,0.6904373919911897
window_lstm_hybrid_fixed_s0,05466500,0.5706833429147378
window_lstm_hybrid_fixed_s0,05487980,0.6910551758789849
window_lstm_hybrid_fixed_s0,05488200,0.3994288208119764
window_lstm_hybrid_fixed_s0,05489000,0.6090699060870164
window_lstm_hybrid_fixed_s0,05495000,0.7372745649142456
window_lstm_hybrid_fixed_s0,05495500,0.7320922865569763
window_lstm_hybrid_fixed_s0,05501000,0.7025531256012849
window_lstm_hybrid_fixed_s0,05503800,0.6258060535544459
window_lstm_hybrid_fixed_s0,05507600,0.6423532979804085
window_lstm_hybrid_fixed_s0,05508805,0.6735772555940378
window_lstm_hybrid_fixed_s0,05525500,0.7422068714898584
window_lstm_hybrid_fixed_s0,05556500,0.6629281977304924
window_lstm_hybrid_fixed_s0,05584500,0.7067415186471131
window_lstm_hybrid_fixed_s0,05591550,0.5904410089226009
window_lstm_hybrid_fixed_s0,05592050,0.7085442850350946
window_lstm_hybrid_fixed_s0,05592575,0.3507092093717228
window_lstm_hybrid_fixed_s0,05593575,0.76057586458107
window_lstm_hybrid_fixed_s0,05593900,0.6225756511023887
window_lstm_hybrid_fixed_s0,05595730,0.7796701356068209
window_lstm_hybrid_fixed_s0,07291000,0.5529455577859312
window_lstm_hybrid_fixed_s0,07359610,0.44681018054624866
window_lstm_hybrid_fixed_s0,07362100,0.6890912034077932
window_lstm_hybrid_fixed_s0,07362587,0.20399693467676916
window_lstm_hybrid_fixed_s0,07375000,0.4872194002640392
window_lstm_hybrid_fixed_s0,08013000,0.5841088187846599
window_lstm_hybrid_fixed_s0,08014500,0.5745511689200354
window_lstm_hybrid_fixed_s0,05057200,0.2844386601442661
window_lstm_hybrid_fixed_s0,05120500,0.5841241067116438
window_lstm_hybrid_fixed_s0,06221400,0.5496560551051939
window_lstm_hybrid_fixed_s0,06224000,0.8208553663050034
window_lstm_hybrid_fixed_s0,06278300,0.7622828147107203
window_lstm_hybrid_fixed_s0,06280300,0.7906549519708972
window_lstm_hybrid_fixed_s0,06289000,0.7777002896907054
window_lstm_hybrid_fixed_s0,06291500,0.46564772580821245
window_lstm_hybrid_fixed_s0,06311000,0.7592332535531672
window_lstm_hybrid_fixed_s0,06332515,-0.18466896864458682
window_lstm_hybrid_fixed_s0,06339100,0.16296035041036494
window_lstm_hybrid_fixed_s0,06344600,0.14431128450735708
window_lstm_hybrid_fixed_s0,06350000,0.37285342502348395
window_lstm_hybrid_fixed_s0,06352000,0.3157449301970968
window_lstm_hybrid_fixed_s0,06404000,0.6526013942370861
window_lstm_hybrid_fixed_s0,06406000,0.4266787363570512
window_lstm_hybrid_fixed_s0,06409000,0.3288423550015198
window_lstm_hybrid_fixed_s0,06431500,-0.1216135302498016
window_lstm_hybrid_fixed_s0,06440200,0.22989339516999507
window_lstm_hybrid_fixed_s0,06447500,0.30748088464100976
window_lstm_hybrid_fixed_s0,06470800,0.2531785363888638
window_lstm_hybrid_fixed_s0,06477500,0.42642719423508224
window_lstm_hybrid_fixed_s0,06479215,0.42718130238978014
window_lstm_hybrid_fixed_s0,06601000,0.3062617081981739
window_lstm_hybrid_fixed_s0,06614800,0.8251471774418053
window_lstm_hybrid_fixed_s0,06622700,0.8349819540686793
window_lstm_hybrid_fixed_s0,06623800,0.8766973053273753
window_lstm_hybrid_fixed_s0,06632400,0.8417646056375415
window_lstm_hybrid_fixed_s0,06746095,0.7031465825030063
window_lstm_hybrid_fixed_s0,06803510,0.2234349362361291
window_lstm_hybrid_fixed_s0,06803530,0.42130671033146194
window_lstm_hybrid_fixed_s0,06814000,0.6661964413133169
window_lstm_hybrid_fixed_s0,06847900,0.270441421886063
window_lstm_hybrid_fixed_s0,06853800,0.19264280292827762
window_lstm_hybrid_fixed_s0,06876700,0.4431074810189022
window_lstm_hybrid_fixed_s0,06878000,0.6379814173912749
window_lstm_hybrid_fixed_s0,06879650,0.07165517929719412
window_lstm_hybrid_fixed_s0,06885500,0.7093840425898235
window_lstm_hybrid_fixed_s0,06888500,0.67057855080604
window_lstm_hybrid_fixed_s0,06889200,0.5182705496385615
window_lstm_hybrid_fixed_s0,06889500,0.653925700213317
window_lstm_hybrid_fixed_s0,06892000,0.7366016173440673
window_lstm_hybrid_fixed_s0,06903400,0.617875638904902
window_lstm_hybrid_fixed_s0,06906800,0.4513221206195305
window_lstm_hybrid_fixed_s0,06910800,0.6740637752563736
window_lstm_hybrid_fixed_s0,06911900,0.6703950695342193
window_lstm_hybrid_fixed_s0,06917000,0.7731562822284531
window_lstm_hybrid_fixed_s0,06918460,0.45053217680253077
window_lstm_hybrid_fixed_s0,06919500,0.744434104712573
window_lstm_hybrid_fixed_s0,06921070,0.5743691790238297
window_lstm_hybrid_fixed_s0,06921200,0.4842169217753065
window_lstm_hybrid_fixed_s0,07057500,0.7476071684595413
window_lstm_hybrid_fixed_s0,07060710,0.5079070021591638
window_lstm_hybrid_fixed_s0,07066000,0.7208194115837021
window_lstm_hybrid_fixed_s0,07083000,0.8104476831396996
window_lstm_hybrid_fixed_s0,07142300,0.08260750290362517
window_lstm_hybrid_fixed_s0,07145700,0.6720164730278642
window_lstm_hybrid_fixed_s0,07167500,0.6248861326616348
window_lstm_hybrid_fixed_s0,07180500,0.6014020840969411
window_lstm_hybrid_fixed_s0,07184000,0.5346084259626376
window_lstm_hybrid_fixed_s0,07195800,0.3483370571615838
window_lstm_hybrid_fixed_s0,07196900,0.5252005241903576
window_lstm_hybrid_fixed_s0,07197000,0.7189265932957172
window_lstm_hybrid_fixed_s0,07208500,-0.7367106240110823
window_lstm_hybrid_fixed_s0,07261000,0.7862595961851954
window_lstm_hybrid_fixed_s0,07263295,0.2688980206531665
window_lstm_hybrid_fixed_s0,07299670,0.21669624333840687
window_lstm_hybrid_fixed_s0,07301410,0.39075192798172587
window_lstm_hybrid_fixed_s0,07315200,0.5122142431094779
window_lstm_hybrid_fixed_s0,07315700,0.6104095275347847
window_lstm_hybrid_fixed_s0,07335700,0.444757941307662
window_lstm_hybrid_fixed_s0,07340300,0.6734993827606363
window_lstm_hybrid_fixed_s0,07346045,0.7323711881059201
window_lstm_hybrid_fixed_s0,08023080,0.6547227093475865
window_lstm_hybrid_fixed_s0,08050800,0.5808212961550456
window_lstm_hybrid_fixed_s0,08066200,0.60590981655816
window_lstm_hybrid_fixed_s0,08066300,0.55901053545313
window_lstm_hybrid_fixed_s0,08070000,0.5268715726854682
window_lstm_hybrid_fixed_s0,08070200,0.5102715583727624
window_lstm_hybrid_fixed_s0,08082700,0.4996760310480287
window_lstm_hybrid_fixed_s0,08086212,0.46502510519557716
window_lstm_hybrid_fixed_s0,08086290,0.5731449575801206
window_lstm_hybrid_fixed_s0,08101000,0.6509391047706286
window_lstm_hybrid_fixed_s0,08103900,0.4245337098153197
window_lstm_hybrid_fixed_s0,08104900,0.5874582771327168
window_lstm_hybrid_fixed_s0,08109700,0.5566175337988633
window_lstm_hybrid_fixed_s0,08150800,-0.6226995771750625
window_lstm_hybrid_fixed_s0,08158700,0.42992498344660635
window_lstm_hybrid_fixed_s0,08158810,0.3104240534938071
window_lstm_hybrid_fixed_s0,08164300,0.7109025450646134
window_lstm_hybrid_fixed_s0,08164600,0.6059561945102043
window_lstm_hybrid_fixed_s0,08165300,-1.4072334254177994
window_lstm_hybrid_fixed_s0,08171300,0.6380250594608835
window_lstm_hybrid_fixed_s0,08175000,0.7754285116083124
window_lstm_hybrid_fixed_s0,08176900,0.6667639728446146
window_lstm_hybrid_fixed_s0,08178880,0.4428654825046964
window_lstm_hybrid_fixed_s0,08189500,0.7688840174332872
window_lstm_hybrid_fixed_s0,08190000,0.304593019600077
window_lstm_hybrid_fixed_s0,08190500,0.4447422920786024
window_lstm_hybrid_fixed_s0,08194200,0.12302560523839834
window_lstm_hybrid_fixed_s0,08195000,0.19342878125958007
window_lstm_hybrid_fixed_s0,08196000,0.23362360016826056
window_lstm_hybrid_fixed_s0,08198500,0.528976145603907
window_lstm_hybrid_fixed_s0,08200000,0.3876584368635215
window_lstm_hybrid_fixed_s0,08202700,0.40674428844129196
window_lstm_hybrid_fixed_s0,08267500,0.6886001367708109
window_lstm_hybrid_fixed_s0,08269000,0.6151414114520732
window_lstm_hybrid_fixed_s0,08271000,0.7581527723105457
window_lstm_hybrid_fixed_s0,08324000,0.7669509031539423
window_lstm_hybrid_fixed_s0,08377900,0.7807295766888693
window_lstm_hybrid_fixed_s0,08378500,0.7757378011023103
window_lstm_hybrid_fixed_s0,08380500,0.5345216603580849
window_lstm_hybrid_fixed_s0,09035800,0.8393479185423026
window_lstm_hybrid_fixed_s0,09035900,0.8856624012185383
window_lstm_hybrid_fixed_s0,09047700,0.75519328392865
window_lstm_hybrid_fixed_s0,09065500,0.8272247283812925
window_lstm_hybrid_fixed_s0,09066000,0.8205292112904332
window_lstm_hybrid_fixed_s0,09066200,0.7969888884284965
window_lstm_hybrid_fixed_s0,09066300,0.8079392604970246
window_lstm_hybrid_fixed_s0,09081600,0.8713469619289922
window_lstm_hybrid_fixed_s0,09107000,0.6582158824875283
window_lstm_hybrid_fixed_s0,09210500,0.7574974420063462
window_lstm_hybrid_fixed_s0,09223000,0.8338270351776709
window_lstm_hybrid_fixed_s0,09306242,-0.11097367893545806
window_lstm_hybrid_fixed_s0,09312600,0.7202321776873586
window_lstm_hybrid_fixed_s0,09352900,0.8012768995527029
window_lstm_hybrid_fixed_s0,09378170,0.47566705579345403
window_lstm_hybrid_fixed_s0,09386900,0.2380372227670453
window_lstm_hybrid_fixed_s0,09404450,0.593008415025158
window_lstm_hybrid_fixed_s0,09430600,0.19188510969502603
window_lstm_hybrid_fixed_s0,09447800,-1.6539968224112216
window_lstm_hybrid_fixed_s0,09484600,0.08082708170892328
window_lstm_hybrid_fixed_s0,09492400,0.6758943548108789
window_lstm_hybrid_fixed_s0,09494000,0.5531681366534675
window_lstm_hybrid_fixed_s0,09497980,0.6508820567936131
window_lstm_hybrid_fixed_s0,09505350,0.4732707297430613
window_lstm_hybrid_fixed_s0,09505800,0.34112715140249394
window_lstm_hybrid_fixed_s0,09508300,0.6194663898133826
window_lstm_hybrid_fixed_s0,09510200,0.6801605635179431
window_lstm_hybrid_fixed_s0,09512280,0.5002480062048914
window_lstm_hybrid_fixed_s0,09513780,0.566732416373837
window_lstm_hybrid_fixed_s0,10234500,0.768825750069222
window_lstm_hybrid_fixed_s0,10244950,0.5944496333047822
window_lstm_hybrid_fixed_s0,10336645,0.7624054852427072
window_lstm_hybrid_fixed_s0,10336660,0.6960494450778347
window_lstm_hybrid_fixed_s0,10343500,0.5980427080562369
window_lstm_hybrid_fixed_s0,12010000,0.8592037320165609
window_lstm_hybrid_fixed_s0,12013500,0.8631468417427257
window_lstm_hybrid_fixed_s0,12020000,0.5867874132834127
window_lstm_hybrid_fixed_s0,12025700,0.7784714060080805
window_lstm_hybrid_fixed_s0,12035000,0.8551809364217419
window_lstm_hybrid_fixed_s0,12040500,0.7730867786585829
window_lstm_hybrid_fixed_s0,12041200,0.703903043866565
window_lstm_hybrid_fixed_s0,12048000,0.43392385262941535
window_lstm_hybrid_fixed_s0,12054000,0.660741029505097
window_lstm_hybrid_fixed_s0,12056500,0.6022235775059055
window_lstm_hybrid_fixed_s0,12073500,0.724498274433371
window_lstm_hybrid_fixed_s0,12082500,0.7156091319832156
window_lstm_hybrid_fixed_s0,12092000,0.6711348781515911
window_lstm_hybrid_fixed_s0,12114500,0.7505537101606651
window_lstm_hybrid_fixed_s0,12115000,0.7533867319278413
window_lstm_hybrid_fixed_s0,12117000,0.8321674014027844
window_lstm_hybrid_fixed_s0,12143600,0.66885364699913
window_lstm_hybrid_fixed_s0,12144000,0.6562968213781358
window_lstm_hybrid_fixed_s0,12145500,0.8570445906863822
window_lstm_hybrid_fixed_s0,12147500,0.6884261807136427
window_lstm_hybrid_fixed_s0,12167000,0.7607522677740148
window_lstm_hybrid_fixed_s0,12175500,0.7883706374551416
window_lstm_hybrid_fixed_s0,12178100,0.7228384075252867
window_lstm_hybrid_fixed_s0,12186000,0.6338497312549947
window_lstm_hybrid_fixed_s0,12189500,0.7652092964931768
window_lstm_hybrid_fixed_s0,12375900,0.7524266280761693
window_lstm_hybrid_fixed_s0,12377150,0.8608706696342164
window_lstm_hybrid_fixed_s0,12381400,0.6786790148236622
window_lstm_hybrid_fixed_s0,12383500,0.5805432578624394
window_lstm_hybrid_fixed_s0,12390700,0.7107654944464664
window_lstm_hybrid_fixed_s0,12411000,0.6591722657189414
window_lstm_hybrid_fixed_s0,12447390,0.7171344225523657
window_lstm_hybrid_fixed_s0,12451000,0.7956495126958383
window_lstm_hybrid_fixed_s0,12488500,0.7128885641112923
window_lstm_hybrid_fixed_s0,13011500,0.7825093304014402
window_lstm_hybrid_fixed_s0,13011900,0.7860188698569237
window_lstm_hybrid_fixed_s0,13018300,0.729344278319362
window_lstm_hybrid_fixed_s0,13023000,0.8821273131332874
window_lstm_hybrid_fixed_s0,13161500,0.8210256662356458
window_lstm_hybrid_fixed_s0,13235000,0.8021054213459039
window_lstm_hybrid_fixed_s0,13240000,0.8098899592062339
window_lstm_hybrid_fixed_s0,13313000,0.8253737822502092
window_lstm_hybrid_fixed_s0,13331500,0.8710148435929231
window_lstm_hybrid_fixed_s0,14020000,0.721827447425266
window_lstm_hybrid_fixed_s0,14096850,0.44815233463348325
window_lstm_hybrid_fixed_s0,14137000,0.770457023301462
window_lstm_hybrid_fixed_s0,14138800,0.7527414174085243
window_lstm_hybrid_fixed_s0,14138870,0.7596750502550387
window_lstm_hybrid_fixed_s0,14138900,0.7620124316506618
window_lstm_hybrid_fixed_s0,14139800,0.8210119562916876
window_lstm_hybrid_fixed_s0,14141500,0.8014031442176576
window_lstm_hybrid_fixed_s0,14154500,0.8417311268220501
window_lstm_hybrid_fixed_s0,14158790,0.7129016404265613
window_lstm_hybrid_fixed_s0,14166500,0.8631226293856309
window_lstm_hybrid_fixed_s0,14182500,0.789800277273811
window_lstm_hybrid_fixed_s0,14185000,0.8590181669643443
window_lstm_hybrid_fixed_s0,14185900,0.8089768567711795
window_lstm_hybrid_fixed_s0,14187000,0.23497066543288214
window_lstm_hybrid_fixed_s0,14216500,0.7435843776265225
window_lstm_hybrid_fixed_s0,14222500,0.8498013748709714
window_lstm_hybrid_fixed_s0,14236200,0.8361589642940789
window_lstm_hybrid_fixed_s0,14301000,0.9218213457957877
window_lstm_hybrid_fixed_s0,14303200,0.7416633698578768
window_lstm_hybrid_fixed_s0,14305500,0.8576030047133164
window_lstm_hybrid_fixed_s0,14306340,0.6945844183552721
window_lstm_hybrid_fixed_s0,14306500,0.8245712791960794
window_lstm_hybrid_fixed_s0,14308990,0.2021688253278936
window_lstm_hybrid_fixed_s0,14309500,0.7884360017997027
window_lstm_hybrid_fixed_s0,14316700,0.8369679226213764
window_lstm_hybrid_fixed_s0,14325000,0.8044956870371471
window_lstm_hybrid_fixed_s0,14362250,0.241887033307716
window_lstm_hybrid_fixed_s0,14400000,0.8373677106620326
window_lstm_hybrid_fixed_s0,10259000,0.6270627107259376
window_lstm_hybrid_fixed_s0,11124500,0.796664033274628
window_lstm_hybrid_fixed_s0,11141280,0.6697233901930684
window_lstm_hybrid_fixed_s0,11143000,0.7778968861315834
window_lstm_hybrid_fixed_s0,11148900,0.7192205927442334
window_lstm_hybrid_fixed_s0,11151300,0.5710087882649162
window_lstm_hybrid_fixed_s0,11176400,0.6139936679466368
window_lstm_hybrid_fixed_s0,11230500,0.6988949372499449
window_lstm_hybrid_fixed_s0,11237500,0.6290401504742344
window_lstm_hybrid_fixed_s0,11264500,0.8019045065241661
window_lstm_hybrid_fixed_s0,11266500,0.8061844556175556
window_lstm_hybrid_fixed_s0,11284400,0.7052603391136767
window_lstm_hybrid_fixed_s0,11381500,0.7500503331903328
window_lstm_hybrid_fixed_s0,11451100,0.6637608552855843
window_lstm_hybrid_fixed_s0,11468500,0.8002082700931017
window_lstm_hybrid_fixed_s0,11473900,0.7503239735621533
window_lstm_hybrid_fixed_s0,11475560,0.6345605797435443
window_lstm_hybrid_fixed_s0,11476600,0.7435367746608299
window_lstm_hybrid_fixed_s0,11478500,0.7430769610103065
window_lstm_hybrid_fixed_s0,11480390,0.671358272828579
window_lstm_hybrid_fixed_s0,11481200,0.7607603295492891
window_lstm_hybrid_fixed_s0,11482500,0.7849913816392293
window_lstm_hybrid_fixed_s0,11522500,0.7110330471162487
window_lstm_hybrid_fixed_s0,11523200,0.7694911603214503
window_lstm_hybrid_fixed_s0,11528700,0.6734812332303618
window_lstm_hybrid_fixed_s0,11532500,0.890618232888117
window_lstm_hybrid_daily_s0,01022500,0.8581460304837095
window_lstm_hybrid_daily_s0,01031500,0.8530263639968465
window_lstm_hybrid_daily_s0,01047000,0.8476163224689323
window_lstm_hybrid_daily_s0,01052500,0.8012706297190079
window_lstm_hybrid_daily_s0,01054200,0.6376915481567359
window_lstm_hybrid_daily_s0,01055000,0.6600266521626176
window_lstm_hybrid_daily_s0,01057000,0.8524240621704933
window_lstm_hybrid_daily_s0,01073000,0.8728825820189429
window_lstm_hybrid_daily_s0,01078000,0.8817573751652856
window_lstm_hybrid_daily_s0,01123000,0.8163831404380023
window_lstm_hybrid_daily_s0,01134500,0.7869246754250097
window_lstm_hybrid_daily_s0,01137500,0.7556916839617966
window_lstm_hybrid_daily_s0,01139000,0.8038929233011747
window_lstm_hybrid_daily_s0,01139800,0.7305849925352685
window_lstm_hybrid_daily_s0,01142500,0.7405700244872764
window_lstm_hybrid_daily_s0,01144000,0.8725362414898412
window_lstm_hybrid_daily_s0,01162500,0.794648769417215
window_lstm_hybrid_daily_s0,01169000,0.7063166546158536
window_lstm_hybrid_daily_s0,01170100,0.6971766126611192
window_lstm_hybrid_daily_s0,01181000,0.7072694353539307
window_lstm_hybrid_daily_s0,01187300,0.6952200886509846
window_lstm_hybrid_daily_s0,01195100,0.7247769977042058
window_lstm_hybrid_daily_s0,04296000,0.8124578074222983
window_lstm_hybrid_daily_s0,01333000,0.700874380069427
window_lstm_hybrid_daily_s0,01350000,0.6635519424965148
window_lstm_hybrid_daily_s0,01350080,0.35001581281141103
window_lstm_hybrid_daily_s0,01350140,0.6011288297806727
window_lstm_hybrid_daily_s0,01365000,0.6517596407366413
window_lstm_hybrid_daily_s0,01411300,0.686456101597968
window_lstm_hybrid_daily_s0,01413500,0.7017787373589177
window_lstm_hybrid_daily_s0,01414500,0.5946141400856123
window_lstm_hybrid_daily_s0,01415000,0.6353460638148789
window_lstm_hybrid_daily_s0,01423000,0.7716074166356198
window_lstm_hybrid_daily_s0,01434025,0.5359165128795038
window_lstm_hybrid_daily_s0,01435000,0.6678323172906747
window_lstm_hybrid_daily_s0,01439500,0.8060013047306167
window_lstm_hybrid_daily_s0,01440000,0.7638015216585794
window_lstm_hybrid_daily_s0,01440400,0.6946302227752483
window_lstm_hybrid_daily_s0,01451800,0.7583911836027397
window_lstm_hybrid_daily_s0,01466500,0.46286954358798493
window_lstm_hybrid_daily_s0,01484100,0.6346633591647128
window_lstm_hybrid_daily_s0,01487000,0.7684851636463179
window_lstm_hybrid_daily_s0,01491000,0.7159282150460664
window_lstm_hybrid_daily_s0,01510000,0.7423012220250271
window_lstm_hybrid_daily_s0,01516500,0.4230040684068618
window_lstm_hybrid_daily_s0,01518862,0.5670824930363676
window_lstm_hybrid_daily_s0,01532000,0.6070855004122311
window_lstm_hybrid_daily_s0,01539000,0.796299636699441
window_lstm_hybrid_daily_s0,01542810,0.6964944630990093
window_lstm_hybrid_daily_s0,01543000,0.8111590459494337
window_lstm_hybrid_daily_s0,01543500,0.8510664356763757
window_lstm_hybrid_daily_s0,01544500,0.7539324258897157
window_lstm_hybrid_daily_s0,01545600,0.7293392673043456
window_lstm_hybrid_daily_s0,01547700,0.6944901306670531
window_lstm_hybrid_daily_s0,01548500,0.7811506176262266
window_lstm_hybrid_daily_s0,01549500,0.630611623821155
window_lstm_hybrid_daily_s0,01550000,0.7038043227423467
window_lstm_hybrid_daily_s0,01552000,0.7969834403146663
window_lstm_hybrid_daily_s0,01552500,0.653623890403177
window_lstm_hybrid_daily_s0,01557500,0.7545267761963964
window_lstm_hybrid_daily_s0,01567500,0.5002459986676138
window_lstm_hybrid_daily_s0,01568000,0.7694479726544186
window_lstm_hybrid_daily_s0,01580000,0.7768865490978034
window_lstm_hybrid_daily_s0,01583500,0.7043553533575251
window_lstm_hybrid_daily_s0,01586610,0.6875403076391636
window_lstm_hybrid_daily_s0,01591400,0.5911978034475877
window_lstm_hybrid_daily_s0,01594950,0.30746019807218916
window_lstm_hybrid_daily_s0,01596500,0.7477963024929928
window_lstm_hybrid_daily_s0,01605500,0.7681572785327104
window_lstm_hybrid_daily_s0,01606500,0.7542270596106538
window_lstm_hybrid_daily_s0,01632000,0.4775469247252425
window_lstm_hybrid_daily_s0,01632900,0.4146934354900744
window_lstm_hybrid_daily_s0,01634500,0.4615748402216491
window_lstm_hybrid_daily_s0,01638480,0.6335359623195403
window_lstm_hybrid_daily_s0,01639500,0.7543286425953319
window_lstm_hybrid_daily_s0,01644000,0.7759137486633061
window_lstm_hybrid_daily_s0,01664000,0.7538018287695781
window_lstm_hybrid_daily_s0,01666500,0.6287771499753123
window_lstm_hybrid_daily_s0,01667500,0.788197328190908
window_lstm_hybrid_daily_s0,01669000,0.7284654299401867
window_lstm_hybrid_daily_s0,01669520,0.6478558365445855
window_lstm_hybrid_daily_s0,02011400,0.816054453327313
window_lstm_hybrid_daily_s0,02013000,0.7127470736532635
window_lstm_hybrid_daily_s0,02014000,0.7171814800263551
window_lstm_hybrid_daily_s0,02015700,0.7364255654322385
window_lstm_hybrid_daily_s0,02016000,0.8217186114856283
window_lstm_hybrid_daily_s0,02017500,0.8041447566273884
window_lstm_hybrid_daily_s0,02018000,0.842822305923596
window_lstm_hybrid_daily_s0,02027000,0.6104950608572417
window_lstm_hybrid_daily_s0,02027500,0.4605182718113462
window_lstm_hybrid_daily_s0,02028500,0.6229927846534655
window_lstm_hybrid_daily_s0,02038850,0.44529827821584755
window_lstm_hybrid_daily_s0,02046000,0.5972711438343241
window_lstm_hybrid_daily_s0,02051500,0.779601260470081
window_lstm_hybrid_daily_s0,02053200,0.7636181182284283
window_lstm_hybrid_daily_s0,02053800,0.6485988456816787
window_lstm_hybrid_daily_s0,02055100,0.5700138334701035
window_lstm_hybrid_daily_s0,02056900,0.6946706255559159
window_lstm_hybrid_daily_s0,02059500,0.6120464659705773
window_lstm_hybrid_daily_s0,02064000,0.6009283190387547
window_lstm_hybrid_daily_s0,02065500,0.6723938004026925
window_lstm_hybrid_daily_s0,02069700,0.6535564869053726
window_lstm_hybrid_daily_s0,02070000,0.6004301409221724
window_lstm_hybrid_daily_s0,02074500,0.6396665382758406
window_lstm_hybrid_daily_s0,02077200,0.6063800253039422
window_lstm_hybrid_daily_s0,02081500,0.7999268789393311
window_lstm_hybrid_daily_s0,02082950,0.6109432683477017
window_lstm_hybrid_daily_s0,02092500,0.764248959411846
window_lstm_hybrid_daily_s0,02096846,0.2749546783873136
window_lstm_hybrid_daily_s0,02102908,0.4734083919052684
window_lstm_hybrid_daily_s0,02108000,0.7741223769857212
window_lstm_hybrid_daily_s0,02111180,0.6715544191268767
window_lstm_hybrid_daily_s0,02111500,0.662497056771163
window_lstm_hybrid_daily_s0,02112120,0.6599609982436397
window_lstm_hybrid_daily_s0,02112360,0.6936274604017161
window_lstm_hybrid_daily_s0,02118500,0.7774606445490104
window_lstm_hybrid_daily_s0,02125000,0.6400842617272651
window_lstm_hybrid_daily_s0,02128000,0.5379490065046337
window_lstm_hybrid_daily_s0,02137727,0.7657744713033673
window_lstm_hybrid_daily_s0,02140991,0.772460290276499
window_lstm_hybrid_daily_s0,02143000,0.773612700793406
window_lstm_hybrid_daily_s0,02143040,0.7565096789299365
window_lstm_hybrid_daily_s0,02149000,0.7805526269617667
window_lstm_hybrid_daily_s0,02152100,0.6784028301158607
window_lstm_hybrid_daily_s0,02177000,0.8839889834982935
window_lstm_hybrid_daily_s0,02178400,0.8134132615937821
window_lstm_hybrid_daily_s0,02193340,0.493093226027675
window_lstm_hybrid_daily_s0,02196000,0.7158709214583729
window_lstm_hybrid_daily_s0,02198100,0.5174468964583312
window_lstm_hybrid_daily_s0,02202600,0.6434588733840605
window_lstm_hybrid_daily_s0,02212600,0.7108542515837606
window_lstm_hybrid_daily_s0,02215100,0.7108547685900267
window_lstm_hybrid_daily_s0,02216180,0.8138670790895589
window_lstm_hybrid_daily_s0,02221525,0.8055188645978854
window_lstm_hybrid_daily_s0,02231000,0.8446127695924839
window_lstm_hybrid_daily_s0,02245500,0.5363607303438076
window_lstm_hybrid_daily_s0,02246000,0.6002297516441104
window_lstm_hybrid_daily_s0,02296500,0.8021732949960312
window_lstm_hybrid_daily_s0,02297155,0.3068887279996291
window_lstm_hybrid_daily_s0,02297310,0.6715546612291811
window_lstm_hybrid_daily_s0,02298123,0.6518696092865944
window_lstm_hybrid_daily_s0,02298608,0.6445597884446759
window_lstm_hybrid_daily_s0,02299950,0.5873343021225549
window_lstm_hybrid_daily_s0,02300700,0.6031259711469257
window_lstm_hybrid_daily_s0,02342933,0.6913500881540159
window_lstm_hybrid_daily_s0,02349900,0.709736021761562
window_lstm_hybrid_daily_s0,02350900,0.7995426214602532
window_lstm_hybrid_daily_s0,02361000,0.80041049024561
window_lstm_hybrid_daily_s0,02363000,0.7574648539924146
window_lstm_hybrid_daily_s0,02369800,0.811273504171934
window_lstm_hybrid_daily_s0,02371500,0.7250083462224014
window_lstm_hybrid_daily_s0,02372250,0.7593994386770204
window_lstm_hybrid_daily_s0,02374500,0.8043116626164764
window_lstm_hybrid_daily_s0,02381600,0.4617805472150278
window_lstm_hybrid_daily_s0,02384540,0.581392709837871
window_lstm_hybrid_daily_s0,02395120,0.6546441819838229
window_lstm_hybrid_daily_s0,02415000,0.6652967045637865
window_lstm_hybrid_daily_s0,02427250,0.5912852355293737
window_lstm_hybrid_daily_s0,02430085,0.605901944934093
window_lstm_hybrid_daily_s0,02450250,0.7694812685333055
window_lstm_hybrid_daily_s0,02464000,0.7889843796825944
window_lstm_hybrid_daily_s0,02464360,0.6067577316095911
window_lstm_hybrid_daily_s0,02465493,0.6129703343525086
window_lstm_hybrid_daily_s0,02469800,0.7930683220170998
window_lstm_hybrid_daily_s0,02472000,0.8580521882456562
window_lstm_hybrid_daily_s0,02472500,0.777559664561277
window_lstm_hybrid_daily_s0,02479155,0.7480255119732107
window_lstm_hybrid_daily_s0,02479300,0.7487021434287147
window_lstm_hybrid_daily_s0,02479560,0.8336871231842631
window_lstm_hybrid_daily_s0,02481000,0.7042245473275596
window_lstm_hybrid_daily_s0,02481510,0.6898681036329776
window_lstm_hybrid_daily_s0,04015330,0.7341251801629418
window_lstm_hybrid_daily_s0,04024430,0.7949971293773705
window_lstm_hybrid_daily_s0,04027000,0.8522161800733548
window_lstm_hybrid_daily_s0,04040500,0.8353786585252035
window_lstm_hybrid_daily_s0,04043050,0.7762028418803345
window_lstm_hybrid_daily_s0,04045500,0.8779807403014195
window_lstm_hybrid_daily_s0,04057510,0.7625537255846788
window_lstm_hybrid_daily_s0,04057800,0.8111525667917997
window_lstm_hybrid_daily_s0,04059500,0.8208792133425893
window_lstm_hybrid_daily_s0,04063700,0.7167871874063545
window_lstm_hybrid_daily_s0,04074950,0.8474157590380246
window_lstm_hybrid_daily_s0,04105700,0.7147212166790895
window_lstm_hybrid_daily_s0,04115265,-0.3836452357294913
window_lstm_hybrid_daily_s0,04122200,0.6896043576007365
window_lstm_hybrid_daily_s0,04122500,0.7209161909096463
window_lstm_hybrid_daily_s0,04127918,0.4840287190158472
window_lstm_hybrid_daily_s0,04127997,0.5528719417584288
window_lstm_hybrid_daily_s0,04161580,0.6745254283414918
window_lstm_hybrid_daily_s0,04185000,0.7715713136575322
window_lstm_hybrid_daily_s0,04196800,0.7722924706090583
window_lstm_hybrid_daily_s0,04197100,0.7436846014591865
window_lstm_hybrid_daily_s0,04197170,0.5611143067847623
window_lstm_hybrid_daily_s0,04213000,0.6365746367786439
window_lstm_hybrid_daily_s0,04213075,0.28745082120217524
window_lstm_hybrid_daily_s0,04216418,0.6590934229689052
window_lstm_hybrid_daily_s0,04221000,0.7453066624439612
window_lstm_hybrid_daily_s0,04224775,0.6240594635710537
window_lstm_hybrid_daily_s0,04233000,0.6372914080574915
window_lstm_hybrid_daily_s0,04256000,0.8029601465858136
window_lstm_hybrid_daily_s0,03010655,0.7487234149614326
window_lstm_hybrid_daily_s0,03011800,0.7069360743429531
window_lstm_hybrid_daily_s0,03015500,0.757733652039239
window_lstm_hybrid_daily_s0,03021350,0.6511562435211395
window_lstm_hybrid_daily_s0,03026500,0.696927218855727
window_lstm_hybrid_daily_s0,03028000,0.7348338324113044
window_lstm_hybrid_daily_s0,03049000,0.6838550750185406
window_lstm_hybrid_daily_s0,03049800,0.1938186548460531
window_lstm_hybrid_daily_s0,03050000,0.1275034365242238
window_lstm_hybrid_daily_s0,03069500,0.8444065000543104
window_lstm_hybrid_daily_s0,03070500,0.8015390813056346
window_lstm_hybrid_daily_s0,03076600,0.6452374344017198
window_lstm_hybrid_daily_s0,03078000,0.7528110439029838
window_lstm_hybrid_daily_s0,03140000,0.6295444451700176
window_lstm_hybrid_daily_s0,03144000,0.7267608564083878
window_lstm_hybrid_daily_s0,03170000,0.771801710287683
window_lstm_hybrid_daily_s0,03173000,0.8293749797615793
window_lstm_hybrid_daily_s0,03180500,0.776684532208681
window_lstm_hybrid_daily_s0,03182500,0.8704575948893685
window_lstm_hybrid_daily_s0,03186500,0.7338782375470595
window_lstm_hybrid_daily_s0,03237280,0.3585227002795598
window_lstm_hybrid_daily_s0,03237500,0.7726634064143022
window_lstm_hybrid_daily_s0,03238500,0.7187294147166318
window_lstm_hybrid_daily_s0,03241500,0.7914301312128874
window_lstm_hybrid_daily_s0,03280700,0.5963270890050716
window_lstm_hybrid_daily_s0,03281500,0.8760260722697782
window_lstm_hybrid_daily_s0,03285000,0.7808847792121574
window_lstm_hybrid_daily_s0,03291780,0.6434894693202838
window_lstm_hybrid_daily_s0,03338780,0.557323767310414
window_lstm_hybrid_daily_s0,03340800,0.5114779722603136
window_lstm_hybrid_daily_s0,03346000,0.8046696647002096
window_lstm_hybrid_daily_s0,03364500,0.7101838899664866
window_lstm_hybrid_daily_s0,03366500,0.8349101484024501
window_lstm_hybrid_daily_s0,03368000,0.5385626021408052
window_lstm_hybrid_daily_s0,03384450,0.6700450512948302
window_lstm_hybrid_daily_s0,03439000,0.8110590138633247
window_lstm_hybrid_daily_s0,03455500,0.6327803314213889
window_lstm_hybrid_daily_s0,03456500,0.7449157392518323
window_lstm_hybrid_daily_s0,03460000,0.7592527310633612
window_lstm_hybrid_daily_s0,03463300,0.6950489500112156
window_lstm_hybrid_daily_s0,03471500,0.6179393306482119
window_lstm_hybrid_daily_s0,03473000,0.7261121262434498
window_lstm_hybrid_daily_s0,03479000,0.8029023417936243
window_lstm_hybrid_daily_s0,03488000,0.7861986710048675
window_lstm_hybrid_daily_s0,03498500,0.8282931997746227
window_lstm_hybrid_daily_s0,03500000,0.8849769859112504
window_lstm_hybrid_daily_s0,03500240,0.792136630782071
window_lstm_hybrid_daily_s0,03504000,0.7745801033691313
window_lstm_hybrid_daily_s0,03574500,0.7608924737167588
window_lstm_hybrid_daily_s0,03592718,0.6365589416777356
window_lstm_hybrid_daily_s0,03604000,0.7751709696220854
window_lstm_hybrid_daily_s0,05291000,0.6507797365710849
window_lstm_hybrid_daily_s0,05362000,0.8252520121964885
window_lstm_hybrid_daily_s0,05393500,0.8368273058973996
window_lstm_hybrid_daily_s0,05399500,0.6932632938602852
window_lstm_hybrid_daily_s0,05408000,0.6718314955269713
window_lstm_hybrid_daily_s0,05413500,0.5880110982012753
window_lstm_hybrid_daily_s0,05414000,0.41599544649753617
window_lstm_hybrid_daily_s0,05444000,0.526085396885752
window_lstm_hybrid_daily_s0,05454000,0.5501797212518056
window_lstm_hybrid_daily_s0,05458000,0.6736119176130776
window_lstm_hybrid_daily_s0,05466500,0.7669870279191813
window_lstm_hybrid_daily_s0,05487980,0.7554414401362978
window_lstm_hybrid_daily_s0,05488200,0.48144231775275503
window_lstm_hybrid_daily_s0,05489000,0.6928879790306557
window_lstm_hybrid_daily_s0,05495000,0.7685355392002013
window_lstm_hybrid_daily_s0,05495500,0.7633379781737785
window_lstm_hybrid_daily_s0,05501000,0.7436683982010238
window_lstm_hybrid_daily_s0,05503800,0.733615650668226
window_lstm_hybrid_daily_s0,05507600,0.6907270161859835
window_lstm_hybrid_daily_s0,05508805,0.7182542067537785
window_lstm_hybrid_daily_s0,05525500,0.7972576172415462
window_lstm_hybrid_daily_s0,05556500,0.7461063359062159
window_lstm_hybrid_daily_s0,05584500,0.7576953183125779
window_lstm_hybrid_daily_s0,05591550,0.6658806199314037
window_lstm_hybrid_daily_s0,05592050,0.7155780110359451
window_lstm_hybrid_daily_s0,05592575,0.4353600800546189
window_lstm_hybrid_daily_s0,05593575,0.8016801615106869
window_lstm_hybrid_daily_s0,05593900,0.6976902859923353
window_lstm_hybrid_daily_s0,05595730,0.8240424460287172
window_lstm_hybrid_daily_s0,07291000,0.5674467975467091
window_lstm_hybrid_daily_s0,07359610,0.5056801455719075
window_lstm_hybrid_daily_s0,07362100,0.7741431900808764
window_lstm_hybrid_daily_s0,07362587,0.42498239244132197
window_lstm_hybrid_daily_s0,07375000,0.49161493712041937
window_lstm_hybrid_daily_s0,08013000,0.6327958938627531
window_lstm_hybrid_daily_s0,08014500,0.6358291155597766
window_lstm_hybrid_daily_s0,05057200,0.34649357276133663
window_lstm_hybrid_daily_s0,05120500,0.425192305499805
window_lstm_hybrid_daily_s0,06221400,0.5661960136928982
window_lstm_hybrid_daily_s0,06224000,0.8651770232337586
window_lstm_hybrid_daily_s0,06278300,0.805983136781411
window_lstm_hybrid_daily_s0,06280300,0.8327353558959855
window_lstm_hybrid_daily_s0,06289000,0.7490432469995962
window_lstm_hybrid_daily_s0,06291500,0.6057615532442263
window_lstm_hybrid_daily_s0,06311000,0.7788518728447112
window_lstm_hybrid_daily_s0,06332515,-0.8006051586230984
window_lstm_hybrid_daily_s0,06339100,0.12397983261974166
window_lstm_hybrid_daily_s0,06344600,-0.042321627588668864
window_lstm_hybrid_daily_s0,06350000,0.28934417151772684
window_lstm_hybrid_daily_s0,06352000,0.44754617108690886
window_lstm_hybrid_daily_s0,06404000,0.6715863339022613
window_lstm_hybrid_daily_s0,06406000,0.47015865605878093
window_lstm_hybrid_daily_s0,06409000,0.3283602610832883
window_lstm_hybrid_daily_s0,06431500,0.06358812125323798
window_lstm_hybrid_daily_s0,06440200,0.1730340615031536
window_lstm_hybrid_daily_s0,06447500,0.3004907932300406
window_lstm_hybrid_daily_s0,06470800,0.3135039265222208
window_lstm_hybrid_daily_s0,06477500,0.43581216518079646
window_lstm_hybrid_daily_s0,06479215,0.4308752124836971
window_lstm_hybrid_daily_s0,06601000,0.0463753911767385
window_lstm_hybrid_daily_s0,06614800,0.8595652443703259
window_lstm_hybrid_daily_s0,06622700,0.8374144768778151
window_lstm_hybrid_daily_s0,06623800,0.8956371748618793
window_lstm_hybrid_daily_s0,06632400,0.8639885831331514
window_lstm_hybrid_daily_s0,06746095,0.7804662473743251
window_lstm_hybrid_daily_s0,06803510,0.4231998359031488
window_lstm_hybrid_daily_s0,06803530,0.5707466959306369
window_lstm_hybrid_daily_s0,06814000,0.6283194161455956
window_lstm_hybrid_daily_s0,06847900,0.06995224052867233
window_lstm_hybrid_daily_s0,06853800,0.3722358713498146
window_lstm_hybrid_daily_s0,06876700,0.5696856030887533
window_lstm_hybrid_daily_s0,06878000,0.6068949698605473
window_lstm_hybrid_daily_s0,06879650,0.32745227349718353
window_lstm_hybrid_daily_s0,06885500,0.6977985907722919
window_lstm_hybrid_daily_s0,06888500,0.70711988252062
window_lstm_hybrid_daily_s0,06889200,0.4798208657244293
window_lstm_hybrid_daily_s0,06889500,0.6541422020043284
window_lstm_hybrid_daily_s0,06892000,0.7978630383112484
window_lstm_hybrid_daily_s0,06903400,0.640956374284744
window_lstm_hybrid_daily_s0,06906800,0.5275912413625079
window_lstm_hybrid_daily_s0,06910800,0.7424751152967345
window_lstm_hybrid_daily_s0,06911900,0.6946734052235382
window_lstm_hybrid_daily_s0,06917000,0.8166394586458098
window_lstm_hybrid_daily_s0,06918460,0.48595605032091493
window_lstm_hybrid_daily_s0,06919500,0.7362085761326952
window_lstm_hybrid_daily_s0,06921070,0.6819763341424016
window_lstm_hybrid_daily_s0,06921200,0.6808068473051413
window_lstm_hybrid_daily_s0,07057500,0.8450819504501036
window_lstm_hybrid_daily_s0,07060710,0.518438939721198
window_lstm_hybrid_daily_s0,07066000,0.7136589148204205
window_lstm_hybrid_daily_s0,07083000,0.8956708367943456
window_lstm_hybrid_daily_s0,07142300,-0.36040407488970705
window_lstm_hybrid_daily_s0,07145700,0.6651785275514619
window_lstm_hybrid_daily_s0,07167500,0.6173478482594055
window_lstm_hybrid_daily_s0,07180500,0.7145846265887799
window_lstm_hybrid_daily_s0,07184000,0.6536774578745141
window_lstm_hybrid_daily_s0,07195800,0.48713981986211186
window_lstm_hybrid_daily_s0,07196900,0.5000684498814012
window_lstm_hybrid_daily_s0,07197000,0.7352601117595597
window_lstm_hybrid_daily_s0,07208500,0.21350029915881708
window_lstm_hybrid_daily_s0,07261000,0.719641331460723
window_lstm_hybrid_daily_s0,07263295,0.5593312488126364
window_lstm_hybrid_daily_s0,07299670,0.2773064853848224
window_lstm_hybrid_daily_s0,07301410,0.2966817493615578
window_lstm_hybrid_daily_s0,07315200,0.5434571815666289
window_lstm_hybrid_daily_s0,07315700,0.6544212368297612
window_lstm_hybrid_daily_s0,07335700,0.3904554128742118
window_lstm_hybrid_daily_s0,07340300,0.6461412718922539
window_lstm_hybrid_daily_s0,07346045,0.7570994921139719
window_lstm_hybrid_daily_s0,08023080,0.7271646669646744
window_lstm_hybrid_daily_s0,08050800,0.3115086068528682
window_lstm_hybrid_daily_s0,08066200,0.4580874663704946
window_lstm_hybrid_daily_s0,08066300,0.3487266259411065
window_lstm_hybrid_daily_s0,08070000,0.6774266648527028
window_lstm_hybrid_daily_s0,08070200,0.6594693417528976
window_lstm_hybrid_daily_s0,08082700,0.4677359087897488
window_lstm_hybrid_daily_s0,08086212,0.4953935815142301
window_lstm_hybrid_daily_s0,08086290,0.5526283749325458
window_lstm_hybrid_daily_s0,08101000,0.6796412597634309
window_lstm_hybrid_daily_s0,08103900,0.39337510911038576
window_lstm_hybrid_daily_s0,08104900,0.5087133422920985
window_lstm_hybrid_daily_s0,08109700,0.6965704333693457
window_lstm_hybrid_daily_s0,08150800,-0.2891215109589682
window_lstm_hybrid_daily_s0,08158700,0.4152485252213962
window_lstm_hybrid_daily_s0,08158810,0.5426956326861666
window_lstm_hybrid_daily_s0,08164300,0.7229318044629187
window_lstm_hybrid_daily_s0,08164600,0.6898108022081421
window_lstm_hybrid_daily_s0,08165300,-2.210555646926618
window_lstm_hybrid_daily_s0,08171300,0.6469858696287368
window_lstm_hybrid_daily_s0,08175000,0.6690817354534676
window_lstm_hybrid_daily_s0,08176900,0.4958436406759973
window_lstm_hybrid_daily_s0,08178880,0.45564813164286533
window_lstm_hybrid_daily_s0,08189500,0.7218935588557465
window_lstm_hybrid_daily_s0,08190000,0.5737351618195715
window_lstm_hybrid_daily_s0,08190500,0.29607279863051905
window_lstm_hybrid_daily_s0,08194200,0.19619615961243153
window_lstm_hybrid_daily_s0,08195000,0.2849268590746433
window_lstm_hybrid_daily_s0,08196000,0.38476653662240834
window_lstm_hybrid_daily_s0,08198500,0.6477189898073372
window_lstm_hybrid_daily_s0,08200000,0.4841215822139968
window_lstm_hybrid_daily_s0,08202700,0.560703023655474
window_lstm_hybrid_daily_s0,08267500,0.6668817071093989
window_lstm_hybrid_daily_s0,08269000,0.7248558278046995
window_lstm_hybrid_daily_s0,08271000,0.7939570927687576
window_lstm_hybrid_daily_s0,08324000,0.7889837027909403
window_lstm_hybrid_daily_s0,08377900,0.7994368037298332
window_lstm_hybrid_daily_s0,08378500,0.7822053564322562
window_lstm_hybrid_daily_s0,08380500,0.49617873273284085
window_lstm_hybrid_daily_s0,09035800,0.880790215811786
window_lstm_hybrid_daily_s0,09035900,0.9260921275441684
window_lstm_hybrid_daily_s0,09047700,0.7668369233892108
window_lstm_hybrid_daily_s0,09065500,0.9161505633586221
window_lstm_hybrid_daily_s0,09066000,0.9144769449590209
window_lstm_hybrid_daily_s0,09066200,0.889854926634523
window_lstm_hybrid_daily_s0,09066300,0.8479849064507514
window_lstm_hybrid_daily_s0,09081600,0.9344039498251234
window_lstm_hybrid_daily_s0,09107000,0.7213787129778025
window_lstm_hybrid_daily_s0,09210500,0.8405792199023845
window_lstm_hybrid_daily_s0,09223000,0.9174943173179965
window_lstm_hybrid_daily_s0,09306242,0.40411250362405227
window_lstm_hybrid_daily_s0,09312600,0.7943522754641495
window_lstm_hybrid_daily_s0,09352900,0.8475476546611636
window_lstm_hybrid_daily_s0,09378170,0.38405112965961175
window_lstm_hybrid_daily_s0,09386900,0.2741944802791456
window_lstm_hybrid_daily_s0,09404450,0.8041746324421444
window_lstm_hybrid_daily_s0,09430600,0.28080479270862446
window_lstm_hybrid_daily_s0,09447800,-3.2913459637578795
window_lstm_hybrid_daily_s0,09484600,0.03736944811078724
window_lstm_hybrid_daily_s0,09492400,0.6729626694550757
window_lstm_hybrid_daily_s0,09494000,0.5646248230512352
window_lstm_hybrid_daily_s0,09497980,0.7714928635404468
window_lstm_hybrid_daily_s0,09505350,0.0010611652285147377
window_lstm_hybrid_daily_s0,09505800,0.21977097075188312
window_lstm_hybrid_daily_s0,09508300,0.6611080236215097
window_lstm_hybrid_daily_s0,09510200,0.7513542637066234
window_lstm_hybrid_daily_s0,09512280,0.49029669563882117
window_lstm_hybrid_daily_s0,09513780,0.40477216121922877
window_lstm_hybrid_daily_s0,10234500,0.8060941605057862
window_lstm_hybrid_daily_s0,10244950,0.6204453929608073
window_lstm_hybrid_daily_s0,10336645,0.8068159102021251
window_lstm_hybrid_daily_s0,10336660,0.8243924514670883
window_lstm_hybrid_daily_s0,10343500,0.7234036355194134
window_lstm_hybrid_daily_s0,12010000,0.892498613728164
window_lstm_hybrid_daily_s0,12013500,0.8812808951879997
window_lstm_hybrid_daily_s0,12020000,0.6407320510123936
window_lstm_hybrid_daily_s0,12025700,0.8159074878766505
window_lstm_hybrid_daily_s0,12035000,0.8948973980511175
window_lstm_hybrid_daily_s0,12040500,0.8170399452370914
window_lstm_hybrid_daily_s0,12041200,0.7483436191575246
window_lstm_hybrid_daily_s0,12048000,0.639741890999284
window_lstm_hybrid_daily_s0,12054000,0.7303958071181413
window_lstm_hybrid_daily_s0,12056500,0.7104942891959452
window_lstm_hybrid_daily_s0,12073500,0.7993879756910882
window_lstm_hybrid_daily_s0,12082500,0.7813946994399168
window_lstm_hybrid_daily_s0,12092000,0.7799370906409873
window_lstm_hybrid_daily_s0,12114500,0.7844044830092964
window_lstm_hybrid_daily_s0,12115000,0.8053902664333552
window_lstm_hybrid_daily_s0,12117000,0.8501774356107115
window_lstm_hybrid_daily_s0,12143600,0.7832410585239602
window_lstm_hybrid_daily_s0,12144000,0.7739641815860541
window_lstm_hybrid_daily_s0,12145500,0.8886836434968056
window_lstm_hybrid_daily_s0,12147500,0.6390248733467003
window_lstm_hybrid_daily_s0,12167000,0.7440869744140222
window_lstm_hybrid_daily_s0,12175500,0.8119707319054188
window_lstm_hybrid_daily_s0,12178100,0.8028964059065585
window_lstm_hybrid_daily_s0,12186000,0.7099161795418332
window_lstm_hybrid_daily_s0,12189500,0.8210328643588755
window_lstm_hybrid_daily_s0,12375900,0.8045244044139584
window_lstm_hybrid_daily_s0,12377150,0.8271724040107189
window_lstm_hybrid_daily_s0,12381400,0.7686797345030287
window_lstm_hybrid_daily_s0,12383500,0.65169854297417
window_lstm_hybrid_daily_s0,12390700,0.8318290512965211
window_lstm_hybrid_daily_s0,12411000,0.7473897246434891
window_lstm_hybrid_daily_s0,12447390,0.7970975532167709
window_lstm_hybrid_daily_s0,12451000,0.8837945087991617
window_lstm_hybrid_daily_s0,12488500,0.7389873647670496
window_lstm_hybrid_daily_s0,13011500,0.8464335477238738
window_lstm_hybrid_daily_s0,13011900,0.8484867969063712
window_lstm_hybrid_daily_s0,13018300,0.8241424831160085
window_lstm_hybrid_daily_s0,13023000,0.9322134156143957
window_lstm_hybrid_daily_s0,13161500,0.8079988028018094
window_lstm_hybrid_daily_s0,13235000,0.8442002132611044
window_lstm_hybrid_daily_s0,13240000,0.8520822094708274
window_lstm_hybrid_daily_s0,13313000,0.8699207803592208
window_lstm_hybrid_daily_s0,13331500,0.88138774410117
window_lstm_hybrid_daily_s0,14020000,0.7807414405113892
window_lstm_hybrid_daily_s0,14096850,0.3400514942115912
window_lstm_hybrid_daily_s0,14137000,0.7861262451842141
window_lstm_hybrid_daily_s0,14138800,0.8046944804230045
window_lstm_hybrid_daily_s0,14138870,0.7908643441088821
window_lstm_hybrid_daily_s0,14138900,0.8288179301019666
window_lstm_hybrid_daily_s0,14139800,0.8493307123857748
window_lstm_hybrid_daily_s0,14141500,0.8126531200399018
window_lstm_hybrid_daily_s0,14154500,0.8850622224889829
window_lstm_hybrid_daily_s0,14158790,0.7854279864475263
window_lstm_hybrid_daily_s0,14166500,0.8844006688693412
window_lstm_hybrid_daily_s0,14182500,0.8067965852867321
window_lstm_hybrid_daily_s0,14185000,0.9038004894609997
window_lstm_hybrid_daily_s0,14185900,0.8592525744865227
window_lstm_hybrid_daily_s0,14187000,0.039069206962179526
window_lstm_hybrid_daily_s0,14216500,0.5830158592959429
window_lstm_hybrid_daily_s0,14222500,0.8763368977014637
window_lstm_hybrid_daily_s0,14236200,0.8544567188293948
window_lstm_hybrid_daily_s0,14301000,0.9372072998088783
window_lstm_hybrid_daily_s0,14303200,0.5744183632810056
window_lstm_hybrid_daily_s0,14305500,0.8794414918256678
window_lstm_hybrid_daily_s0,14306340,0.28620934281213095
window_lstm_hybrid_daily_s0,14306500,0.8342864883936154
window_lstm_hybrid_daily_s0,14308990,0.11380655143751661
window_lstm_hybrid_daily_s0,14309500,0.8408613126848818
window_lstm_hybrid_daily_s0,14316700,0.8879038688156496
window_lstm_hybrid_daily_s0,14325000,0.8425230483028423
window_lstm_hybrid_daily_s0,14362250,0.11876788758487522
window_lstm_hybrid_daily_s0,14400000,0.8883025249525122
window_lstm_hybrid_daily_s0,10259000,0.8006920467942589
window_lstm_hybrid_daily_s0,11124500,0.7672270752764527
window_lstm_hybrid_daily_s0,11141280,0.7024822573355769
window_lstm_hybrid_daily_s0,11143000,0.7941880930245986
window_lstm_hybrid_daily_s0,11148900,0.7359042799578047
window_lstm_hybrid_daily_s0,11151300,0.7053977262425989
window_lstm_hybrid_daily_s0,11176400,0.2363154523492289
window_lstm_hybrid_daily_s0,11230500,0.7852103528476507
window_lstm_hybrid_daily_s0,11237500,0.8125513377558597
window_lstm_hybrid_daily_s0,11264500,0.8772505829766624
window_lstm_hybrid_daily_s0,11266500,0.8972394994335355
window_lstm_hybrid_daily_s0,11284400,0.6927786799617175
window_lstm_hybrid_daily_s0,11381500,0.754296938456106
window_lstm_hybrid_daily_s0,11451100,0.7133178746393377
window_lstm_hybrid_daily_s0,11468500,0.8206772615553523
window_lstm_hybrid_daily_s0,11473900,0.7808712064577422
window_lstm_hybrid_daily_s0,11475560,0.721029004372735
window_lstm_hybrid_daily_s0,11476600,0.7026214297551563
window_lstm_hybrid_daily_s0,11478500,0.8185469711079736
window_lstm_hybrid_daily_s0,11480390,0.7624090694686378
window_lstm_hybrid_daily_s0,11481200,0.7884698340810818
window_lstm_hybrid_daily_s0,11482500,0.821663784890285
window_lstm_hybrid_daily_s0,11522500,0.7714601305269054
window_lstm_hybrid_daily_s0,11523200,0.7687128120028848
window_lstm_hybrid_daily_s0,11528700,0.812106835901648
window_lstm_hybrid_daily_s0,11532500,0.8949869763237357
window_tcn_hybrid_fixed_s0,01022500,0.8050338670263868
window_tcn_hybrid_fixed_s0,01031500,0.82503184013439
window_tcn_hybrid_fixed_s0,01047000,0.7969536223186336
window_tcn_hybrid_fixed_s0,01052500,0.7727215582124237
window_tcn_hybrid_fixed_s0,01054200,0.6076984760328117
window_tcn_hybrid_fixed_s0,01055000,0.6513650860295518
window_tcn_hybrid_fixed_s0,01057000,0.7454107965455438
window_tcn_hybrid_fixed_s0,01073000,0.8538997189709674
window_tcn_hybrid_fixed_s0,01078000,0.826754525165655
window_tcn_hybrid_fixed_s0,01123000,0.735944189556935
window_tcn_hybrid_fixed_s0,01134500,0.7448749741448915
window_tcn_hybrid_fixed_s0,01137500,0.6645925010743156
window_tcn_hybrid_fixed_s0,01139000,0.7714086503692559
window_tcn_hybrid_fixed_s0,01139800,0.7060990657061545
window_tcn_hybrid_fixed_s0,01142500,0.7506252536209775
window_tcn_hybrid_fixed_s0,01144000,0.8142384549554202
window_tcn_hybrid_fixed_s0,01162500,0.7713305798465184
window_tcn_hybrid_fixed_s0,01169000,0.6208542566835928
window_tcn_hybrid_fixed_s0,01170100,0.6411683541238472
window_tcn_hybrid_fixed_s0,01181000,0.6588963954652278
window_tcn_hybrid_fixed_s0,01187300,0.6899414657525007
window_tcn_hybrid_fixed_s0,01195100,0.7150943926005093
window_tcn_hybrid_fixed_s0,04296000,0.7631003018163404
window_tcn_hybrid_fixed_s0,01333000,0.627136817330457
window_tcn_hybrid_fixed_s0,01350000,0.6010801213136112
window_tcn_hybrid_fixed_s0,01350080,0.2985215711740862
window_tcn_hybrid_fixed_s0,01350140,0.5116026070393402
window_tcn_hybrid_fixed_s0,01365000,0.6143771769234618
window_tcn_hybrid_fixed_s0,01411300,0.6443845613266977
window_tcn_hybrid_fixed_s0,01413500,0.617903573053923
window_tcn_hybrid_fixed_s0,01414500,0.530077552395624
window_tcn_hybrid_fixed_s0,01415000,0.6459529384647242
window_tcn_hybrid_fixed_s0,01423000,0.7371172495695644
window_tcn_hybrid_fixed_s0,01434025,0.41714314141605824
window_tcn_hybrid_fixed_s0,01435000,0.6154224265647876
window_tcn_hybrid_fixed_s0,01439500,0.7846671981466402
window_tcn_hybrid_fixed_s0,01440000,0.7908766002650083
window_tcn_hybrid_fixed_s0,01440400,0.6993879486365359
window_tcn_hybrid_fixed_s0,01451800,0.7431820174497943
window_tcn_hybrid_fixed_s0,01466500,0.5598568588967303
window_tcn_hybrid_fixed_s0,01484100,0.5685160954999956
window_tcn_hybrid_fixed_s0,01487000,0.7383302504118601
window_tcn_hybrid_fixed_s0,01491000,0.6627727623809383
window_tcn_hybrid_fixed_s0,01510000,0.7142871616690954
window_tcn_hybrid_fixed_s0,01516500,0.49098193332405526
window_tcn_hybrid_fixed_s0,01518862,0.5419710839361197
window_tcn_hybrid_fixed_s0,01532000,0.5501069068535966
window_tcn_hybrid_fixed_s0,01539000,0.7706835877777758
window_tcn_hybrid_fixed_s0,01542810,0.580015852073406
window_tcn_hybrid_fixed_s0,01543000,0.7326602473703148
window_tcn_hybrid_fixed_s0,01543500,0.7478036144952558
window_tcn_hybrid_fixed_s0,01544500,0.7234267221685607
window_tcn_hybrid_fixed_s0,01545600,0.6935938937502213
window_tcn_hybrid_fixed_s0,01547700,0.562571082501231
window_tcn_hybrid_fixed_s0,01548500,0.7730016188889253
window_tcn_hybrid_fixed_s0,01549500,0.6046316364693163
window_tcn_hybrid_fixed_s0,01550000,0.5779185261094348
window_tcn_hybrid_fixed_s0,01552000,0.6911016070877425
window_tcn_hybrid_fixed_s0,01552500,0.6608335427013438
window_tcn_hybrid_fixed_s0,01557500,0.6857315162551353
window_tcn_hybrid_fixed_s0,01567500,0.4175924060055587
window_tcn_hybrid_fixed_s0,01568000,0.6963892443538124
window_tcn_hybrid_fixed_s0,01580000,0.6410941177387257
window_tcn_hybrid_fixed_s0,01583500,0.5446432919009379
window_tcn_hybrid_fixed_s0,01586610,0.6010378661689264
window_tcn_hybrid_fixed_s0,01591400,0.5452884561094163
window_tcn_hybrid_fixed_s0,01594950,0.36563193036643404
window_tcn_hybrid_fixed_s0,01596500,0.715100877129859
window_tcn_hybrid_fixed_s0,01605500,0.6311573151312949
window_tcn_hybrid_fixed_s0,01606500,0.6459460680549091
window_tcn_hybrid_fixed_s0,01632000,0.47159869910663743
window_tcn_hybrid_fixed_s0,01632900,0.6527143192840875
window_tcn_hybrid_fixed_s0,01634500,0.43310696086988
window_tcn_hybrid_fixed_s0,01638480,0.4943047841313495
window_tcn_hybrid_fixed_s0,01639500,0.6539071455476337
window_tcn_hybrid_fixed_s0,01644000,0.6642861301114644
window_tcn_hybrid_fixed_s0,01664000,0.7403938191233509
window_tcn_hybrid_fixed_s0,01666500,0.6082786174131327
window_tcn_hybrid_fixed_s0,01667500,0.8007245691939514
window_tcn_hybrid_fixed_s0,01669000,0.7352262168554689
window_tcn_hybrid_fixed_s0,01669520,0.5502942120576177
window_tcn_hybrid_fixed_s0,02011400,0.6994559555930695
window_tcn_hybrid_fixed_s0,02013000,0.7018154869165266
window_tcn_hybrid_fixed_s0,02014000,0.7240581781498403
window_tcn_hybrid_fixed_s0,02015700,0.642267337889401
window_tcn_hybrid_fixed_s0,02016000,0.7717925720343498
window_tcn_hybrid_fixed_s0,02017500,0.7930258077906627
window_tcn_hybrid_fixed_s0,02018000,0.8218090141792417
window_tcn_hybrid_fixed_s0,02027000,0.6049518521621027
window_tcn_hybrid_fixed_s0,02027500,0.49304163039901205
window_tcn_hybrid_fixed_s0,02028500,0.6811967427227136
window_tcn_hybrid_fixed_s0,02038850,0.4514403677687747
window_tcn_hybrid_fixed_s0,02046000,0.6851358315975344
window_tcn_hybrid_fixed_s0,02051500,0.7128598311006185
window_tcn_hybrid_fixed_s0,02053200,0.7992520327244614
window_tcn_hybrid_fixed_s0,02053800,0.6373092693526672
window_tcn_hybrid_fixed_s0,02055100,0.6175892588310183
window_tcn_hybrid_fixed_s0,02056900,0.7270221218114918
window_tcn_hybrid_fixed_s0,02059500,0.6844533793362715
window_tcn_hybrid_fixed_s0,02064000,0.4998277173051874
window_tcn_hybrid_fixed_s0,02065500,0.6910637667415854
window_tcn_hybrid_fixed_s0,02069700,0.6813132420065383
window_tcn_hybrid_fixed_s0,02070000,0.7173590675753312
window_tcn_hybrid_fixed_s0,02074500,0.6008508613160362
window_tcn_hybrid_fixed_s0,02077200,0.704273139645328
window_tcn_hybrid_fixed_s0,02081500,0.7813842028325283
window_tcn_hybrid_fixed_s0,02082950,0.6625689444294753
window_tcn_hybrid_fixed_s0,02092500,0.7067932629609885
window_tcn_hybrid_fixed_s0,02096846,0.31242298295030835
window_tcn_hybrid_fixed_s0,02102908,0.49970550846769046
window_tcn_hybrid_fixed_s0,02108000,0.7115316116501742
window_tcn_hybrid_fixed_s0,02111180,0.6531647565280667
window_tcn_hybrid_fixed_s0,02111500,0.6542289586676162
window_tcn_hybrid_fixed_s0,02112120,0.6770167573483354
window_tcn_hybrid_fixed_s0,02112360,0.7178964828454791
window_tcn_hybrid_fixed_s0,02118500,0.7325413652259298
window_tcn_hybrid_fixed_s0,02125000,0.6517240850584449
window_tcn_hybrid_fixed_s0,02128000,0.5143452909421149
window_tcn_hybrid_fixed_s0,02137727,0.6263055666332427
window_tcn_hybrid_fixed_s0,02140991,0.3420341354826367
window_tcn_hybrid_fixed_s0,02143000,0.6480742682889182
window_tcn_hybrid_fixed_s0,02143040,0.720305582444912
window_tcn_hybrid_fixed_s0,02149000,0.732980682328803
window_tcn_hybrid_fixed_s0,02152100,0.7348986658146167
window_tcn_hybrid_fixed_s0,02177000,0.7247446720973786
window_tcn_hybrid_fixed_s0,02178400,0.7374369132730674
window_tcn_hybrid_fixed_s0,02193340,0.43298499845172733
window_tcn_hybrid_fixed_s0,02196000,0.6961674023093473
window_tcn_hybrid_fixed_s0,02198100,0.5773862691131104
window_tcn_hybrid_fixed_s0,02202600,0.5162089844697447
window_tcn_hybrid_fixed_s0,02212600,0.7196967123828364
window_tcn_hybrid_fixed_s0,02215100,0.6412511937438812
window_tcn_hybrid_fixed_s0,02216180,0.6612506675855974
window_tcn_hybrid_fixed_s0,02221525,0.7558059959184437
window_tcn_hybrid_fixed_s0,02231000,0.7502013516293888
window_tcn_hybrid_fixed_s0,02245500,0.6238327052150381
window_tcn_hybrid_fixed_s0,02246000,0.7409817014572786
window_tcn_hybrid_fixed_s0,02296500,0.6996401834454515
window_tcn_hybrid_fixed_s0,02297155,0.5824459761053373
window_tcn_hybrid_fixed_s0,02297310,0.6424231314999338
window_tcn_hybrid_fixed_s0,02298123,0.6326700550278718
window_tcn_hybrid_fixed_s0,02298608,0.6044957218548912
window_tcn_hybrid_fixed_s0,02299950,0.5551382752209799
window_tcn_hybrid_fixed_s0,02300700,0.5141000633906013
window_tcn_hybrid_fixed_s0,02342933,0.6684007250263979
window_tcn_hybrid_fixed_s0,02349900,0.7232383040620118
window_tcn_hybrid_fixed_s0,02350900,0.7178434687671025
window_tcn_hybrid_fixed_s0,02361000,0.7314470693747
window_tcn_hybrid_fixed_s0,02363000,0.5084078544285516
window_tcn_hybrid_fixed_s0,02369800,0.7918492242190558
window_tcn_hybrid_fixed_s0,02371500,0.7759329233929294
window_tcn_hybrid_fixed_s0,02372250,0.7684858539544744
window_tcn_hybrid_fixed_s0,02374500,0.7222735679665022
window_tcn_hybrid_fixed_s0,02381600,0.46664033198707744
window_tcn_hybrid_fixed_s0,02384540,0.5975783605551784
window_tcn_hybrid_fixed_s0,02395120,0.6323469500951275
window_tcn_hybrid_fixed_s0,02415000,0.43209316681738774
window_tcn_hybrid_fixed_s0,02427250,0.44181635316976464
window_tcn_hybrid_fixed_s0,02430085,0.43635003068286404
window_tcn_hybrid_fixed_s0,02450250,0.7670016683823406
window_tcn_hybrid_fixed_s0,02464000,0.8118730376718101
window_tcn_hybrid_fixed_s0,02464360,0.5949868673992822
window_tcn_hybrid_fixed_s0,02465493,0.56420048920317
window_tcn_hybrid_fixed_s0,02469800,0.7516584268133417
window_tcn_hybrid_fixed_s0,02472000,0.8097896972581007
window_tcn_hybrid_fixed_s0,02472500,0.7316072025092284
window_tcn_hybrid_fixed_s0,02479155,0.6200345884171637
window_tcn_hybrid_fixed_s0,02479300,0.7447169188080269
window_tcn_hybrid_fixed_s0,02479560,0.7787324917449558
window_tcn_hybrid_fixed_s0,02481000,0.6900825625820766
window_tcn_hybrid_fixed_s0,02481510,0.7797257358697633
window_tcn_hybrid_fixed_s0,04015330,0.6185802102177465
window_tcn_hybrid_fixed_s0,04024430,0.7077204465075865
window_tcn_hybrid_fixed_s0,04027000,0.8050006418102492
window_tcn_hybrid_fixed_s0,04040500,0.8052515774107514
window_tcn_hybrid_fixed_s0,04043050,0.7412035136318256
window_tcn_hybrid_fixed_s0,04045500,0.8541777350807153
window_tcn_hybrid_fixed_s0,04057510,0.738700580927419
window_tcn_hybrid_fixed_s0,04057800,0.6803023796755272
window_tcn_hybrid_fixed_s0,04059500,0.7418224148763551
window_tcn_hybrid_fixed_s0,04063700,0.6013812081833496
window_tcn_hybrid_fixed_s0,04074950,0.6995086530524609
window_tcn_hybrid_fixed_s0,04105700,0.6149692590190232
window_tcn_hybrid_fixed_s0,04115265,-0.25954456176773566
window_tcn_hybrid_fixed_s0,04122200,0.562690750978724
window_tcn_hybrid_fixed_s0,04122500,0.6571457443162005
window_tcn_hybrid_fixed_s0,04127918,0.5276903069966581
window_tcn_hybrid_fixed_s0,04127997,0.47826737030883637
window_tcn_hybrid_fixed_s0,04161580,0.5158026156138197
window_tcn_hybrid_fixed_s0,04185000,0.7462504294072763
window_tcn_hybrid_fixed_s0,04196800,0.7595010420299125
window_tcn_hybrid_fixed_s0,04197100,0.7106351145437237
window_tcn_hybrid_fixed_s0,04197170,0.5550545074058859
window_tcn_hybrid_fixed_s0,04213000,0.6503142954661484
window_tcn_hybrid_fixed_s0,04213075,0.03908726933170037
window_tcn_hybrid_fixed_s0,04216418,0.6551238330445177
window_tcn_hybrid_fixed_s0,04221000,0.6992395044840932
window_tcn_hybrid_fixed_s0,04224775,0.5908595554853364
window_tcn_hybrid_fixed_s0,04233000,0.5966925560356479
window_tcn_hybrid_fixed_s0,04256000,0.7792132944263991
window_tcn_hybrid_fixed_s0,03010655,0.7003289870699694
window_tcn_hybrid_fixed_s0,03011800,0.661842118369069
window_tcn_hybrid_fixed_s0,03015500,0.7425723373989981
window_tcn_hybrid_fixed_s0,03021350,0.6179687624356147
window_tcn_hybrid_fixed_s0,03026500,0.6037701678720458
window_tcn_hybrid_fixed_s0,03028000,0.6635546900385203
window_tcn_hybrid_fixed_s0,03049000,0.6298337558003676
window_tcn_hybrid_fixed_s0,03049800,0.3193556980600123
window_tcn_hybrid_fixed_s0,03050000,0.4460783697291406
window_tcn_hybrid_fixed_s0,03069500,0.7879870081791802
window_tcn_hybrid_fixed_s0,03070500,0.7247190541663053
window_tcn_hybrid_fixed_s0,03076600,0.6449688036779855
window_tcn_hybrid_fixed_s0,03078000,0.7103706248708791
window_tcn_hybrid_fixed_s0,03140000,0.6023965134167467
window_tcn_hybrid_fixed_s0,03144000,0.7970677453704559
window_tcn_hybrid_fixed_s0,03170000,0.7527091573332236
window_tcn_hybrid_fixed_s0,03173000,0.7615555108818903
window_tcn_hybrid_fixed_s0,03180500,0.7516429036079114
window_tcn_hybrid_fixed_s0,03182500,0.7816639337114808
window_tcn_hybrid_fixed_s0,03186500,0.7202440269320909
window_tcn_hybrid_fixed_s0,03237280,0.42793624511101436
window_tcn_hybrid_fixed_s0,03237500,0.7173485583577637
window_tcn_hybrid_fixed_s0,03238500,0.6639851839214562
window_tcn_hybrid_fixed_s0,03241500,0.6834267103330245
window_tcn_hybrid_fixed_s0,03280700,0.6710534659629318
window_tcn_hybrid_fixed_s0,03281500,0.8531718205439965
window_tcn_hybrid_fixed_s0,03285000,0.7635359740144196
window_tcn_hybrid_fixed_s0,03291780,0.6119574706219186
window_tcn_hybrid_fixed_s0,03338780,0.5695821438016462
window_tcn_hybrid_fixed_s0,03340800,0.7058113222975282
window_tcn_hybrid_fixed_s0,03346000,0.8164427931724673
window_tcn_hybrid_fixed_s0,03364500,0.6054357056325348
window_tcn_hybrid_fixed_s0,03366500,0.7881495201000778
window_tcn_hybrid_fixed_s0,03368000,0.5951887733400628
window_tcn_hybrid_fixed_s0,03384450,0.6604545832061104
window_tcn_hybrid_fixed_s0,03439000,0.7495469921608753
window_tcn_hybrid_fixed_s0,03455500,0.5041510589524635
window_tcn_hybrid_fixed_s0,03456500,0.6013035317976623
window_tcn_hybrid_fixed_s0,03460000,0.745373681030363
window_tcn_hybrid_fixed_s0,03463300,0.5776387915470076
window_tcn_hybrid_fixed_s0,03471500,0.6261959236861463
window_tcn_hybrid_fixed_s0,03473000,0.7636540602958255
window_tcn_hybrid_fixed_s0,03479000,0.634145756623227
window_tcn_hybrid_fixed_s0,03488000,0.7653835502509848
window_tcn_hybrid_fixed_s0,03498500,0.8300899655977455
window_tcn_hybrid_fixed_s0,03500000,0.8234778222692969
window_tcn_hybrid_fixed_s0,03500240,0.7796288968627417
window_tcn_hybrid_fixed_s0,03504000,0.7135563622567112
window_tcn_hybrid_fixed_s0,03574500,0.8034663149190963
window_tcn_hybrid_fixed_s0,03592718,0.6641602402348098
window_tcn_hybrid_fixed_s0,03604000,0.6828709409253388
window_tcn_hybrid_fixed_s0,05291000,0.4045528715976783
window_tcn_hybrid_fixed_s0,05362000,0.7728960899738393
window_tcn_hybrid_fixed_s0,05393500,0.7691522246823015
window_tcn_hybrid_fixed_s0,05399500,0.5119806231114423
window_tcn_hybrid_fixed_s0,05408000,0.6639261181570265
window_tcn_hybrid_fixed_s0,05413500,0.5407769205602015
window_tcn_hybrid_fixed_s0,05414000,0.4212640269043677
window_tcn_hybrid_fixed_s0,05444000,0.5805117295375042
window_tcn_hybrid_fixed_s0,05454000,0.4435516757406771
window_tcn_hybrid_fixed_s0,05458000,0.6319146231887917
window_tcn_hybrid_fixed_s0,05466500,0.6811532878281645
window_tcn_hybrid_fixed_s0,05487980,0.6507416408306306
window_tcn_hybrid_fixed_s0,05488200,0.3868343697781135
window_tcn_hybrid_fixed_s0,05489000,0.5697373505333558
window_tcn_hybrid_fixed_s0,05495000,0.7491660502066269
window_tcn_hybrid_fixed_s0,05495500,0.7169308252646721
window_tcn_hybrid_fixed_s0,05501000,0.7245504058453989
window_tcn_hybrid_fixed_s0,05503800,0.6421190147826761
window_tcn_hybrid_fixed_s0,05507600,0.6930159264897453
window_tcn_hybrid_fixed_s0,05508805,0.7333994969919727
window_tcn_hybrid_fixed_s0,05525500,0.744711255004459
window_tcn_hybrid_fixed_s0,05556500,0.7175422238439517
window_tcn_hybrid_fixed_s0,05584500,0.7801672973401066
window_tcn_hybrid_fixed_s0,05591550,0.6174073779575309
window_tcn_hybrid_fixed_s0,05592050,0.7243903574928707
window_tcn_hybrid_fixed_s0,05592575,0.3315787025610929
window_tcn_hybrid_fixed_s0,05593575,0.7853442789893545
window_tcn_hybrid_fixed_s0,05593900,0.6677421494944942
window_tcn_hybrid_fixed_s0,05595730,0.7588783824078337
window_tcn_hybrid_fixed_s0,07291000,0.5767516524099325
window_tcn_hybrid_fixed_s0,07359610,0.5240022603647424
window_tcn_hybrid_fixed_s0,07362100,0.6847839073573805
window_tcn_hybrid_fixed_s0,07362587,0.3146103780963778
window_tcn_hybrid_fixed_s0,07375000,0.4309888276836532
window_tcn_hybrid_fixed_s0,08013000,0.6298432216950336
window_tcn_hybrid_fixed_s0,08014500,0.6573972259372265
window_tcn_hybrid_fixed_s0,05057200,0.48795510719943114
window_tcn_hybrid_fixed_s0,05120500,0.5203166102666165
window_tcn_hybrid_fixed_s0,06221400,0.6711481265269779
window_tcn_hybrid_fixed_s0,06224000,0.8212587928878778
window_tcn_hybrid_fixed_s0,06278300,0.71990128436076
window_tcn_hybrid_fixed_s0,06280300,0.807611631342372
window_tcn_hybrid_fixed_s0,06289000,0.7333860193428284
window_tcn_hybrid_fixed_s0,06291500,0.58307774118206
window_tcn_hybrid_fixed_s0,06311000,0.7369784115203384
window_tcn_hybrid_fixed_s0,06332515,-0.19685485374252476
window_tcn_hybrid_fixed_s0,06339100,0.11914459337126881
window_tcn_hybrid_fixed_s0,06344600,0.057662290658394566
window_tcn_hybrid_fixed_s0,06350000,0.17039128415406146
window_tcn_hybrid_fixed_s0,06352000,0.26155191514070364
window_tcn_hybrid_fixed_s0,06404000,0.6568152480525051
window_tcn_hybrid_fixed_s0,06406000,0.2898897948133329
window_tcn_hybrid_fixed_s0,06409000,0.3324020678742752
window_tcn_hybrid_fixed_s0,06431500,-0.005678035640237056
window_tcn_hybrid_fixed_s0,06440200,0.31814670073606177
window_tcn_hybrid_fixed_s0,06447500,0.407987173960942
window_tcn_hybrid_fixed_s0,06470800,0.39212436361261804
window_tcn_hybrid_fixed_s0,06477500,0.27304363256968756
window_tcn_hybrid_fixed_s0,06479215,0.3382327306799977
window_tcn_hybrid_fixed_s0,06601000,0.23710553544697288
window_tcn_hybrid_fixed_s0,06614800,0.8307075598360582
window_tcn_hybrid_fixed_s0,06622700,0.7919669661135798
window_tcn_hybrid_fixed_s0,06623800,0.8598559833054416
window_tcn_hybrid_fixed_s0,06632400,0.7812633915011894
window_tcn_hybrid_fixed_s0,06746095,0.733215526770454
window_tcn_hybrid_fixed_s0,06803510,0.20836663888669515
window_tcn_hybrid_fixed_s0,06803530,0.37851204319788134
window_tcn_hybrid_fixed_s0,06814000,0.5914361368808558
window_tcn_hybrid_fixed_s0,06847900,0.04665874382073154
window_tcn_hybrid_fixed_s0,06853800,-0.008659916835791925
window_tcn_hybrid_fixed_s0,06876700,0.33458091751837704
window_tcn_hybrid_fixed_s0,06878000,0.617547297966025
window_tcn_hybrid_fixed_s0,06879650,-0.28507922291167853
window_tcn_hybrid_fixed_s0,06885500,0.6837160141924081
window_tcn_hybrid_fixed_s0,06888500,0.5871286893501688
window_tcn_hybrid_fixed_s0,06889200,0.5830104391622735
window_tcn_hybrid_fixed_s0,06889500,0.6852423360358469
window_tcn_hybrid_fixed_s0,06892000,0.7156944185286469
window_tcn_hybrid_fixed_s0,06903400,0.6071508325773581
window_tcn_hybrid_fixed_s0,06906800,0.4380676222957619
window_tcn_hybrid_fixed_s0,06910800,0.670832341090711
window_tcn_hybrid_fixed_s0,06911900,0.6869881841839136
window_tcn_hybrid_fixed_s0,06917000,0.7288039130095469
window_tcn_hybrid_fixed_s0,06918460,0.48521408569988445
window_tcn_hybrid_fixed_s0,06919500,0.720562791856378
window_tcn_hybrid_fixed_s0,06921070,0.6592785947154004
window_tcn_hybrid_fixed_s0,06921200,0.5420835965521693
window_tcn_hybrid_fixed_s0,07057500,0.8115069132420109
window_tcn_hybrid_fixed_s0,07060710,0.43129530305875363
window_tcn_hybrid_fixed_s0,07066000,0.7582899633424721
window_tcn_hybrid_fixed_s0,07083000,0.8861611463474075
window_tcn_hybrid_fixed_s0,07142300,-0.23695998369139604
window_tcn_hybrid_fixed_s0,07145700,0.583438085842225
window_tcn_hybrid_fixed_s0,07167500,0.5489529266420137
window_tcn_hybrid_fixed_s0,07180500,0.5866151581561929
window_tcn_hybrid_fixed_s0,07184000,0.6432067339272327
window_tcn_hybrid_fixed_s0,07195800,0.4761624986803583
window_tcn_hybrid_fixed_s0,07196900,0.5298832330605858
window_tcn_hybrid_fixed_s0,07197000,0.7910883339375318
window_tcn_hybrid_fixed_s0,07208500,-0.647644615836189
window_tcn_hybrid_fixed_s0,07261000,0.7130080935199237
window_tcn_hybrid_fixed_s0,07263295,0.27147879801595287
window_tcn_hybrid_fixed_s0,07299670,-0.01574056368298149
window_tcn_hybrid_fixed_s0,07301410,-0.1658273270347148
window_tcn_hybrid_fixed_s0,07315200,0.41687773549557827
window_tcn_hybrid_fixed_s0,07315700,0.5360653144428615
window_tcn_hybrid_fixed_s0,07335700,0.41851736660348404
window_tcn_hybrid_fixed_s0,07340300,0.66791892811276
window_tcn_hybrid_fixed_s0,07346045,0.7401829328413043
window_tcn_hybrid_fixed_s0,08023080,0.6528695340648007
window_tcn_hybrid_fixed_s0,08050800,0.37370395065782214
window_tcn_hybrid_fixed_s0,08066200,0.5771811088865682
window_tcn_hybrid_fixed_s0,08066300,0.4960138781357869
window_tcn_hybrid_fixed_s0,08070000,0.4893694319113382
window_tcn_hybrid_fixed_s0,08070200,0.5205422866710114
window_tcn_hybrid_fixed_s0,08082700,0.309524601574077
window_tcn_hybrid_fixed_s0,08086212,0.36112549846712017
window_tcn_hybrid_fixed_s0,08086290,0.4208094684447291
window_tcn_hybrid_fixed_s0,08101000,0.7195936888734678
window_tcn_hybrid_fixed_s0,08103900,0.4745111572959658
window_tcn_hybrid_fixed_s0,08104900,0.574283261762107
window_tcn_hybrid_fixed_s0,08109700,0.6782005968830441
window_tcn_hybrid_fixed_s0,08150800,-0.3380385985218677
window_tcn_hybrid_fixed_s0,08158700,0.5840221936627175
window_tcn_hybrid_fixed_s0,08158810,0.43839945388897006
window_tcn_hybrid_fixed_s0,08164300,0.7491282273848812
window_tcn_hybrid_fixed_s0,08164600,0.7010134435577889
window_tcn_hybrid_fixed_s0,08165300,-0.646969661105435
window_tcn_hybrid_fixed_s0,08171300,0.7159822514208698
window_tcn_hybrid_fixed_s0,08175000,0.7464146122060396
window_tcn_hybrid_fixed_s0,08176900,0.5703046810836648
window_tcn_hybrid_fixed_s0,08178880,0.3457662328154997
window_tcn_hybrid_fixed_s0,08189500,0.5751840780226762
window_tcn_hybrid_fixed_s0,08190000,0.5849486286661625
window_tcn_hybrid_fixed_s0,08190500,0.4075512695010627
window_tcn_hybrid_fixed_s0,08194200,0.2591205230192686
window_tcn_hybrid_fixed_s0,08195000,0.48175484932793045
window_tcn_hybrid_fixed_s0,08196000,0.27768685753275923
window_tcn_hybrid_fixed_s0,08198500,0.47985091104025146
window_tcn_hybrid_fixed_s0,08200000,0.3147163725387385
window_tcn_hybrid_fixed_s0,08202700,0.44818505110600837
window_tcn_hybrid_fixed_s0,08267500,0.4949706811560919
window_tcn_hybrid_fixed_s0,08269000,0.4815156045977499
window_tcn_hybrid_fixed_s0,08271000,0.599325051118333
window_tcn_hybrid_fixed_s0,08324000,0.16062605676853448
window_tcn_hybrid_fixed_s0,08377900,0.6497917271765348
window_tcn_hybrid_fixed_s0,08378500,0.5280162136430161
window_tcn_hybrid_fixed_s0,08380500,0.3050977727440244
window_tcn_hybrid_fixed_s0,09035800,0.8580588290438546
window_tcn_hybrid_fixed_s0,09035900,0.8790181210029995
window_tcn_hybrid_fixed_s0,09047700,0.7114504111481301
window_tcn_hybrid_fixed_s0,09065500,0.8627917653234564
window_tcn_hybrid_fixed_s0,09066000,0.8992071031607111
window_tcn_hybrid_fixed_s0,09066200,0.8404020638221089
window_tcn_hybrid_fixed_s0,09066300,0.8212814356821819
window_tcn_hybrid_fixed_s0,09081600,0.8884755232442526
window_tcn_hybrid_fixed_s0,09107000,0.7231240631249212
window_tcn_hybrid_fixed_s0,09210500,0.7854939729133938
window_tcn_hybrid_fixed_s0,09223000,0.7995377742981407
window_tcn_hybrid_fixed_s0,09306242,-0.5539623685969486
window_tcn_hybrid_fixed_s0,09312600,0.6421165109604487
window_tcn_hybrid_fixed_s0,09352900,0.778501175425464
window_tcn_hybrid_fixed_s0,09378170,0.3840763320755184
window_tcn_hybrid_fixed_s0,09386900,0.15792252683085717
window_tcn_hybrid_fixed_s0,09404450,0.28166311138471833
window_tcn_hybrid_fixed_s0,09430600,0.19110887998996062
window_tcn_hybrid_fixed_s0,09447800,-3.063463965651337
window_tcn_hybrid_fixed_s0,09484600,-0.0112845426648025
window_tcn_hybrid_fixed_s0,09492400,0.6635496178922273
window_tcn_hybrid_fixed_s0,09494000,0.36200980966735863
window_tcn_hybrid_fixed_s0,09497980,0.5572117956997755
window_tcn_hybrid_fixed_s0,09505350,-0.02419625880653342
window_tcn_hybrid_fixed_s0,09505800,-0.016943422614606574
window_tcn_hybrid_fixed_s0,09508300,0.5234106543990118
window_tcn_hybrid_fixed_s0,09510200,0.5842824369514212
window_tcn_hybrid_fixed_s0,09512280,0.2797586921399088
window_tcn_hybrid_fixed_s0,09513780,0.19903039680802637
window_tcn_hybrid_fixed_s0,10234500,0.6932931458138107
window_tcn_hybrid_fixed_s0,10244950,0.4703850162568407
window_tcn_hybrid_fixed_s0,10336645,0.775088346525439
window_tcn_hybrid_fixed_s0,10336660,0.7232206147970082
window_tcn_hybrid_fixed_s0,10343500,0.6529936562105818
window_tcn_hybrid_fixed_s0,12010000,0.871666552961697
window_tcn_hybrid_fixed_s0,12013500,0.8674401878774514
window_tcn_hybrid_fixed_s0,12020000,0.6131844437881584
window_tcn_hybrid_fixed_s0,12025700,0.7786376703743723
window_tcn_hybrid_fixed_s0,12035000,0.8638246893200681
window_tcn_hybrid_fixed_s0,12040500,0.7774316717864049
window_tcn_hybrid_fixed_s0,12041200,0.6529641217617903
window_tcn_hybrid_fixed_s0,12048000,0.543617982613851
window_tcn_hybrid_fixed_s0,12054000,0.7113437278295016
window_tcn_hybrid_fixed_s0,12056500,0.6625979791824701
window_tcn_hybrid_fixed_s0,12073500,0.7675419270152546
window_tcn_hybrid_fixed_s0,12082500,0.7488380221267126
window_tcn_hybrid_fixed_s0,12092000,0.6619242617695973
window_tcn_hybrid_fixed_s0,12114500,0.7366076029859967
window_tcn_hybrid_fixed_s0,12115000,0.7699090928790602
window_tcn_hybrid_fixed_s0,12117000,0.808163875622523
window_tcn_hybrid_fixed_s0,12143600,0.6685705664274326
window_tcn_hybrid_fixed_s0,12144000,0.5598936552077511
window_tcn_hybrid_fixed_s0,12145500,0.8936180039143722
window_tcn_hybrid_fixed_s0,12147500,0.7012752062413452
window_tcn_hybrid_fixed_s0,12167000,0.7626945298404282
window_tcn_hybrid_fixed_s0,12175500,0.7769333251371839
window_tcn_hybrid_fixed_s0,12178100,0.7364469474722971
window_tcn_hybrid_fixed_s0,12186000,0.6127857784110103
window_tcn_hybrid_fixed_s0,12189500,0.7569322084051655
window_tcn_hybrid_fixed_s0,12375900,0.7547875608716504
window_tcn_hybrid_fixed_s0,12377150,0.8579545068764516
window_tcn_hybrid_fixed_s0,12381400,0.7479853660349756
window_tcn_hybrid_fixed_s0,12383500,0.7126223249817725
window_tcn_hybrid_fixed_s0,12390700,0.7358176733975941
window_tcn_hybrid_fixed_s0,12411000,0.6915732099797749
window_tcn_hybrid_fixed_s0,12447390,0.7419915669789103
window_tcn_hybrid_fixed_s0,12451000,0.8369552975351355
window_tcn_hybrid_fixed_s0,12488500,0.7291209809873929
window_tcn_hybrid_fixed_s0,13011500,0.7678861442753533
window_tcn_hybrid_fixed_s0,13011900,0.8093905149053707
window_tcn_hybrid_fixed_s0,13018300,0.7902253086493782
window_tcn_hybrid_fixed_s0,13023000,0.8908590198297148
window_tcn_hybrid_fixed_s0,13161500,0.6905665720657692
window_tcn_hybrid_fixed_s0,13235000,0.7768810043502019
window_tcn_hybrid_fixed_s0,13240000,0.8081461082706701
window_tcn_hybrid_fixed_s0,13313000,0.7515429861685163
window_tcn_hybrid_fixed_s0,13331500,0.8719328249375788
window_tcn_hybrid_fixed_s0,14020000,0.7321529516538605
window_tcn_hybrid_fixed_s0,14096850,0.5475156491194821
window_tcn_hybrid_fixed_s0,14137000,0.7827407956960599
window_tcn_hybrid_fixed_s0,14138800,0.7391371779308615
window_tcn_hybrid_fixed_s0,14138870,0.7432234008800613
window_tcn_hybrid_fixed_s0,14138900,0.7760926084863842
window_tcn_hybrid_fixed_s0,14139800,0.7831984792481076
window_tcn_hybrid_fixed_s0,14141500,0.7716213446376378
window_tcn_hybrid_fixed_s0,14154500,0.8805988710241051
window_tcn_hybrid_fixed_s0,14158790,0.7084015103525829
window_tcn_hybrid_fixed_s0,14166500,0.8866990519362801
window_tcn_hybrid_fixed_s0,14182500,0.7599204376712289
window_tcn_hybrid_fixed_s0,14185000,0.8757799449112947
window_tcn_hybrid_fixed_s0,14185900,0.8102797031158351
window_tcn_hybrid_fixed_s0,14187000,0.11235006180358331
window_tcn_hybrid_fixed_s0,14216500,0.7247003140862146
window_tcn_hybrid_fixed_s0,14222500,0.8666888864666706
window_tcn_hybrid_fixed_s0,14236200,0.8473818061468537
window_tcn_hybrid_fixed_s0,14301000,0.9130570871378353
window_tcn_hybrid_fixed_s0,14303200,0.7157693366127605
window_tcn_hybrid_fixed_s0,14305500,0.8605686006268878
window_tcn_hybrid_fixed_s0,14306340,0.6333928190641902
window_tcn_hybrid_fixed_s0,14306500,0.8912123042175495
window_tcn_hybrid_fixed_s0,14308990,0.19315516429564672
window_tcn_hybrid_fixed_s0,14309500,0.8027724937816849
window_tcn_hybrid_fixed_s0,14316700,0.8553895474666395
window_tcn_hybrid_fixed_s0,14325000,0.8221708652076515
window_tcn_hybrid_fixed_s0,14362250,0.35492573532024196
window_tcn_hybrid_fixed_s0,14400000,0.8549206409210874
window_tcn_hybrid_fixed_s0,10259000,0.48187906401756164
window_tcn_hybrid_fixed_s0,11124500,0.7558966202739611
window_tcn_hybrid_fixed_s0,11141280,0.6590896508509716
window_tcn_hybrid_fixed_s0,11143000,0.7798772449611244
window_tcn_hybrid_fixed_s0,11148900,0.7546900284582022
window_tcn_hybrid_fixed_s0,11151300,0.6665933606000659
window_tcn_hybrid_fixed_s0,11176400,0.3357082877445956
window_tcn_hybrid_fixed_s0,11230500,0.7313317437606622
window_tcn_hybrid_fixed_s0,11237500,0.6298189955510667
window_tcn_hybrid_fixed_s0,11264500,0.785369526711118
window_tcn_hybrid_fixed_s0,11266500,0.782954537982458
window_tcn_hybrid_fixed_s0,11284400,0.6791340189901045
window_tcn_hybrid_fixed_s0,11381500,0.7148075523169103
window_tcn_hybrid_fixed_s0,11451100,0.6646684360754529
window_tcn_hybrid_fixed_s0,11468500,0.8153006648640908
window_tcn_hybrid_fixed_s0,11473900,0.6992913314800273
window_tcn_hybrid_fixed_s0,11475560,0.6565719176802531
window_tcn_hybrid_fixed_s0,11476600,0.7528186779027172
window_tcn_hybrid_fixed_s0,11478500,0.7735167962313456
window_tcn_hybrid_fixed_s0,11480390,0.6977504544482811
window_tcn_hybrid_fixed_s0,11481200,0.7587583647942314
window_tcn_hybrid_fixed_s0,11482500,0.7932750917182709
window_tcn_hybrid_fixed_s0,11522500,0.7220892398520807
window_tcn_hybrid_fixed_s0,11523200,0.8038296929967845
window_tcn_hybrid_fixed_s0,11528700,0.6489171211915521
window_tcn_hybrid_fixed_s0,11532500,0.8585038857325485
window_tcn_hybrid_daily_s0,01022500,0.826438073091793
window_tcn_hybrid_daily_s0,01031500,0.8681372263902446
window_tcn_hybrid_daily_s0,01047000,0.8246059359791865
window_tcn_hybrid_daily_s0,01052500,0.7921457994946387
window_tcn_hybrid_daily_s0,01054200,0.6325478588597335
window_tcn_hybrid_daily_s0,01055000,0.6903460031347737
window_tcn_hybrid_daily_s0,01057000,0.8330322563891044
window_tcn_hybrid_daily_s0,01073000,0.8704417389137585
window_tcn_hybrid_daily_s0,01078000,0.8413016407675867
window_tcn_hybrid_daily_s0,01123000,0.81303317754933
window_tcn_hybrid_daily_s0,01134500,0.8008823741541735
window_tcn_hybrid_daily_s0,01137500,0.7305979140755876
window_tcn_hybrid_daily_s0,01139000,0.8088979378231722
window_tcn_hybrid_daily_s0,01139800,0.7481907126819203
window_tcn_hybrid_daily_s0,01142500,0.7993839966420458
window_tcn_hybrid_daily_s0,01144000,0.8584723177239847
window_tcn_hybrid_daily_s0,01162500,0.8020271875851144
window_tcn_hybrid_daily_s0,01169000,0.7084212333033051
window_tcn_hybrid_daily_s0,01170100,0.6842916580700789
window_tcn_hybrid_daily_s0,01181000,0.7261458330861154
window_tcn_hybrid_daily_s0,01187300,0.7302819204609663
window_tcn_hybrid_daily_s0,01195100,0.7195839743369956
window_tcn_hybrid_daily_s0,04296000,0.7925048691779759
window_tcn_hybrid_daily_s0,01333000,0.6768504269927911
window_tcn_hybrid_daily_s0,01350000,0.698717051503073
window_tcn_hybrid_daily_s0,01350080,0.38612253705137467
window_tcn_hybrid_daily_s0,01350140,0.6035234754723751
window_tcn_hybrid_daily_s0,01365000,0.69732537303049
window_tcn_hybrid_daily_s0,01411300,0.7164655792937411
window_tcn_hybrid_daily_s0,01413500,0.7373468107094413
window_tcn_hybrid_daily_s0,01414500,0.6409431042857086
window_tcn_hybrid_daily_s0,01415000,0.6877745041922405
window_tcn_hybrid_daily_s0,01423000,0.7974952229613129
window_tcn_hybrid_daily_s0,01434025,0.620155592017869
window_tcn_hybrid_daily_s0,01435000,0.7205717560456915
window_tcn_hybrid_daily_s0,01439500,0.8252742834249978
window_tcn_hybrid_daily_s0,01440000,0.8142256127084728
window_tcn_hybrid_daily_s0,01440400,0.7301506106554032
window_tcn_hybrid_daily_s0,01451800,0.8032815996026387
window_tcn_hybrid_daily_s0,01466500,0.6369752981608423
window_tcn_hybrid_daily_s0,01484100,0.5597203826893103
window_tcn_hybrid_daily_s0,01487000,0.7318145965665102
window_tcn_hybrid_daily_s0,01491000,0.7256755139286315
window_tcn_hybrid_daily_s0,01510000,0.7564487351998169
window_tcn_hybrid_daily_s0,01516500,0.5065030301957407
window_tcn_hybrid_daily_s0,01518862,0.5122497080423115
window_tcn_hybrid_daily_s0,01532000,0.5743073479042576
window_tcn_hybrid_daily_s0,01539000,0.7800875664043849
window_tcn_hybrid_daily_s0,01542810,0.7038710714460554
window_tcn_hybrid_daily_s0,01543000,0.7857929400420016
window_tcn_hybrid_daily_s0,01543500,0.8168127035123711
window_tcn_hybrid_daily_s0,01544500,0.77782919993353
window_tcn_hybrid_daily_s0,01545600,0.7718831392322874
window_tcn_hybrid_daily_s0,01547700,0.600466116989396
window_tcn_hybrid_daily_s0,01548500,0.8309362499740843
window_tcn_hybrid_daily_s0,01549500,0.6924797382487093
window_tcn_hybrid_daily_s0,01550000,0.6906332649656626
window_tcn_hybrid_daily_s0,01552000,0.7846792990417799
window_tcn_hybrid_daily_s0,01552500,0.7086583752400051
window_tcn_hybrid_daily_s0,01557500,0.7337350595659302
window_tcn_hybrid_daily_s0,01567500,0.5439297175376915
window_tcn_hybrid_daily_s0,01568000,0.7436042374922849
window_tcn_hybrid_daily_s0,01580000,0.6898417022145618
window_tcn_hybrid_daily_s0,01583500,0.623393950967994
window_tcn_hybrid_daily_s0,01586610,0.5994995756107233
window_tcn_hybrid_daily_s0,01591400,0.5658184435625779
window_tcn_hybrid_daily_s0,01594950,0.27297175194861634
window_tcn_hybrid_daily_s0,01596500,0.7428065625603234
window_tcn_hybrid_daily_s0,01605500,0.6502198822351503
window_tcn_hybrid_daily_s0,01606500,0.7331974442270751
window_tcn_hybrid_daily_s0,01632000,0.5545400285945987
window_tcn_hybrid_daily_s0,01632900,0.4132820231118326
window_tcn_hybrid_daily_s0,01634500,0.47959208856468716
window_tcn_hybrid_daily_s0,01638480,0.6029073293428244
window_tcn_hybrid_daily_s0,01639500,0.7383122456509075
window_tcn_hybrid_daily_s0,01644000,0.7239548481008762
window_tcn_hybrid_daily_s0,01664000,0.8082985474709548
window_tcn_hybrid_daily_s0,01666500,0.6764386239852787
window_tcn_hybrid_daily_s0,01667500,0.744741146317683
window_tcn_hybrid_daily_s0,01669000,0.704643076894269
window_tcn_hybrid_daily_s0,01669520,0.60361740770535
window_tcn_hybrid_daily_s0,02011400,0.7897126304338273
window_tcn_hybrid_daily_s0,02013000,0.7426234428492535
window_tcn_hybrid_daily_s0,02014000,0.7821784554349622
window_tcn_hybrid_daily_s0,02015700,0.6973142378325592
window_tcn_hybrid_daily_s0,02016000,0.8393139619056379
window_tcn_hybrid_daily_s0,02017500,0.8039072718909491
window_tcn_hybrid_daily_s0,02018000,0.8169198527066857
window_tcn_hybrid_daily_s0,02027000,0.589149331249001
window_tcn_hybrid_daily_s0,02027500,0.4459938210427534
window_tcn_hybrid_daily_s0,02028500,0.674944470939137
window_tcn_hybrid_daily_s0,02038850,0.40092267877661214
window_tcn_hybrid_daily_s0,02046000,0.7326561575762484
window_tcn_hybrid_daily_s0,02051500,0.7386185213889608
window_tcn_hybrid_daily_s0,02053200,0.8393411848749073
window_tcn_hybrid_daily_s0,02053800,0.6548043745524903
window_tcn_hybrid_daily_s0,02055100,0.6098030549829985
window_tcn_hybrid_daily_s0,02056900,0.6926523343343441
window_tcn_hybrid_daily_s0,02059500,0.595497657210853
window_tcn_hybrid_daily_s0,02064000,0.5642676259812328
window_tcn_hybrid_daily_s0,02065500,0.7370563779349115
window_tcn_hybrid_daily_s0,02069700,0.6744757800974123
window_tcn_hybrid_daily_s0,02070000,0.6081358567908388
window_tcn_hybrid_daily_s0,02074500,0.6746864252271692
window_tcn_hybrid_daily_s0,02077200,0.6155100877580082
window_tcn_hybrid_daily_s0,02081500,0.7820936193204605
window_tcn_hybrid_daily_s0,02082950,0.6203396524122832
window_tcn_hybrid_daily_s0,02092500,0.7829572714660522
window_tcn_hybrid_daily_s0,02096846,0.28959711507000385
window_tcn_hybrid_daily_s0,02102908,0.6440213437235488
window_tcn_hybrid_daily_s0,02108000,0.7675205725023388
window_tcn_hybrid_daily_s0,02111180,0.6922169427323378
window_tcn_hybrid_daily_s0,02111500,0.6552726650139733
window_tcn_hybrid_daily_s0,02112120,0.7329615102957421
window_tcn_hybrid_daily_s0,02112360,0.7258357591685143
window_tcn_hybrid_daily_s0,02118500,0.7671092746754115
window_tcn_hybrid_daily_s0,02125000,0.6554111179780568
window_tcn_hybrid_daily_s0,02128000,0.5769474587935989
window_tcn_hybrid_daily_s0,02137727,0.7211438356829393
window_tcn_hybrid_daily_s0,02140991,0.7033940390350184
window_tcn_hybrid_daily_s0,02143000,0.7964549252052434
window_tcn_hybrid_daily_s0,02143040,0.7669173856306718
window_tcn_hybrid_daily_s0,02149000,0.7687465987967945
window_tcn_hybrid_daily_s0,02152100,0.7116141276727019
window_tcn_hybrid_daily_s0,02177000,0.7997452774054741
window_tcn_hybrid_daily_s0,02178400,0.7711046978958901
window_tcn_hybrid_daily_s0,02193340,0.3822015575548702
window_tcn_hybrid_daily_s0,02196000,0.7523667415049625
window_tcn_hybrid_daily_s0,02198100,0.5371352908108047
window_tcn_hybrid_daily_s0,02202600,0.6697945950849555
window_tcn_hybrid_daily_s0,02212600,0.7597496208712329
window_tcn_hybrid_daily_s0,02215100,0.6713315651198978
window_tcn_hybrid_daily_s0,02216180,0.7763827560814022
window_tcn_hybrid_daily_s0,02221525,0.8253750456405604
window_tcn_hybrid_daily_s0,02231000,0.849704422392808
window_tcn_hybrid_daily_s0,02245500,0.67498997987835
window_tcn_hybrid_daily_s0,02246000,0.7561674749208614
window_tcn_hybrid_daily_s0,02296500,0.7795610041611808
window_tcn_hybrid_daily_s0,02297155,0.5317546511544688
window_tcn_hybrid_daily_s0,02297310,0.6833092956807814
window_tcn_hybrid_daily_s0,02298123,0.6638636668846204
window_tcn_hybrid_daily_s0,02298608,0.6818971429129648
window_tcn_hybrid_daily_s0,02299950,0.6451694624052351
window_tcn_hybrid_daily_s0,02300700,0.5398174585016107
window_tcn_hybrid_daily_s0,02342933,0.6350446584755336
window_tcn_hybrid_daily_s0,02349900,0.7249917297595084
window_tcn_hybrid_daily_s0,02350900,0.7502351085826567
window_tcn_hybrid_daily_s0,02361000,0.8262096007831932
window_tcn_hybrid_daily_s0,02363000,0.553279355288457
window_tcn_hybrid_daily_s0,02369800,0.8447356987952208
window_tcn_hybrid_daily_s0,02371500,0.8182119692284504
window_tcn_hybrid_daily_s0,02372250,0.7077778324704763
window_tcn_hybrid_daily_s0,02374500,0.5339123774109946
window_tcn_hybrid_daily_s0,02381600,0.4815648829771093
window_tcn_hybrid_daily_s0,02384540,0.6355720940671171
window_tcn_hybrid_daily_s0,02395120,0.6905384787386353
window_tcn_hybrid_daily_s0,02415000,0.6529445791151814
window_tcn_hybrid_daily_s0,02427250,0.3426948661716891
window_tcn_hybrid_daily_s0,02430085,0.5376047860608597
window_tcn_hybrid_daily_s0,02450250,0.7967694685637461
window_tcn_hybrid_daily_s0,02464000,0.7918714612795008
window_tcn_hybrid_daily_s0,02464360,0.6042949407053736
window_tcn_hybrid_daily_s0,02465493,0.5450062046232036
window_tcn_hybrid_daily_s0,02469800,0.7339785736539799
window_tcn_hybrid_daily_s0,02472000,0.863398154560027
window_tcn_hybrid_daily_s0,02472500,0.8209824284213867
window_tcn_hybrid_daily_s0,02479155,0.6606991591760342
window_tcn_hybrid_daily_s0,02479300,0.7422844653499362
window_tcn_hybrid_daily_s0,02479560,0.8281875768942778
window_tcn_hybrid_daily_s0,02481000,0.7402891956100589
window_tcn_hybrid_daily_s0,02481510,0.7750827814315253
window_tcn_hybrid_daily_s0,04015330,0.7350060764551376
window_tcn_hybrid_daily_s0,04024430,0.775793440838103
window_tcn_hybrid_daily_s0,04027000,0.841905318701204
window_tcn_hybrid_daily_s0,04040500,0.8138387988268299
window_tcn_hybrid_daily_s0,04043050,0.7491524165187015
window_tcn_hybrid_daily_s0,04045500,0.8912677849655395
window_tcn_hybrid_daily_s0,04057510,0.783509960476641
window_tcn_hybrid_daily_s0,04057800,0.7844146947788829
window_tcn_hybrid_daily_s0,04059500,0.818518112886145
window_tcn_hybrid_daily_s0,04063700,0.7389313922752851
window_tcn_hybrid_daily_s0,04074950,0.7920915747056493
window_tcn_hybrid_daily_s0,04105700,0.6463429855497571
window_tcn_hybrid_daily_s0,04115265,-0.06220067254905226
window_tcn_hybrid_daily_s0,04122200,0.7630219717599366
window_tcn_hybrid_daily_s0,04122500,0.768351710445313
window_tcn_hybrid_daily_s0,04127918,0.6514588254153432
window_tcn_hybrid_daily_s0,04127997,0.6325954672079445
window_tcn_hybrid_daily_s0,04161580,0.6312969391511565
window_tcn_hybrid_daily_s0,04185000,0.8221700283207423
window_tcn_hybrid_daily_s0,04196800,0.7945726033238616
window_tcn_hybrid_daily_s0,04197100,0.6584101679523495
window_tcn_hybrid_daily_s0,04197170,0.5734841905177452
window_tcn_hybrid_daily_s0,04213000,0.6958988753540789
window_tcn_hybrid_daily_s0,04213075,0.2066836076916202
window_tcn_hybrid_daily_s0,04216418,0.6896065437076042
window_tcn_hybrid_daily_s0,04221000,0.7256751735760538
window_tcn_hybrid_daily_s0,04224775,0.6135284464741241
window_tcn_hybrid_daily_s0,04233000,0.5928125637626207
window_tcn_hybrid_daily_s0,04256000,0.7785010475220564
window_tcn_hybrid_daily_s0,03010655,0.7435599347493436
window_tcn_hybrid_daily_s0,03011800,0.7552150617910445
window_tcn_hybrid_daily_s0,03015500,0.7517734861271156
window_tcn_hybrid_daily_s0,03021350,0.6321188289138144
window_tcn_hybrid_daily_s0,03026500,0.7166684484923047
window_tcn_hybrid_daily_s0,03028000,0.7266213471810767
window_tcn_hybrid_daily_s0,03049000,0.7316619222681142
window_tcn_hybrid_daily_s0,03049800,0.3107662588724801
window_tcn_hybrid_daily_s0,03050000,0.3296049278417371
window_tcn_hybrid_daily_s0,03069500,0.8674974991705847
window_tcn_hybrid_daily_s0,03070500,0.7900279775124592
window_tcn_hybrid_daily_s0,03076600,0.6727247387436355
window_tcn_hybrid_daily_s0,03078000,0.7293047778287689
window_tcn_hybrid_daily_s0,03140000,0.7363848531771864
window_tcn_hybrid_daily_s0,03144000,0.6898751890142907
window_tcn_hybrid_daily_s0,03170000,0.7925101352165993
window_tcn_hybrid_daily_s0,03173000,0.8077159371707036
window_tcn_hybrid_daily_s0,03180500,0.8097798058742267
window_tcn_hybrid_daily_s0,03182500,0.8513066091519865
window_tcn_hybrid_daily_s0,03186500,0.7708716324261069
window_tcn_hybrid_daily_s0,03237280,0.37089401820666246
window_tcn_hybrid_daily_s0,03237500,0.7348776190376816
window_tcn_hybrid_daily_s0,03238500,0.704432892021494
window_tcn_hybrid_daily_s0,03241500,0.789473144586422
window_tcn_hybrid_daily_s0,03280700,0.6345415857999094
window_tcn_hybrid_daily_s0,03281500,0.8611346609030341
window_tcn_hybrid_daily_s0,03285000,0.7905336596757996
window_tcn_hybrid_daily_s0,03291780,0.6664380502206355
window_tcn_hybrid_daily_s0,03338780,0.5669122364519069
window_tcn_hybrid_daily_s0,03340800,0.6200134120628378
window_tcn_hybrid_daily_s0,03346000,0.8133961010350488
window_tcn_hybrid_daily_s0,03364500,0.7124843099795504
window_tcn_hybrid_daily_s0,03366500,0.8239737537467984
window_tcn_hybrid_daily_s0,03368000,0.6112742543301782
window_tcn_hybrid_daily_s0,03384450,0.696412227520572
window_tcn_hybrid_daily_s0,03439000,0.8129949059043409
window_tcn_hybrid_daily_s0,03455500,0.6444172614167727
window_tcn_hybrid_daily_s0,03456500,0.7501229593059902
window_tcn_hybrid_daily_s0,03460000,0.7533204694672937
window_tcn_hybrid_daily_s0,03463300,0.6626751377225559
window_tcn_hybrid_daily_s0,03471500,0.6831166010657268
window_tcn_hybrid_daily_s0,03473000,0.7969170357440685
window_tcn_hybrid_daily_s0,03479000,0.7606029913683716
window_tcn_hybrid_daily_s0,03488000,0.8418597618467487
window_tcn_hybrid_daily_s0,03498500,0.8379838079249189
window_tcn_hybrid_daily_s0,03500000,0.8603634904906348
window_tcn_hybrid_daily_s0,03500240,0.8102985910883398
window_tcn_hybrid_daily_s0,03504000,0.7588802359780809
window_tcn_hybrid_daily_s0,03574500,0.8100245269724686
window_tcn_hybrid_daily_s0,03592718,0.6125359877276093
window_tcn_hybrid_daily_s0,03604000,0.7385856855751403
window_tcn_hybrid_daily_s0,05291000,0.6157812397616569
window_tcn_hybrid_daily_s0,05362000,0.8473166078889596
window_tcn_hybrid_daily_s0,05393500,0.8191105181745384
window_tcn_hybrid_daily_s0,05399500,0.6787487499877791
window_tcn_hybrid_daily_s0,05408000,0.63271261721696
window_tcn_hybrid_daily_s0,05413500,0.6895852474341082
window_tcn_hybrid_daily_s0,05414000,0.5582391641477547
window_tcn_hybrid_daily_s0,05444000,0.5901607966353349
window_tcn_hybrid_daily_s0,05454000,0.5461271209635863
window_tcn_hybrid_daily_s0,05458000,0.6790714552554485
window_tcn_hybrid_daily_s0,05466500,0.763123787272578
window_tcn_hybrid_daily_s0,05487980,0.7292017216930053
window_tcn_hybrid_daily_s0,05488200,0.46348039843384625
window_tcn_hybrid_daily_s0,05489000,0.6601418466544589
window_tcn_hybrid_daily_s0,05495000,0.785599882015513
window_tcn_hybrid_daily_s0,05495500,0.7908693897717827
window_tcn_hybrid_daily_s0,05501000,0.7269336665334343
window_tcn_hybrid_daily_s0,05503800,0.7046389893524336
window_tcn_hybrid_daily_s0,05507600,0.6941369738134482
window_tcn_hybrid_daily_s0,05508805,0.7290171773237559
window_tcn_hybrid_daily_s0,05525500,0.7810806258696434
window_tcn_hybrid_daily_s0,05556500,0.7170082008358794
window_tcn_hybrid_daily_s0,05584500,0.7916560923086301
window_tcn_hybrid_daily_s0,05591550,0.6502993769780574
window_tcn_hybrid_daily_s0,05592050,0.7387601436081652
window_tcn_hybrid_daily_s0,05592575,0.4138341044541065
window_tcn_hybrid_daily_s0,05593575,0.7988313321197151
window_tcn_hybrid_daily_s0,05593900,0.7118614778910826
window_tcn_hybrid_daily_s0,05595730,0.7820709847852788
window_tcn_hybrid_daily_s0,07291000,0.6026876650005069
window_tcn_hybrid_daily_s0,07359610,0.40615657539393213
window_tcn_hybrid_daily_s0,07362100,0.7504301173858764
window_tcn_hybrid_daily_s0,07362587,0.35091068613739596
window_tcn_hybrid_daily_s0,07375000,0.4473401894680392
window_tcn_hybrid_daily_s0,08013000,0.6535482819509144
window_tcn_hybrid_daily_s0,08014500,0.7448962804764795
window_tcn_hybrid_daily_s0,05057200,0.3346758466750871
window_tcn_hybrid_daily_s0,05120500,0.45119023073082953
window_tcn_hybrid_daily_s0,06221400,0.6722667916058018
window_tcn_hybrid_daily_s0,06224000,0.847550117997971
window_tcn_hybrid_daily_s0,06278300,0.8060150135429555
window_tcn_hybrid_daily_s0,06280300,0.8372757913736834
window_tcn_hybrid_daily_s0,06289000,0.7213706631127409
window_tcn_hybrid_daily_s0,06291500,0.5763915595410145
window_tcn_hybrid_daily_s0,06311000,0.7091953874920234
window_tcn_hybrid_daily_s0,06332515,0.20257820869680843
window_tcn_hybrid_daily_s0,06339100,0.2702511847639659
window_tcn_hybrid_daily_s0,06344600,0.23496737858337946
window_tcn_hybrid_daily_s0,06350000,0.33729682828349694
window_tcn_hybrid_daily_s0,06352000,0.3851240042878531
window_tcn_hybrid_daily_s0,06404000,0.7201385267741975
window_tcn_hybrid_daily_s0,06406000,0.4575969984970165
window_tcn_hybrid_daily_s0,06409000,0.1835228307815786
window_tcn_hybrid_daily_s0,06431500,0.11918677448959003
window_tcn_hybrid_daily_s0,06440200,0.24173331957937494
window_tcn_hybrid_daily_s0,06447500,0.4004905192209023
window_tcn_hybrid_daily_s0,06470800,0.2615478701304841
window_tcn_hybrid_daily_s0,06477500,0.25500036238526513
window_tcn_hybrid_daily_s0,06479215,0.5550902058093216
window_tcn_hybrid_daily_s0,06601000,0.33676115340762913
window_tcn_hybrid_daily_s0,06614800,0.8677431867084788
window_tcn_hybrid_daily_s0,06622700,0.8732805391460261
window_tcn_hybrid_daily_s0,06623800,0.888802761347337
window_tcn_hybrid_daily_s0,06632400,0.8510673464073308
window_tcn_hybrid_daily_s0,06746095,0.7857579265912834
window_tcn_hybrid_daily_s0,06803510,0.3765552984034837
window_tcn_hybrid_daily_s0,06803530,0.6824894546430138
window_tcn_hybrid_daily_s0,06814000,0.7419903642611968
window_tcn_hybrid_daily_s0,06847900,-0.11676709307574362
window_tcn_hybrid_daily_s0,06853800,0.2850258248634977
window_tcn_hybrid_daily_s0,06876700,0.45404991928840865
window_tcn_hybrid_daily_s0,06878000,0.681893943758048
window_tcn_hybrid_daily_s0,06879650,-0.0699826249184492
window_tcn_hybrid_daily_s0,06885500,0.7281026161416944
window_tcn_hybrid_daily_s0,06888500,0.39609686953228673
window_tcn_hybrid_daily_s0,06889200,0.49279705816467256
window_tcn_hybrid_daily_s0,06889500,0.6691740391194481
window_tcn_hybrid_daily_s0,06892000,0.7528772811554674
window_tcn_hybrid_daily_s0,06903400,0.6874970094398178
window_tcn_hybrid_daily_s0,06906800,0.5864698521240912
window_tcn_hybrid_daily_s0,06910800,0.7258337211153771
window_tcn_hybrid_daily_s0,06911900,0.7725038686763637
window_tcn_hybrid_daily_s0,06917000,0.7708373383412103
window_tcn_hybrid_daily_s0,06918460,0.42574797193432123
window_tcn_hybrid_daily_s0,06919500,0.8313729961853327
window_tcn_hybrid_daily_s0,06921070,0.7132448955973616
window_tcn_hybrid_daily_s0,06921200,0.621363935534301
window_tcn_hybrid_daily_s0,07057500,0.8391559901906225
window_tcn_hybrid_daily_s0,07060710,0.4425153043709601
window_tcn_hybrid_daily_s0,07066000,0.7734817306457791
window_tcn_hybrid_daily_s0,07083000,0.8815824172436633
window_tcn_hybrid_daily_s0,07142300,-0.2525484716226354
window_tcn_hybrid_daily_s0,07145700,0.7605117452680263
window_tcn_hybrid_daily_s0,07167500,0.6846652577252681
window_tcn_hybrid_daily_s0,07180500,0.708159272529203
window_tcn_hybrid_daily_s0,07184000,0.6591516098385393
window_tcn_hybrid_daily_s0,07195800,0.4904850790598917
window_tcn_hybrid_daily_s0,07196900,0.47570442343615893
window_tcn_hybrid_daily_s0,07197000,0.7957583108766245
window_tcn_hybrid_daily_s0,07208500,0.21278724484336964
window_tcn_hybrid_daily_s0,07261000,0.7341333709558895
window_tcn_hybrid_daily_s0,07263295,0.37506657614367656
window_tcn_hybrid_daily_s0,07299670,0.330163732056701
window_tcn_hybrid_daily_s0,07301410,-0.2030754553303462
window_tcn_hybrid_daily_s0,07315200,0.43355978178829324
window_tcn_hybrid_daily_s0,07315700,0.6218915317517657
window_tcn_hybrid_daily_s0,07335700,0.5086978341614632
window_tcn_hybrid_daily_s0,07340300,0.7045517783677251
window_tcn_hybrid_daily_s0,07346045,0.8131054063875169
window_tcn_hybrid_daily_s0,08023080,0.7065008235328958
window_tcn_hybrid_daily_s0,08050800,0.5026202161859865
window_tcn_hybrid_daily_s0,08066200,0.6065169075283057
window_tcn_hybrid_daily_s0,08066300,0.476427105897154
window_tcn_hybrid_daily_s0,08070000,0.584147244968179
window_tcn_hybrid_daily_s0,08070200,0.5703307070332159
window_tcn_hybrid_daily_s0,08082700,0.30962087363190105
window_tcn_hybrid_daily_s0,08086212,0.5081362336702883
window_tcn_hybrid_daily_s0,08086290,0.4944164259759376
window_tcn_hybrid_daily_s0,08101000,0.6406006110254261
window_tcn_hybrid_daily_s0,08103900,0.4428693271711506
window_tcn_hybrid_daily_s0,08104900,0.5904907050228614
window_tcn_hybrid_daily_s0,08109700,0.6827083822061942
window_tcn_hybrid_daily_s0,08150800,-0.24139503114830418
window_tcn_hybrid_daily_s0,08158700,0.0825680298209972
window_tcn_hybrid_daily_s0,08158810,0.4594476903195851
window_tcn_hybrid_daily_s0,08164300,0.7694893552466806
window_tcn_hybrid_daily_s0,08164600,0.7530428560767763
window_tcn_hybrid_daily_s0,08165300,-2.763229656343587
window_tcn_hybrid_daily_s0,08171300,0.6579693312748058
window_tcn_hybrid_daily_s0,08175000,0.7198290252074175
window_tcn_hybrid_daily_s0,08176900,0.5976095616285271
window_tcn_hybrid_daily_s0,08178880,0.3196185945805943
window_tcn_hybrid_daily_s0,08189500,0.8024831826562836
window_tcn_hybrid_daily_s0,08190000,0.5446954162228428
window_tcn_hybrid_daily_s0,08190500,0.39378050291757405
window_tcn_hybrid_daily_s0,08194200,0.07683897449517985
window_tcn_hybrid_daily_s0,08195000,0.5951266564425232
window_tcn_hybrid_daily_s0,08196000,0.48568973651320635
window_tcn_hybrid_daily_s0,08198500,0.4648084501773707
window_tcn_hybrid_daily_s0,08200000,0.4376389369587079
window_tcn_hybrid_daily_s0,08202700,0.2402965779169779
window_tcn_hybrid_daily_s0,08267500,0.5381922636107108
window_tcn_hybrid_daily_s0,08269000,0.5004133497306844
window_tcn_hybrid_daily_s0,08271000,0.7290254277862028
window_tcn_hybrid_daily_s0,08324000,0.17882338630506245
window_tcn_hybrid_daily_s0,08377900,0.7883908142767049
window_tcn_hybrid_daily_s0,08378500,0.7554734621252033
window_tcn_hybrid_daily_s0,08380500,0.3175459262004293
window_tcn_hybrid_daily_s0,09035800,0.8709122331780903
window_tcn_hybrid_daily_s0,09035900,0.8986267894064686
window_tcn_hybrid_daily_s0,09047700,0.7683387294828752
window_tcn_hybrid_daily_s0,09065500,0.9037487355007527
window_tcn_hybrid_daily_s0,09066000,0.902210350770174
window_tcn_hybrid_daily_s0,09066200,0.8806424268574214
window_tcn_hybrid_daily_s0,09066300,0.8515913772525817
window_tcn_hybrid_daily_s0,09081600,0.9289241077213117
window_tcn_hybrid_daily_s0,09107000,0.6032767340520822
window_tcn_hybrid_daily_s0,09210500,0.8117171603768872
window_tcn_hybrid_daily_s0,09223000,0.8761279022801378
window_tcn_hybrid_daily_s0,09306242,-1.0511039880141806
window_tcn_hybrid_daily_s0,09312600,0.6869200475336561
window_tcn_hybrid_daily_s0,09352900,0.8245480199796249
window_tcn_hybrid_daily_s0,09378170,0.3734512599673956
window_tcn_hybrid_daily_s0,09386900,0.30670510648979354
window_tcn_hybrid_daily_s0,09404450,0.3050955020158783
window_tcn_hybrid_daily_s0,09430600,0.26024512560968494
window_tcn_hybrid_daily_s0,09447800,-5.185250852874118
window_tcn_hybrid_daily_s0,09484600,0.08304290219807686
window_tcn_hybrid_daily_s0,09492400,0.6690463240237916
window_tcn_hybrid_daily_s0,09494000,0.4305906812202064
window_tcn_hybrid_daily_s0,09497980,0.5932888865967609
window_tcn_hybrid_daily_s0,09505350,0.2333455996401932
window_tcn_hybrid_daily_s0,09505800,0.334194439132266
window_tcn_hybrid_daily_s0,09508300,0.6318866696900809
window_tcn_hybrid_daily_s0,09510200,0.702960901602451
window_tcn_hybrid_daily_s0,09512280,0.37187060090909674
window_tcn_hybrid_daily_s0,09513780,0.23116404624776232
window_tcn_hybrid_daily_s0,10234500,0.7227024348662341
window_tcn_hybrid_daily_s0,10244950,0.4995548986740961
window_tcn_hybrid_daily_s0,10336645,0.8293949012204861
window_tcn_hybrid_daily_s0,10336660,0.8258738137084225
window_tcn_hybrid_daily_s0,10343500,0.7129384101953453
window_tcn_hybrid_daily_s0,12010000,0.878541653975738
window_tcn_hybrid_daily_s0,12013500,0.8816197277356422
window_tcn_hybrid_daily_s0,12020000,0.5958051316958
window_tcn_hybrid_daily_s0,12025700,0.7669522652808256
window_tcn_hybrid_daily_s0,12035000,0.8608236588076179
window_tcn_hybrid_daily_s0,12040500,0.7816366747731067
window_tcn_hybrid_daily_s0,12041200,0.7081368817226605
window_tcn_hybrid_daily_s0,12048000,0.4741424525886492
window_tcn_hybrid_daily_s0,12054000,0.6816525590777781
window_tcn_hybrid_daily_s0,12056500,0.6567497122976479
window_tcn_hybrid_daily_s0,12073500,0.8167749429742734
window_tcn_hybrid_daily_s0,12082500,0.7495777122140622
window_tcn_hybrid_daily_s0,12092000,0.6893452581338945
window_tcn_hybrid_daily_s0,12114500,0.7902977645777154
window_tcn_hybrid_daily_s0,12115000,0.8156111769087063
window_tcn_hybrid_daily_s0,12117000,0.8111391298298543
window_tcn_hybrid_daily_s0,12143600,0.7361426788225796
window_tcn_hybrid_daily_s0,12144000,0.6728849154271539
window_tcn_hybrid_daily_s0,12145500,0.9013802941436786
window_tcn_hybrid_daily_s0,12147500,0.7213540669135621
window_tcn_hybrid_daily_s0,12167000,0.7966631872365622
window_tcn_hybrid_daily_s0,12175500,0.8042196218600381
window_tcn_hybrid_daily_s0,12178100,0.7919045497186804
window_tcn_hybrid_daily_s0,12186000,0.6986364562812524
window_tcn_hybrid_daily_s0,12189500,0.7985860822389322
window_tcn_hybrid_daily_s0,12375900,0.8216965392150131
window_tcn_hybrid_daily_s0,12377150,0.8876833092019731
window_tcn_hybrid_daily_s0,12381400,0.6946821401477763
window_tcn_hybrid_daily_s0,12383500,0.7354882697896782
window_tcn_hybrid_daily_s0,12390700,0.7554118693253269
window_tcn_hybrid_daily_s0,12411000,0.6992002994876871
window_tcn_hybrid_daily_s0,12447390,0.7709324086157034
window_tcn_hybrid_daily_s0,12451000,0.8445649896617538
window_tcn_hybrid_daily_s0,12488500,0.7404011002107269
window_tcn_hybrid_daily_s0,13011500,0.7832267638992211
window_tcn_hybrid_daily_s0,13011900,0.8318100563142609
window_tcn_hybrid_daily_s0,13018300,0.7918726478168591
window_tcn_hybrid_daily_s0,13023000,0.9068328406762697
window_tcn_hybrid_daily_s0,13161500,0.6627955890943633
window_tcn_hybrid_daily_s0,13235000,0.8101843498354051
window_tcn_hybrid_daily_s0,13240000,0.8341237824558013
window_tcn_hybrid_daily_s0,13313000,0.815411937995467
window_tcn_hybrid_daily_s0,13331500,0.8692100345009873
window_tcn_hybrid_daily_s0,14020000,0.7675298101667415
window_tcn_hybrid_daily_s0,14096850,0.47686466927714455
window_tcn_hybrid_daily_s0,14137000,0.8115561433398152
window_tcn_hybrid_daily_s0,14138800,0.8005729601458895
window_tcn_hybrid_daily_s0,14138870,0.8213531728605311
window_tcn_hybrid_daily_s0,14138900,0.8241747226489987
window_tcn_hybrid_daily_s0,14139800,0.8360178612638427
window_tcn_hybrid_daily_s0,14141500,0.8184731158416282
window_tcn_hybrid_daily_s0,14154500,0.8960606459881727
window_tcn_hybrid_daily_s0,14158790,0.7864192655909953
window_tcn_hybrid_daily_s0,14166500,0.883349961012271
window_tcn_hybrid_daily_s0,14182500,0.7964198144796254
window_tcn_hybrid_daily_s0,14185000,0.8847957088601529
window_tcn_hybrid_daily_s0,14185900,0.8803590799820994
window_tcn_hybrid_daily_s0,14187000,0.15001469384206678
window_tcn_hybrid_daily_s0,14216500,0.5163768124467396
window_tcn_hybrid_daily_s0,14222500,0.8905765119943406
window_tcn_hybrid_daily_s0,14236200,0.8475782161097414
window_tcn_hybrid_daily_s0,14301000,0.9291243785025596
window_tcn_hybrid_daily_s0,14303200,0.5642812872211552
window_tcn_hybrid_daily_s0,14305500,0.8841448230265168
window_tcn_hybrid_daily_s0,14306340,0.41052948955659163
window_tcn_hybrid_daily_s0,14306500,0.8832773439875221
window_tcn_hybrid_daily_s0,14308990,0.24624642630397697
window_tcn_hybrid_daily_s0,14309500,0.8279677577123736
window_tcn_hybrid_daily_s0,14316700,0.8847513314637092
window_tcn_hybrid_daily_s0,14325000,0.8358953281377339
window_tcn_hybrid_daily_s0,14362250,0.45936948180420734
window_tcn_hybrid_daily_s0,14400000,0.8881270308034533
window_tcn_hybrid_daily_s0,10259000,0.6175999621668569
window_tcn_hybrid_daily_s0,11124500,0.7304023619192848
window_tcn_hybrid_daily_s0,11141280,0.6787884874512333
window_tcn_hybrid_daily_s0,11143000,0.772270829787747
window_tcn_hybrid_daily_s0,11148900,0.7795736084946014
window_tcn_hybrid_daily_s0,11151300,0.6559716008505256
window_tcn_hybrid_daily_s0,11176400,0.40000473749481213
window_tcn_hybrid_daily_s0,11230500,0.8158692456377519
window_tcn_hybrid_daily_s0,11237500,0.7178752453986089
window_tcn_hybrid_daily_s0,11264500,0.8627492399404715
window_tcn_hybrid_daily_s0,11266500,0.857553448568084
window_tcn_hybrid_daily_s0,11284400,0.6481821559508181
window_tcn_hybrid_daily_s0,11381500,0.6904407190623266
window_tcn_hybrid_daily_s0,11451100,0.648788077776115
window_tcn_hybrid_daily_s0,11468500,0.8686947917560717
window_tcn_hybrid_daily_s0,11473900,0.7225279393354107
window_tcn_hybrid_daily_s0,11475560,0.660970191266079
window_tcn_hybrid_daily_s0,11476600,0.7740695238305533
window_tcn_hybrid_daily_s0,11478500,0.7875839198902058
window_tcn_hybrid_daily_s0,11480390,0.703197186462533
window_tcn_hybrid_daily_s0,11481200,0.7890998819374502
window_tcn_hybrid_daily_s0,11482500,0.800024118948638
window_tcn_hybrid_daily_s0,11522500,0.7042131829501512
window_tcn_hybrid_daily_s0,11523200,0.7691594346687922
window_tcn_hybrid_daily_s0,11528700,0.6820542048894558
window_tcn_hybrid_daily_s0,11532500,0.8956417320831853
window_patch_latent_fixed_s0,01022500,0.7434664397055201
window_patch_latent_fixed_s0,01031500,0.7057433695464748
window_patch_latent_fixed_s0,01047000,0.6932387439949321
window_patch_latent_fixed_s0,01052500,0.6738800806792222
window_patch_latent_fixed_s0,01054200,0.4504917434642589
window_patch_latent_fixed_s0,01055000,0.49359507237590217
window_patch_latent_fixed_s0,01057000,0.6713183667050497
window_patch_latent_fixed_s0,01073000,0.6345546030453288
window_patch_latent_fixed_s0,01078000,0.7258336885491818
window_patch_latent_fixed_s0,01123000,0.6996649991100554
window_patch_latent_fixed_s0,01134500,0.6540866410143644
window_patch_latent_fixed_s0,01137500,0.5810561708440634
window_patch_latent_fixed_s0,01139000,0.6524350021761647
window_patch_latent_fixed_s0,01139800,0.6073566509077175
window_patch_latent_fixed_s0,01142500,0.6900796228343268
window_patch_latent_fixed_s0,01144000,0.697857007175386
window_patch_latent_fixed_s0,01162500,0.6766996032663425
window_patch_latent_fixed_s0,01169000,0.5961735675237745
window_patch_latent_fixed_s0,01170100,0.6014909968005084
window_patch_latent_fixed_s0,01181000,0.5763931224490536
window_patch_latent_fixed_s0,01187300,0.6267088946830272
window_patch_latent_fixed_s0,01195100,0.5920742576868097
window_patch_latent_fixed_s0,04296000,0.6387566194045561
window_patch_latent_fixed_s0,01333000,0.5788437031928109
window_patch_latent_fixed_s0,01350000,0.4291867545642438
window_patch_latent_fixed_s0,01350080,0.019397829652731735
window_patch_latent_fixed_s0,01350140,0.3192792689215127
window_patch_latent_fixed_s0,01365000,0.4409348801818439
window_patch_latent_fixed_s0,01411300,0.4546250594349688
window_patch_latent_fixed_s0,01413500,0.5094290615665799
window_patch_latent_fixed_s0,01414500,0.30068629772849
window_patch_latent_fixed_s0,01415000,0.5278367692329063
window_patch_latent_fixed_s0,01423000,0.5251512769075242
window_patch_latent_fixed_s0,01434025,0.2511612293046066
window_patch_latent_fixed_s0,01435000,0.47474569502142927
window_patch_latent_fixed_s0,01439500,0.6639467181122112
window_patch_latent_fixed_s0,01440000,0.6812492774932786
window_patch_latent_fixed_s0,01440400,0.6543946625647608
window_patch_latent_fixed_s0,01451800,0.5502354691004665
window_patch_latent_fixed_s0,01466500,0.43023533124906044
window_patch_latent_fixed_s0,01484100,0.3716368327306191
window_patch_latent_fixed_s0,01487000,0.5869667243866634
window_patch_latent_fixed_s0,01491000,0.5450449149318171
window_patch_latent_fixed_s0,01510000,0.6119615207015114
window_patch_latent_fixed_s0,01516500,0.1800790515911843
window_patch_latent_fixed_s0,01518862,0.5267132911918535
window_patch_latent_fixed_s0,01532000,0.49530031710283307
window_patch_latent_fixed_s0,01539000,0.7156748509372384
window_patch_latent_fixed_s0,01542810,0.5718150795090606
window_patch_latent_fixed_s0,01543000,0.6885042211471797
window_patch_latent_fixed_s0,01543500,0.6856865020714298
window_patch_latent_fixed_s0,01544500,0.6115350187662044
window_patch_latent_fixed_s0,01545600,0.6346961199860361
window_patch_latent_fixed_s0,01547700,0.5313309743663082
window_patch_latent_fixed_s0,01548500,0.7051419907700787
window_patch_latent_fixed_s0,01549500,0.4951348214455449
window_patch_latent_fixed_s0,01550000,0.5980862041363175
window_patch_latent_fixed_s0,01552000,0.617742126620707
window_patch_latent_fixed_s0,01552500,0.5808990436065581
window_patch_latent_fixed_s0,01557500,0.6121421925359976
window_patch_latent_fixed_s0,01567500,0.2545139113773123
window_patch_latent_fixed_s0,01568000,0.6003666865417314
window_patch_latent_fixed_s0,01580000,-0.20279116025644872
window_patch_latent_fixed_s0,01583500,0.14514779823901047
window_patch_latent_fixed_s0,01586610,0.4362656715070493
window_patch_latent_fixed_s0,01591400,0.3432525868762075
window_patch_latent_fixed_s0,01594950,0.2852207574794502
window_patch_latent_fixed_s0,01596500,0.6271696051338524
window_patch_latent_fixed_s0,01605500,0.5097673440022227
window_patch_latent_fixed_s0,01606500,0.6275411137832305
window_patch_latent_fixed_s0,01632000,0.4181996272751596
window_patch_latent_fixed_s0,01632900,0.48451463797443817
window_patch_latent_fixed_s0,01634500,0.4248695762570688
window_patch_latent_fixed_s0,01638480,0.41913115303465664
window_patch_latent_fixed_s0,01639500,0.5404152864912077
window_patch_latent_fixed_s0,01644000,0.5447459217629484
window_patch_latent_fixed_s0,01664000,0.7087496884526554
window_patch_latent_fixed_s0,01666500,0.5980669741923355
window_patch_latent_fixed_s0,01667500,0.6333110467073952
window_patch_latent_fixed_s0,01669000,0.6091350759490073
window_patch_latent_fixed_s0,01669520,0.4285854544078529
window_patch_latent_fixed_s0,02011400,0.6710627419200461
window_patch_latent_fixed_s0,02013000,0.6356611380376718
window_patch_latent_fixed_s0,02014000,0.6143351543743346
window_patch_latent_fixed_s0,02015700,0.6074071400848794
window_patch_latent_fixed_s0,02016000,0.7355601273130692
window_patch_latent_fixed_s0,02017500,0.6934459290252826
window_patch_latent_fixed_s0,02018000,0.7128731342365289
window_patch_latent_fixed_s0,02027000,0.558875720202611
window_patch_latent_fixed_s0,02027500,0.43141042462091306
window_patch_latent_fixed_s0,02028500,0.6446640127827284
window_patch_latent_fixed_s0,02038850,0.48297574720635117
window_patch_latent_fixed_s0,02046000,0.5861170727641181
window_patch_latent_fixed_s0,02051500,0.6763485587724013
window_patch_latent_fixed_s0,02053200,0.5184739870408124
window_patch_latent_fixed_s0,02053800,0.5936972805895907
window_patch_latent_fixed_s0,02055100,0.4849918628974954
window_patch_latent_fixed_s0,02056900,0.6391791753753386
window_patch_latent_fixed_s0,02059500,0.6038705545336791
window_patch_latent_fixed_s0,02064000,0.5654271878045638
window_patch_latent_fixed_s0,02065500,0.584903444186078
window_patch_latent_fixed_s0,02069700,0.5698761353210764
window_patch_latent_fixed_s0,02070000,0.6702375095670883
window_patch_latent_fixed_s0,02074500,0.4500199235119191
window_patch_latent_fixed_s0,02077200,0.37677638654225953
window_patch_latent_fixed_s0,02081500,0.5374755790874048
window_patch_latent_fixed_s0,02082950,0.42043235190326
window_patch_latent_fixed_s0,02092500,0.47287300312199976
window_patch_latent_fixed_s0,02096846,0.3233101147758688
window_patch_latent_fixed_s0,02102908,0.14119850700787673
window_patch_latent_fixed_s0,02108000,0.347891134705017
window_patch_latent_fixed_s0,02111180,0.5472090590520837
window_patch_latent_fixed_s0,02111500,0.563424531703278
window_patch_latent_fixed_s0,02112120,0.568531773363462
window_patch_latent_fixed_s0,02112360,0.6359291618110771
window_patch_latent_fixed_s0,02118500,0.6457187297922965
window_patch_latent_fixed_s0,02125000,0.6416684179981913
window_patch_latent_fixed_s0,02128000,0.498725817977724
window_patch_latent_fixed_s0,02137727,0.35962443006870326
window_patch_latent_fixed_s0,02140991,0.2988898258731847
window_patch_latent_fixed_s0,02143000,0.7299335201209611
window_patch_latent_fixed_s0,02143040,0.7105855680794655
window_patch_latent_fixed_s0,02149000,0.5528597549065566
window_patch_latent_fixed_s0,02152100,0.647814148779261
window_patch_latent_fixed_s0,02177000,0.49131805149334107
window_patch_latent_fixed_s0,02178400,0.5775580115924999
window_patch_latent_fixed_s0,02193340,0.34162506064968046
window_patch_latent_fixed_s0,02196000,0.6134809660728131
window_patch_latent_fixed_s0,02198100,0.5144302351278929
window_patch_latent_fixed_s0,02202600,0.5514305088404399
window_patch_latent_fixed_s0,02212600,0.6498782190225338
window_patch_latent_fixed_s0,02215100,0.5717359178044805
window_patch_latent_fixed_s0,02216180,0.6231379441828026
window_patch_latent_fixed_s0,02221525,0.5972243393287235
window_patch_latent_fixed_s0,02231000,0.6101767396623203
window_patch_latent_fixed_s0,02245500,0.6088671938618343
window_patch_latent_fixed_s0,02246000,0.6860611494475586
window_patch_latent_fixed_s0,02296500,0.5774920174673309
window_patch_latent_fixed_s0,02297155,0.3162199773260572
window_patch_latent_fixed_s0,02297310,0.535404053136325
window_patch_latent_fixed_s0,02298123,0.5694858916873782
window_patch_latent_fixed_s0,02298608,0.5661946733718216
window_patch_latent_fixed_s0,02299950,0.5864023226353454
window_patch_latent_fixed_s0,02300700,0.5073552333251456
window_patch_latent_fixed_s0,02342933,0.5307687160377434
window_patch_latent_fixed_s0,02349900,0.5193730643936376
window_patch_latent_fixed_s0,02350900,0.5494086620546685
window_patch_latent_fixed_s0,02361000,0.4999606652833323
window_patch_latent_fixed_s0,02363000,0.1308241252560094
window_patch_latent_fixed_s0,02369800,0.35132402537676277
window_patch_latent_fixed_s0,02371500,0.5689410741595387
window_patch_latent_fixed_s0,02372250,0.5593783327928012
window_patch_latent_fixed_s0,02374500,0.5694353282704394
window_patch_latent_fixed_s0,02381600,0.4565439161615089
window_patch_latent_fixed_s0,02384540,0.5190780911446222
window_patch_latent_fixed_s0,02395120,0.5797747698916043
window_patch_latent_fixed_s0,02415000,0.6482882035718509
window_patch_latent_fixed_s0,02427250,0.352573825200043
window_patch_latent_fixed_s0,02430085,0.50467652033744
window_patch_latent_fixed_s0,02450250,0.7075543356506852
window_patch_latent_fixed_s0,02464000,0.7570016540778383
window_patch_latent_fixed_s0,02464360,0.5999754196556082
window_patch_latent_fixed_s0,02465493,0.5126381471756175
window_patch_latent_fixed_s0,02469800,0.6671786803934248
window_patch_latent_fixed_s0,02472000,0.6238226915754375
window_patch_latent_fixed_s0,02472500,0.47555264459291013
window_patch_latent_fixed_s0,02479155,0.17236873927195628
window_patch_latent_fixed_s0,02479300,0.4996864050394587
window_patch_latent_fixed_s0,02479560,0.4573361166768589
window_patch_latent_fixed_s0,02481000,0.3206560461004636
window_patch_latent_fixed_s0,02481510,0.428882835817344
window_patch_latent_fixed_s0,04015330,0.4994007679962801
window_patch_latent_fixed_s0,04024430,0.2624502190741459
window_patch_latent_fixed_s0,04027000,0.5737289364243863
window_patch_latent_fixed_s0,04040500,0.6284296445451947
window_patch_latent_fixed_s0,04043050,0.6826760496483867
window_patch_latent_fixed_s0,04045500,0.8093082828990981
window_patch_latent_fixed_s0,04057510,0.7358195937375618
window_patch_latent_fixed_s0,04057800,0.5530413480958492
window_patch_latent_fixed_s0,04059500,0.6898902637544084
window_patch_latent_fixed_s0,04063700,0.58700749298338
window_patch_latent_fixed_s0,04074950,0.6514023605126851
window_patch_latent_fixed_s0,04105700,0.4795172416491458
window_patch_latent_fixed_s0,04115265,-0.2822110046016646
window_patch_latent_fixed_s0,04122200,0.5025031012570289
window_patch_latent_fixed_s0,04122500,0.5834849825170934
window_patch_latent_fixed_s0,04127918,0.641030875604795
window_patch_latent_fixed_s0,04127997,0.3979670319475428
window_patch_latent_fixed_s0,04161580,0.5530222428119502
window_patch_latent_fixed_s0,04185000,0.7097599406453763
window_patch_latent_fixed_s0,04196800,0.6532419270821324
window_patch_latent_fixed_s0,04197100,0.4745396016735607
window_patch_latent_fixed_s0,04197170,0.5367716375336831
window_patch_latent_fixed_s0,04213000,0.5892230901432847
window_patch_latent_fixed_s0,04213075,-0.037279741689374424
window_patch_latent_fixed_s0,04216418,0.5483466209047096
window_patch_latent_fixed_s0,04221000,0.6617614589109964
window_patch_latent_fixed_s0,04224775,0.5411332480409943
window_patch_latent_fixed_s0,04233000,0.5363835819195572
window_patch_latent_fixed_s0,04256000,0.6417158841303301
window_patch_latent_fixed_s0,03010655,0.5737214657743823
window_patch_latent_fixed_s0,03011800,0.5954028703185957
window_patch_latent_fixed_s0,03015500,0.6308247125374586
window_patch_latent_fixed_s0,03021350,0.5498830581347769
window_patch_latent_fixed_s0,03026500,0.5376311127764963
window_patch_latent_fixed_s0,03028000,0.616610168218217
window_patch_latent_fixed_s0,03049000,0.6558317781289948
window_patch_latent_fixed_s0,03049800,0.25578275073020984
window_patch_latent_fixed_s0,03050000,0.31153352998951533
window_patch_latent_fixed_s0,03069500,0.6623949130022078
window_patch_latent_fixed_s0,03070500,0.6979735081102385
window_patch_latent_fixed_s0,03076600,0.5649113413940274
window_patch_latent_fixed_s0,03078000,0.6572385136446148
window_patch_latent_fixed_s0,03140000,0.6301464874052278
window_patch_latent_fixed_s0,03144000,0.657622422931252
window_patch_latent_fixed_s0,03170000,0.6266655846819671
window_patch_latent_fixed_s0,03173000,0.7031729943775029
window_patch_latent_fixed_s0,03180500,0.682016585847266
window_patch_latent_fixed_s0,03182500,0.7305019558441025
window_patch_latent_fixed_s0,03186500,0.6455058668799094
window_patch_latent_fixed_s0,03237280,0.26001239719005487
window_patch_latent_fixed_s0,03237500,0.671423118561949
window_patch_latent_fixed_s0,03238500,0.5723820009966352
window_patch_latent_fixed_s0,03241500,0.5912193169343156
window_patch_latent_fixed_s0,03280700,0.5037458201654639
window_patch_latent_fixed_s0,03281500,0.7852337821792976
window_patch_latent_fixed_s0,03285000,0.7524939308671457
window_patch_latent_fixed_s0,03291780,0.6070948007646526
window_patch_latent_fixed_s0,03338780,0.46460011566191206
window_patch_latent_fixed_s0,03340800,0.5920233130631238
window_patch_latent_fixed_s0,03346000,0.6877749003357772
window_patch_latent_fixed_s0,03364500,0.6087976662024277
window_patch_latent_fixed_s0,03366500,0.7052119468462461
window_patch_latent_fixed_s0,03368000,0.5290051775498442
window_patch_latent_fixed_s0,03384450,0.5480202874712564
window_patch_latent_fixed_s0,03439000,0.48412156557606467
window_patch_latent_fixed_s0,03455500,0.41058081275750924
window_patch_latent_fixed_s0,03456500,0.424786116683985
window_patch_latent_fixed_s0,03460000,0.604493071105138
window_patch_latent_fixed_s0,03463300,0.312269593167691
window_patch_latent_fixed_s0,03471500,0.4606329706364922
window_patch_latent_fixed_s0,03473000,0.6599541243604206
window_patch_latent_fixed_s0,03479000,0.38524090877306505
window_patch_latent_fixed_s0,03488000,0.7279614389455855
window_patch_latent_fixed_s0,03498500,0.7311168295858417
window_patch_latent_fixed_s0,03500000,0.6184993473902006
window_patch_latent_fixed_s0,03500240,0.5970068718943293
window_patch_latent_fixed_s0,03504000,0.5762065596661259
window_patch_latent_fixed_s0,03574500,0.6191618414300624
window_patch_latent_fixed_s0,03592718,0.44792882623550534
window_patch_latent_fixed_s0,03604000,0.7673209863210821
window_patch_latent_fixed_s0,05291000,0.3392101455190284
window_patch_latent_fixed_s0,05362000,0.6333934001003069
window_patch_latent_fixed_s0,05393500,0.6766737311712918
window_patch_latent_fixed_s0,05399500,0.5031003003516321
window_patch_latent_fixed_s0,05408000,0.6117715799267053
window_patch_latent_fixed_s0,05413500,0.5027667009204684
window_patch_latent_fixed_s0,05414000,0.29677443374898904
window_patch_latent_fixed_s0,05444000,0.20327555246050022
window_patch_latent_fixed_s0,05454000,0.1983681148758566
window_patch_latent_fixed_s0,05458000,0.02847880336063835
window_patch_latent_fixed_s0,05466500,0.6048743667674537
window_patch_latent_fixed_s0,05487980,0.5746043695126877
window_patch_latent_fixed_s0,05488200,0.2560869419354328
window_patch_latent_fixed_s0,05489000,0.44632393729750874
window_patch_latent_fixed_s0,05495000,0.5246941791685156
window_patch_latent_fixed_s0,05495500,0.6597274284293093
window_patch_latent_fixed_s0,05501000,0.6505872910895142
window_patch_latent_fixed_s0,05503800,0.5657726627771883
window_patch_latent_fixed_s0,05507600,0.5955165689600793
window_patch_latent_fixed_s0,05508805,0.6748554261816448
window_patch_latent_fixed_s0,05525500,0.6925317505472066
window_patch_latent_fixed_s0,05556500,0.5677418646832342
window_patch_latent_fixed_s0,05584500,0.6545884775278131
window_patch_latent_fixed_s0,05591550,0.6101335731684179
window_patch_latent_fixed_s0,05592050,0.61680756368263
window_patch_latent_fixed_s0,05592575,0.22570952452670534
window_patch_latent_fixed_s0,05593575,0.7480074340827888
window_patch_latent_fixed_s0,05593900,0.6402209665200533
window_patch_latent_fixed_s0,05595730,0.6676057424281528
window_patch_latent_fixed_s0,07291000,0.43954104284249773
window_patch_latent_fixed_s0,07359610,0.2999623798641097
window_patch_latent_fixed_s0,07362100,0.5305778111243498
window_patch_latent_fixed_s0,07362587,0.17374478265278626
window_patch_latent_fixed_s0,07375000,0.27755335526132374
window_patch_latent_fixed_s0,08013000,0.4608511841818822
window_patch_latent_fixed_s0,08014500,0.41752845175393194
window_patch_latent_fixed_s0,05057200,0.27533495317756285
window_patch_latent_fixed_s0,05120500,0.3069153811982436
window_patch_latent_fixed_s0,06221400,0.6324503825012282
window_patch_latent_fixed_s0,06224000,0.7954088880422315
window_patch_latent_fixed_s0,06278300,0.6822094796272986
window_patch_latent_fixed_s0,06280300,0.8047104067187631
window_patch_latent_fixed_s0,06289000,0.7070938290759675
window_patch_latent_fixed_s0,06291500,0.5287739277088741
window_patch_latent_fixed_s0,06311000,0.6719471998439679
window_patch_latent_fixed_s0,06332515,0.021647268020028143
window_patch_latent_fixed_s0,06339100,0.25445584606555216
window_patch_latent_fixed_s0,06344600,0.2691459261403245
window_patch_latent_fixed_s0,06350000,0.26145050532484515
window_patch_latent_fixed_s0,06352000,0.19842031441909302
window_patch_latent_fixed_s0,06404000,0.56604287096442
window_patch_latent_fixed_s0,06406000,0.29905602101027073
window_patch_latent_fixed_s0,06409000,0.18354521277133762
window_patch_latent_fixed_s0,06431500,-0.0470984986003411
window_patch_latent_fixed_s0,06440200,0.16504524512817031
window_patch_latent_fixed_s0,06447500,0.105006541052451
window_patch_latent_fixed_s0,06470800,0.19724136573399664
window_patch_latent_fixed_s0,06477500,-0.12110876790005198
window_patch_latent_fixed_s0,06479215,0.22365345355695332
window_patch_latent_fixed_s0,06601000,0.08718489876430968
window_patch_latent_fixed_s0,06614800,0.830501799936708
window_patch_latent_fixed_s0,06622700,0.8724266184862973
window_patch_latent_fixed_s0,06623800,0.8505521091892718
window_patch_latent_fixed_s0,06632400,0.8375334153963373
window_patch_latent_fixed_s0,06746095,0.7315735303970661
window_patch_latent_fixed_s0,06803510,-0.018299912050700806
window_patch_latent_fixed_s0,06803530,0.31858552971605514
window_patch_latent_fixed_s0,06814000,0.6582090979702107
window_patch_latent_fixed_s0,06847900,0.03407306079490979
window_patch_latent_fixed_s0,06853800,0.11951621369785637
window_patch_latent_fixed_s0,06876700,0.19111519561245527
window_patch_latent_fixed_s0,06878000,0.5498557441146142
window_patch_latent_fixed_s0,06879650,0.14669955807402624
window_patch_latent_fixed_s0,06885500,0.7344834571041221
window_patch_latent_fixed_s0,06888500,0.599941867876491
window_patch_latent_fixed_s0,06889200,0.5999179569059454
window_patch_latent_fixed_s0,06889500,0.7236938701720473
window_patch_latent_fixed_s0,06892000,0.6027963688646885
window_patch_latent_fixed_s0,06903400,0.48940547335341045
window_patch_latent_fixed_s0,06906800,0.3766076239637324
window_patch_latent_fixed_s0,06910800,0.48549990722144976
window_patch_latent_fixed_s0,06911900,0.5515445587504468
window_patch_latent_fixed_s0,06917000,0.6518447788989342
window_patch_latent_fixed_s0,06918460,-0.1504604142513415
window_patch_latent_fixed_s0,06919500,0.6674176659424118
window_patch_latent_fixed_s0,06921070,0.4752789702947374
window_patch_latent_fixed_s0,06921200,0.4935777036385426
window_patch_latent_fixed_s0,07057500,0.7148414676688966
window_patch_latent_fixed_s0,07060710,0.5397997314937519
window_patch_latent_fixed_s0,07066000,0.6642666075893382
window_patch_latent_fixed_s0,07083000,0.8253143517612103
window_patch_latent_fixed_s0,07142300,-0.1674386364019016
window_patch_latent_fixed_s0,07145700,0.18140628749332655
window_patch_latent_fixed_s0,07167500,0.41320217115768854
window_patch_latent_fixed_s0,07180500,0.36763525664054875
window_patch_latent_fixed_s0,07184000,0.5229825127316952
window_patch_latent_fixed_s0,07195800,0.3051906611237729
window_patch_latent_fixed_s0,07196900,0.2930467175385091
window_patch_latent_fixed_s0,07197000,0.5387993000779214
window_patch_latent_fixed_s0,07208500,0.22065658538911181
window_patch_latent_fixed_s0,07261000,0.6499275486285961
window_patch_latent_fixed_s0,07263295,0.20973979101671558
window_patch_latent_fixed_s0,07299670,0.28991228887391896
window_patch_latent_fixed_s0,07301410,-0.03995408255796096
window_patch_latent_fixed_s0,07315200,0.19308498731138346
window_patch_latent_fixed_s0,07315700,0.548619970526703
window_patch_latent_fixed_s0,07335700,0.24811579155501196
window_patch_latent_fixed_s0,07340300,0.5826935134330387
window_patch_latent_fixed_s0,07346045,0.5225259975327152
window_patch_latent_fixed_s0,08023080,0.5551163286402159
window_patch_latent_fixed_s0,08050800,0.30451901546562354
window_patch_latent_fixed_s0,08066200,0.12850499781585778
window_patch_latent_fixed_s0,08066300,0.22597559629426567
window_patch_latent_fixed_s0,08070000,0.3123421713684196
window_patch_latent_fixed_s0,08070200,0.3177287618100557
window_patch_latent_fixed_s0,08082700,0.4157205758364
window_patch_latent_fixed_s0,08086212,0.42985432424031167
window_patch_latent_fixed_s0,08086290,0.47227601206532477
window_patch_latent_fixed_s0,08101000,0.6268219683286378
window_patch_latent_fixed_s0,08103900,0.2267797262926562
window_patch_latent_fixed_s0,08104900,0.19887226122199542
window_patch_latent_fixed_s0,08109700,0.4958952713881539
window_patch_latent_fixed_s0,08150800,-1.0264953264041168
window_patch_latent_fixed_s0,08158700,0.152687981417026
window_patch_latent_fixed_s0,08158810,0.25126542395940454
window_patch_latent_fixed_s0,08164300,0.6202658113392506
window_patch_latent_fixed_s0,08164600,0.6242102064099433
window_patch_latent_fixed_s0,08165300,-0.8118374430940352
window_patch_latent_fixed_s0,08171300,0.4512284721747061
window_patch_latent_fixed_s0,08175000,0.0885272534046826
window_patch_latent_fixed_s0,08176900,0.44715539922111536
window_patch_latent_fixed_s0,08178880,0.1305709507217191
window_patch_latent_fixed_s0,08189500,0.33276904647168537
window_patch_latent_fixed_s0,08190000,0.38159791774030893
window_patch_latent_fixed_s0,08190500,0.28278581659513
window_patch_latent_fixed_s0,08194200,-0.34466336759736627
window_patch_latent_fixed_s0,08195000,0.3445557843877042
window_patch_latent_fixed_s0,08196000,0.3813692623720505
window_patch_latent_fixed_s0,08198500,0.11370413582747874
window_patch_latent_fixed_s0,08200000,0.1504315165080068
window_patch_latent_fixed_s0,08202700,0.09920114350732823
window_patch_latent_fixed_s0,08267500,0.6932026996250003
window_patch_latent_fixed_s0,08269000,0.4754425732757259
window_patch_latent_fixed_s0,08271000,0.7366376083069871
window_patch_latent_fixed_s0,08324000,0.4989784452944356
window_patch_latent_fixed_s0,08377900,0.7264456696650478
window_patch_latent_fixed_s0,08378500,0.7367730215431423
window_patch_latent_fixed_s0,08380500,0.42258443957241476
window_patch_latent_fixed_s0,09035800,0.8290561524260305
window_patch_latent_fixed_s0,09035900,0.8508264037276413
window_patch_latent_fixed_s0,09047700,0.6505148215334193
window_patch_latent_fixed_s0,09065500,0.862017880702076
window_patch_latent_fixed_s0,09066000,0.8690661917304975
window_patch_latent_fixed_s0,09066200,0.8581514953870538
window_patch_latent_fixed_s0,09066300,0.7892688740735286
window_patch_latent_fixed_s0,09081600,0.8965101419862256
window_patch_latent_fixed_s0,09107000,0.5676635552931448
window_patch_latent_fixed_s0,09210500,0.6941232074387735
window_patch_latent_fixed_s0,09223000,0.7695181547090277
window_patch_latent_fixed_s0,09306242,-1.8354084462464204
window_patch_latent_fixed_s0,09312600,0.4654753439874668
window_patch_latent_fixed_s0,09352900,0.7634721354353816
window_patch_latent_fixed_s0,09378170,0.28971573189497213
window_patch_latent_fixed_s0,09386900,0.24431682212037897
window_patch_latent_fixed_s0,09404450,0.2123294971029811
window_patch_latent_fixed_s0,09430600,0.2898263792249013
window_patch_latent_fixed_s0,09447800,-0.32969771732199704
window_patch_latent_fixed_s0,09484600,-0.14746668495159487
window_patch_latent_fixed_s0,09492400,0.6098841370660937
window_patch_latent_fixed_s0,09494000,0.5103337627515865
window_patch_latent_fixed_s0,09497980,0.6647233089313822
window_patch_latent_fixed_s0,09505350,-0.029019306613136786
window_patch_latent_fixed_s0,09505800,0.028445254456777147
window_patch_latent_fixed_s0,09508300,0.5339351240717856
window_patch_latent_fixed_s0,09510200,0.6366212748797172
window_patch_latent_fixed_s0,09512280,0.06626073607090233
window_patch_latent_fixed_s0,09513780,0.32872171398970307
window_patch_latent_fixed_s0,10234500,0.6872748917265692
window_patch_latent_fixed_s0,10244950,0.4825326818493787
window_patch_latent_fixed_s0,10336645,0.6455197325674421
window_patch_latent_fixed_s0,10336660,0.5669265283149231
window_patch_latent_fixed_s0,10343500,0.4595233724357777
window_patch_latent_fixed_s0,12010000,0.8067225910666384
window_patch_latent_fixed_s0,12013500,0.8198656506168566
window_patch_latent_fixed_s0,12020000,0.6286680637562034
window_patch_latent_fixed_s0,12025700,0.6908097946284171
window_patch_latent_fixed_s0,12035000,0.7789068093575591
window_patch_latent_fixed_s0,12040500,0.7201172555252502
window_patch_latent_fixed_s0,12041200,0.5856966623281314
window_patch_latent_fixed_s0,12048000,0.36415139974995525
window_patch_latent_fixed_s0,12054000,0.5950581964360557
window_patch_latent_fixed_s0,12056500,0.5792603298059347
window_patch_latent_fixed_s0,12073500,0.6040689729274726
window_patch_latent_fixed_s0,12082500,0.6610503943095353
window_patch_latent_fixed_s0,12092000,0.6020353406109964
window_patch_latent_fixed_s0,12114500,0.6795801967276223
window_patch_latent_fixed_s0,12115000,0.7127124145712334
window_patch_latent_fixed_s0,12117000,0.7455501997601344
window_patch_latent_fixed_s0,12143600,0.677909395370284
window_patch_latent_fixed_s0,12144000,0.564259662726313
window_patch_latent_fixed_s0,12145500,0.7966715966378405
window_patch_latent_fixed_s0,12147500,0.5523722124584184
window_patch_latent_fixed_s0,12167000,0.6795153344855276
window_patch_latent_fixed_s0,12175500,0.6522246226804689
window_patch_latent_fixed_s0,12178100,0.6409092265886769
window_patch_latent_fixed_s0,12186000,0.5629658536371158
window_patch_latent_fixed_s0,12189500,0.694489189799532
window_patch_latent_fixed_s0,12375900,0.77233428985987
window_patch_latent_fixed_s0,12377150,0.811035712733135
window_patch_latent_fixed_s0,12381400,0.6601079234869707
window_patch_latent_fixed_s0,12383500,0.4514633032526123
window_patch_latent_fixed_s0,12390700,0.6894754824654894
window_patch_latent_fixed_s0,12411000,0.6410199975724936
window_patch_latent_fixed_s0,12447390,0.7194688709840862
window_patch_latent_fixed_s0,12451000,0.7852263561272517
window_patch_latent_fixed_s0,12488500,0.644874711754037
window_patch_latent_fixed_s0,13011500,0.7288286220594389
window_patch_latent_fixed_s0,13011900,0.7806741646028799
window_patch_latent_fixed_s0,13018300,0.6611160676158367
window_patch_latent_fixed_s0,13023000,0.8347033435173532
window_patch_latent_fixed_s0,13161500,0.7334482823788511
window_patch_latent_fixed_s0,13235000,0.6376798823165813
window_patch_latent_fixed_s0,13240000,0.7886727816269594
window_patch_latent_fixed_s0,13313000,0.7167923001419418
window_patch_latent_fixed_s0,13331500,0.8144880395080363
window_patch_latent_fixed_s0,14020000,0.6914176260143967
window_patch_latent_fixed_s0,14096850,0.4694811071842544
window_patch_latent_fixed_s0,14137000,0.6004850156142842
window_patch_latent_fixed_s0,14138800,0.6304279817971921
window_patch_latent_fixed_s0,14138870,0.6344666573302404
window_patch_latent_fixed_s0,14138900,0.6857988801585617
window_patch_latent_fixed_s0,14139800,0.6946061347620895
window_patch_latent_fixed_s0,14141500,0.6291932264653994
window_patch_latent_fixed_s0,14154500,0.7940308546761918
window_patch_latent_fixed_s0,14158790,0.644163347089542
window_patch_latent_fixed_s0,14166500,0.8526058060309601
window_patch_latent_fixed_s0,14182500,0.7153491461936783
window_patch_latent_fixed_s0,14185000,0.7779194044408542
window_patch_latent_fixed_s0,14185900,0.7621142682544186
window_patch_latent_fixed_s0,14187000,0.12719172039114068
window_patch_latent_fixed_s0,14216500,0.610825453910405
window_patch_latent_fixed_s0,14222500,0.8111265634210076
window_patch_latent_fixed_s0,14236200,0.8122831764656232
window_patch_latent_fixed_s0,14301000,0.8810343892498919
window_patch_latent_fixed_s0,14303200,0.6716608284866474
window_patch_latent_fixed_s0,14305500,0.8036811412576169
window_patch_latent_fixed_s0,14306340,0.6005267439211728
window_patch_latent_fixed_s0,14306500,0.8005253285089731
window_patch_latent_fixed_s0,14308990,0.2086657731914875
window_patch_latent_fixed_s0,14309500,0.7244474811009587
window_patch_latent_fixed_s0,14316700,0.7726124944720048
window_patch_latent_fixed_s0,14325000,0.7622002560350238
window_patch_latent_fixed_s0,14362250,0.4483460892281417
window_patch_latent_fixed_s0,14400000,0.8156210793512543
window_patch_latent_fixed_s0,10259000,0.41945865097152923
window_patch_latent_fixed_s0,11124500,0.3376280196984388
window_patch_latent_fixed_s0,11141280,0.5897344250061828
window_patch_latent_fixed_s0,11143000,0.6278386331376622
window_patch_latent_fixed_s0,11148900,0.4988813679953783
window_patch_latent_fixed_s0,11151300,0.4669005351497363
window_patch_latent_fixed_s0,11176400,-0.009733757060732984
window_patch_latent_fixed_s0,11230500,0.17070851231542905
window_patch_latent_fixed_s0,11237500,0.49970976601586337
window_patch_latent_fixed_s0,11264500,0.4583810296619104
window_patch_latent_fixed_s0,11266500,0.4725055094062428
window_patch_latent_fixed_s0,11284400,0.34455625632838616
window_patch_latent_fixed_s0,11381500,0.6310374837249508
window_patch_latent_fixed_s0,11451100,0.5479322736063995
window_patch_latent_fixed_s0,11468500,0.7194174525641759
window_patch_latent_fixed_s0,11473900,0.6138555542235326
window_patch_latent_fixed_s0,11475560,0.5279831198528766
window_patch_latent_fixed_s0,11476600,0.6896210554071702
window_patch_latent_fixed_s0,11478500,0.7046482062308379
window_patch_latent_fixed_s0,11480390,0.6148222064638227
window_patch_latent_fixed_s0,11481200,0.7361377466208943
window_patch_latent_fixed_s0,11482500,0.7612183097150843
window_patch_latent_fixed_s0,11522500,0.7077904663179351
window_patch_latent_fixed_s0,11523200,0.6938044543340475
window_patch_latent_fixed_s0,11528700,0.6312400136093341
window_patch_latent_fixed_s0,11532500,0.8020918096911938
window_patch_latent_daily_s0,01022500,0.7979837594581027
window_patch_latent_daily_s0,01031500,0.790663809960895
window_patch_latent_daily_s0,01047000,0.7686415973318035
window_patch_latent_daily_s0,01052500,0.7644043861892049
window_patch_latent_daily_s0,01054200,0.6181670790338845
window_patch_latent_daily_s0,01055000,0.6378668626193147
window_patch_latent_daily_s0,01057000,0.75461284924109
window_patch_latent_daily_s0,01073000,0.7534002557717692
window_patch_latent_daily_s0,01078000,0.8191705212817557
window_patch_latent_daily_s0,01123000,0.7703279494524877
window_patch_latent_daily_s0,01134500,0.7226256847784818
window_patch_latent_daily_s0,01137500,0.6741796374480702
window_patch_latent_daily_s0,01139000,0.7636651511031751
window_patch_latent_daily_s0,01139800,0.6540389081659048
window_patch_latent_daily_s0,01142500,0.7493749939076504
window_patch_latent_daily_s0,01144000,0.7687227637484572
window_patch_latent_daily_s0,01162500,0.7588703387117673
window_patch_latent_daily_s0,01169000,0.6838946992306714
window_patch_latent_daily_s0,01170100,0.682193576119333
window_patch_latent_daily_s0,01181000,0.6774487726134868
window_patch_latent_daily_s0,01187300,0.7419689499436024
window_patch_latent_daily_s0,01195100,0.7303222614012664
window_patch_latent_daily_s0,04296000,0.7653977371162377
window_patch_latent_daily_s0,01333000,0.6375834556587581
window_patch_latent_daily_s0,01350000,0.5833087145439639
window_patch_latent_daily_s0,01350080,0.4522735453715835
window_patch_latent_daily_s0,01350140,0.5366620996528195
window_patch_latent_daily_s0,01365000,0.6342553828393325
window_patch_latent_daily_s0,01411300,0.5520968408823441
window_patch_latent_daily_s0,01413500,0.5158890293348299
window_patch_latent_daily_s0,01414500,0.48674526663238593
window_patch_latent_daily_s0,01415000,0.5475992496555445
window_patch_latent_daily_s0,01423000,0.6421750029951825
window_patch_latent_daily_s0,01434025,0.49848559707430684
window_patch_latent_daily_s0,01435000,0.6606409228738163
window_patch_latent_daily_s0,01439500,0.7506525916938155
window_patch_latent_daily_s0,01440000,0.7951392278700579
window_patch_latent_daily_s0,01440400,0.7126204433550221
window_patch_latent_daily_s0,01451800,0.7655624638276354
window_patch_latent_daily_s0,01466500,0.5139518804535217
window_patch_latent_daily_s0,01484100,0.4732926623813236
window_patch_latent_daily_s0,01487000,0.6576048394933267
window_patch_latent_daily_s0,01491000,0.6252273229506178
window_patch_latent_daily_s0,01510000,0.6993554680064518
window_patch_latent_daily_s0,01516500,0.47837638593150655
window_patch_latent_daily_s0,01518862,0.583754242563022
window_patch_latent_daily_s0,01532000,0.5388910361496057
window_patch_latent_daily_s0,01539000,0.7929373662611251
window_patch_latent_daily_s0,01542810,0.686402872185046
window_patch_latent_daily_s0,01543000,0.7400882823589289
window_patch_latent_daily_s0,01543500,0.7207842043546546
window_patch_latent_daily_s0,01544500,0.6646082798627422
window_patch_latent_daily_s0,01545600,0.6478822481084434
window_patch_latent_daily_s0,01547700,0.5822810391610089
window_patch_latent_daily_s0,01548500,0.6990204661860769
window_patch_latent_daily_s0,01549500,0.5125803052712602
window_patch_latent_daily_s0,01550000,0.59168698027664
window_patch_latent_daily_s0,01552000,0.6917583843763013
window_patch_latent_daily_s0,01552500,0.6984556446639876
window_patch_latent_daily_s0,01557500,0.7084052336555653
window_patch_latent_daily_s0,01567500,0.5749394252192512
window_patch_latent_daily_s0,01568000,0.7066121562512857
window_patch_latent_daily_s0,01580000,0.5208639212920562
window_patch_latent_daily_s0,01583500,0.5494490447052598
window_patch_latent_daily_s0,01586610,0.5651166146738207
window_patch_latent_daily_s0,01591400,0.5575873914393625
window_patch_latent_daily_s0,01594950,0.5094642121861086
window_patch_latent_daily_s0,01596500,0.7035385006371309
window_patch_latent_daily_s0,01605500,0.6941483044544645
window_patch_latent_daily_s0,01606500,0.7127211194077239
window_patch_latent_daily_s0,01632000,0.5002473614061179
window_patch_latent_daily_s0,01632900,0.6439665426216565
window_patch_latent_daily_s0,01634500,0.5195679510973861
window_patch_latent_daily_s0,01638480,0.5867106010157439
window_patch_latent_daily_s0,01639500,0.670243358539828
window_patch_latent_daily_s0,01644000,0.6643282345925197
window_patch_latent_daily_s0,01664000,0.7745067930843034
window_patch_latent_daily_s0,01666500,0.7137903235934228
window_patch_latent_daily_s0,01667500,0.7651287435702552
window_patch_latent_daily_s0,01669000,0.6323194357206539
window_patch_latent_daily_s0,01669520,0.46219317979058894
window_patch_latent_daily_s0,02011400,0.7554527000672069
window_patch_latent_daily_s0,02013000,0.6986974132089052
window_patch_latent_daily_s0,02014000,0.7120778036073114
window_patch_latent_daily_s0,02015700,0.7042649170845436
window_patch_latent_daily_s0,02016000,0.7879399444881768
window_patch_latent_daily_s0,02017500,0.7738373422506857
window_patch_latent_daily_s0,02018000,0.7877959947171403
window_patch_latent_daily_s0,02027000,0.6375532413889644
window_patch_latent_daily_s0,02027500,0.48498013157522946
window_patch_latent_daily_s0,02028500,0.7067185037007351
window_patch_latent_daily_s0,02038850,0.62626068913749
window_patch_latent_daily_s0,02046000,0.6905096679663822
window_patch_latent_daily_s0,02051500,0.715764507091444
window_patch_latent_daily_s0,02053200,0.5298363892377898
window_patch_latent_daily_s0,02053800,0.6598751082003596
window_patch_latent_daily_s0,02055100,0.6326074712650969
window_patch_latent_daily_s0,02056900,0.7094467190732174
window_patch_latent_daily_s0,02059500,0.647744917654613
window_patch_latent_daily_s0,02064000,0.5967663001308476
window_patch_latent_daily_s0,02065500,0.6090872861963048
window_patch_latent_daily_s0,02069700,0.6778982948536785
window_patch_latent_daily_s0,02070000,0.7015290561168765
window_patch_latent_daily_s0,02074500,0.7436831414734822
window_patch_latent_daily_s0,02077200,0.6454071867922148
window_patch_latent_daily_s0,02081500,0.8082840136573902
window_patch_latent_daily_s0,02082950,0.292081888707559
window_patch_latent_daily_s0,02092500,0.49782930745548526
window_patch_latent_daily_s0,02096846,0.4179940100471201
window_patch_latent_daily_s0,02102908,0.562694849922674
window_patch_latent_daily_s0,02108000,0.5158096219372401
window_patch_latent_daily_s0,02111180,0.725573571056283
window_patch_latent_daily_s0,02111500,0.6690268513964764
window_patch_latent_daily_s0,02112120,0.7113962110758605
window_patch_latent_daily_s0,02112360,0.7106746395772252
window_patch_latent_daily_s0,02118500,0.7495711186556588
window_patch_latent_daily_s0,02125000,0.6423543078958543
window_patch_latent_daily_s0,02128000,0.5603060012988537
window_patch_latent_daily_s0,02137727,0.41206165459007615
window_patch_latent_daily_s0,02140991,0.3646940539749425
window_patch_latent_daily_s0,02143000,0.697880464586306
window_patch_latent_daily_s0,02143040,0.7244116030239924
window_patch_latent_daily_s0,02149000,0.5703128636614614
window_patch_latent_daily_s0,02152100,0.6806797496451349
window_patch_latent_daily_s0,02177000,0.5539710392453874
window_patch_latent_daily_s0,02178400,0.6628399638200192
window_patch_latent_daily_s0,02193340,0.5080914627053104
window_patch_latent_daily_s0,02196000,0.7379257846576759
window_patch_latent_daily_s0,02198100,0.52853780000173
window_patch_latent_daily_s0,02202600,0.5720145463082356
window_patch_latent_daily_s0,02212600,0.7691172669841337
window_patch_latent_daily_s0,02215100,0.6930795221315773
window_patch_latent_daily_s0,02216180,0.7128222205930056
window_patch_latent_daily_s0,02221525,0.7589501850118633
window_patch_latent_daily_s0,02231000,0.7842118339394594
window_patch_latent_daily_s0,02245500,0.6427737839487188
window_patch_latent_daily_s0,02246000,0.779746824835637
window_patch_latent_daily_s0,02296500,0.7070849510034749
window_patch_latent_daily_s0,02297155,0.47741437806927844
window_patch_latent_daily_s0,02297310,0.6781055750525389
window_patch_latent_daily_s0,02298123,0.6612447633775873
window_patch_latent_daily_s0,02298608,0.6790379391574334
window_patch_latent_daily_s0,02299950,0.6915595720953672
window_patch_latent_daily_s0,02300700,0.5620868332092778
window_patch_latent_daily_s0,02342933,0.6807004934625247
window_patch_latent_daily_s0,02349900,0.7156559226132236
window_patch_latent_daily_s0,02350900,0.6766716619279263
window_patch_latent_daily_s0,02361000,0.7189951735407489
window_patch_latent_daily_s0,02363000,0.4895052910496652
window_patch_latent_daily_s0,02369800,0.4638999325013863
window_patch_latent_daily_s0,02371500,0.6898982717078246
window_patch_latent_daily_s0,02372250,0.713416929010898
window_patch_latent_daily_s0,02374500,0.7098175252269785
window_patch_latent_daily_s0,02381600,0.49470284485475224
window_patch_latent_daily_s0,02384540,0.588656515535675
window_patch_latent_daily_s0,02395120,0.7278954513994258
window_patch_latent_daily_s0,02415000,0.7145311124638521
window_patch_latent_daily_s0,02427250,0.361564601125981
window_patch_latent_daily_s0,02430085,0.6271978606423194
window_patch_latent_daily_s0,02450250,0.7725471635997504
window_patch_latent_daily_s0,02464000,0.8107202049900795
window_patch_latent_daily_s0,02464360,0.7009294803466108
window_patch_latent_daily_s0,02465493,0.5949627113723639
window_patch_latent_daily_s0,02469800,0.7650404930137186
window_patch_latent_daily_s0,02472000,0.742689956442939
window_patch_latent_daily_s0,02472500,0.6995611245125781
window_patch_latent_daily_s0,02479155,0.46693750779351584
window_patch_latent_daily_s0,02479300,0.6065315518672076
window_patch_latent_daily_s0,02479560,0.6583528455283301
window_patch_latent_daily_s0,02481000,0.6597953606970601
window_patch_latent_daily_s0,02481510,0.7232902031247996
window_patch_latent_daily_s0,04015330,0.6069148835026562
window_patch_latent_daily_s0,04024430,0.5868518530595765
window_patch_latent_daily_s0,04027000,0.7351522347317485
window_patch_latent_daily_s0,04040500,0.740734416880523
window_patch_latent_daily_s0,04043050,0.7224193278297728
window_patch_latent_daily_s0,04045500,0.8134603522079511
window_patch_latent_daily_s0,04057510,0.7584363621895667
window_patch_latent_daily_s0,04057800,0.6557938476021941
window_patch_latent_daily_s0,04059500,0.7516513332541115
window_patch_latent_daily_s0,04063700,0.5612308988234568
window_patch_latent_daily_s0,04074950,0.687403310553428
window_patch_latent_daily_s0,04105700,0.5063509432698725
window_patch_latent_daily_s0,04115265,0.08892763630971523
window_patch_latent_daily_s0,04122200,0.54620640543106
window_patch_latent_daily_s0,04122500,0.6298833821142276
window_patch_latent_daily_s0,04127918,0.6707814413651956
window_patch_latent_daily_s0,04127997,0.3036909475341094
window_patch_latent_daily_s0,04161580,0.5428610966921315
window_patch_latent_daily_s0,04185000,0.6909840050217482
window_patch_latent_daily_s0,04196800,0.7100918572250001
window_patch_latent_daily_s0,04197100,0.597815039265802
window_patch_latent_daily_s0,04197170,0.5931910028567561
window_patch_latent_daily_s0,04213000,0.6557057452127604
window_patch_latent_daily_s0,04213075,0.13874860891242247
window_patch_latent_daily_s0,04216418,0.628077158697822
window_patch_latent_daily_s0,04221000,0.6892391378769028
window_patch_latent_daily_s0,04224775,0.5730716568099532
window_patch_latent_daily_s0,04233000,0.616826935792864
window_patch_latent_daily_s0,04256000,0.7579437409097131
window_patch_latent_daily_s0,03010655,0.625452858182824
window_patch_latent_daily_s0,03011800,0.6553482470634882
window_patch_latent_daily_s0,03015500,0.6840580850871425
window_patch_latent_daily_s0,03021350,0.5798865660292454
window_patch_latent_daily_s0,03026500,0.6087529702470701
window_patch_latent_daily_s0,03028000,0.6621229868071001
window_patch_latent_daily_s0,03049000,0.6464990682404036
window_patch_latent_daily_s0,03049800,0.32885781787359225
window_patch_latent_daily_s0,03050000,0.3886175346301718
window_patch_latent_daily_s0,03069500,0.8003448096983996
window_patch_latent_daily_s0,03070500,0.7589785241235467
window_patch_latent_daily_s0,03076600,0.6172256805355107
window_patch_latent_daily_s0,03078000,0.7073613972197261
window_patch_latent_daily_s0,03140000,0.6978725758019697
window_patch_latent_daily_s0,03144000,0.7491861941074545
window_patch_latent_daily_s0,03170000,0.7300843267551148
window_patch_latent_daily_s0,03173000,0.7382511136382401
window_patch_latent_daily_s0,03180500,0.7875617221129042
window_patch_latent_daily_s0,03182500,0.8157575402340352
window_patch_latent_daily_s0,03186500,0.7545387500458609
window_patch_latent_daily_s0,03237280,0.40688504938206926
window_patch_latent_daily_s0,03237500,0.7554504364165426
window_patch_latent_daily_s0,03238500,0.6660253606071207
window_patch_latent_daily_s0,03241500,0.7280432340569444
window_patch_latent_daily_s0,03280700,0.6753602667235415
window_patch_latent_daily_s0,03281500,0.8200032971248103
window_patch_latent_daily_s0,03285000,0.7805337327241249
window_patch_latent_daily_s0,03291780,0.686412486635432
window_patch_latent_daily_s0,03338780,0.5776592169946146
window_patch_latent_daily_s0,03340800,0.7223084720390702
window_patch_latent_daily_s0,03346000,0.7903816504878064
window_patch_latent_daily_s0,03364500,0.6914100850098162
window_patch_latent_daily_s0,03366500,0.7885302013856613
window_patch_latent_daily_s0,03368000,0.6335778191270229
window_patch_latent_daily_s0,03384450,0.6633612239762132
window_patch_latent_daily_s0,03439000,0.6166904333009282
window_patch_latent_daily_s0,03455500,0.43114432653959045
window_patch_latent_daily_s0,03456500,0.4688645939612365
window_patch_latent_daily_s0,03460000,0.6810452516120775
window_patch_latent_daily_s0,03463300,0.3483406934851616
window_patch_latent_daily_s0,03471500,0.5981412605319366
window_patch_latent_daily_s0,03473000,0.7252735638259764
window_patch_latent_daily_s0,03479000,0.4905234182148075
window_patch_latent_daily_s0,03488000,0.7895286483999225
window_patch_latent_daily_s0,03498500,0.8536162645152061
window_patch_latent_daily_s0,03500000,0.6868354269771739
window_patch_latent_daily_s0,03500240,0.6665744419612103
window_patch_latent_daily_s0,03504000,0.6397701078660326
window_patch_latent_daily_s0,03574500,0.7511805417614428
window_patch_latent_daily_s0,03592718,0.6898506859960262
window_patch_latent_daily_s0,03604000,0.7548606842300092
window_patch_latent_daily_s0,05291000,0.4050655244186592
window_patch_latent_daily_s0,05362000,0.7775150955581005
window_patch_latent_daily_s0,05393500,0.773740341025505
window_patch_latent_daily_s0,05399500,0.5964923141635521
window_patch_latent_daily_s0,05408000,0.6045678218641408
window_patch_latent_daily_s0,05413500,0.5314967546463578
window_patch_latent_daily_s0,05414000,0.32451636369518033
window_patch_latent_daily_s0,05444000,0.3561386826638602
window_patch_latent_daily_s0,05454000,0.5417900186066436
window_patch_latent_daily_s0,05458000,0.3626282432592387
window_patch_latent_daily_s0,05466500,0.6737007520683129
window_patch_latent_daily_s0,05487980,0.6723356885397184
window_patch_latent_daily_s0,05488200,0.41982148434756794
window_patch_latent_daily_s0,05489000,0.5420360374658726
window_patch_latent_daily_s0,05495000,0.7541064520094748
window_patch_latent_daily_s0,05495500,0.7801717700165822
window_patch_latent_daily_s0,05501000,0.7233806313217446
window_patch_latent_daily_s0,05503800,0.6371372547656928
window_patch_latent_daily_s0,05507600,0.7159708246008474
window_patch_latent_daily_s0,05508805,0.7481506832415075
window_patch_latent_daily_s0,05525500,0.7446806125397551
window_patch_latent_daily_s0,05556500,0.755132229867166
window_patch_latent_daily_s0,05584500,0.7646757281164944
window_patch_latent_daily_s0,05591550,0.6627121308004424
window_patch_latent_daily_s0,05592050,0.7195681262345226
window_patch_latent_daily_s0,05592575,0.35921167291713274
window_patch_latent_daily_s0,05593575,0.8115676233992776
window_patch_latent_daily_s0,05593900,0.6929615996983078
window_patch_latent_daily_s0,05595730,0.7942804056848076
window_patch_latent_daily_s0,07291000,0.6597117273769669
window_patch_latent_daily_s0,07359610,0.35537481005034444
window_patch_latent_daily_s0,07362100,0.7030479592856287
window_patch_latent_daily_s0,07362587,0.16622844803051706
window_patch_latent_daily_s0,07375000,0.5231160257829992
window_patch_latent_daily_s0,08013000,0.6037498058069422
window_patch_latent_daily_s0,08014500,0.5940070994938546
window_patch_latent_daily_s0,05057200,0.3245389880802064
window_patch_latent_daily_s0,05120500,0.45295712164793145
window_patch_latent_daily_s0,06221400,0.4484993432024099
window_patch_latent_daily_s0,06224000,0.812536707360003
window_patch_latent_daily_s0,06278300,0.7304848899940575
window_patch_latent_daily_s0,06280300,0.8393645438310906
window_patch_latent_daily_s0,06289000,0.7083857695411403
window_patch_latent_daily_s0,06291500,0.6046551497121418
window_patch_latent_daily_s0,06311000,0.742564220952344
window_patch_latent_daily_s0,06332515,0.10144693264025151
window_patch_latent_daily_s0,06339100,0.29506979944915135
window_patch_latent_daily_s0,06344600,0.280991312973344
window_patch_latent_daily_s0,06350000,0.31398847887876424
window_patch_latent_daily_s0,06352000,0.30520440873017796
window_patch_latent_daily_s0,06404000,0.6796013396190873
window_patch_latent_daily_s0,06406000,0.3062225204339206
window_patch_latent_daily_s0,06409000,0.22190484284608325
window_patch_latent_daily_s0,06431500,0.12090614047977077
window_patch_latent_daily_s0,06440200,0.18582735190141686
window_patch_latent_daily_s0,06447500,0.19894931837787555
window_patch_latent_daily_s0,06470800,0.26725051815981704
window_patch_latent_daily_s0,06477500,0.4912490468459819
window_patch_latent_daily_s0,06479215,0.3640159698448784
window_patch_latent_daily_s0,06601000,0.4215540983176498
window_patch_latent_daily_s0,06614800,0.8389668235778869
window_patch_latent_daily_s0,06622700,0.8595602299595616
window_patch_latent_daily_s0,06623800,0.8763424233539817
window_patch_latent_daily_s0,06632400,0.8061217194900048
window_patch_latent_daily_s0,06746095,0.7366655679073697
window_patch_latent_daily_s0,06803510,0.5563784493402708
window_patch_latent_daily_s0,06803530,0.6077266482861716
window_patch_latent_daily_s0,06814000,0.7253675828160299
window_patch_latent_daily_s0,06847900,0.15594265083507064
window_patch_latent_daily_s0,06853800,-0.042799296459748115
window_patch_latent_daily_s0,06876700,0.32285506402659003
window_patch_latent_daily_s0,06878000,0.6099045892377002
window_patch_latent_daily_s0,06879650,0.47903756738726333
window_patch_latent_daily_s0,06885500,0.7540287749094562
window_patch_latent_daily_s0,06888500,0.696338346781741
window_patch_latent_daily_s0,06889200,0.5810554444533195
window_patch_latent_daily_s0,06889500,0.7344493952762278
window_patch_latent_daily_s0,06892000,0.7836183682373752
window_patch_latent_daily_s0,06903400,0.5867396484257859
window_patch_latent_daily_s0,06906800,0.5199574889107142
window_patch_latent_daily_s0,06910800,0.7709751439400493
window_patch_latent_daily_s0,06911900,0.7403496873649249
window_patch_latent_daily_s0,06917000,0.7856447694967692
window_patch_latent_daily_s0,06918460,0.32132957834657805
window_patch_latent_daily_s0,06919500,0.7273752632345877
window_patch_latent_daily_s0,06921070,0.6216509082226116
window_patch_latent_daily_s0,06921200,0.6406469202015055
window_patch_latent_daily_s0,07057500,0.7478492624723199
window_patch_latent_daily_s0,07060710,0.5776022373883363
window_patch_latent_daily_s0,07066000,0.715509349434585
window_patch_latent_daily_s0,07083000,0.8582252544522742
window_patch_latent_daily_s0,07142300,0.05905876668545618
window_patch_latent_daily_s0,07145700,0.6018201714245539
window_patch_latent_daily_s0,07167500,0.7116477847215854
window_patch_latent_daily_s0,07180500,0.688039012188769
window_patch_latent_daily_s0,07184000,0.6086513461394464
window_patch_latent_daily_s0,07195800,0.4393591972055463
window_patch_latent_daily_s0,07196900,0.6138519477803701
window_patch_latent_daily_s0,07197000,0.7350020750273722
window_patch_latent_daily_s0,07208500,0.023826629459507198
window_patch_latent_daily_s0,07261000,0.6775249785382678
window_patch_latent_daily_s0,07263295,0.17219403222766405
window_patch_latent_daily_s0,07299670,0.23782279331376732
window_patch_latent_daily_s0,07301410,-0.03310538374770222
window_patch_latent_daily_s0,07315200,0.28435670494080134
window_patch_latent_daily_s0,07315700,0.6126030292453368
window_patch_latent_daily_s0,07335700,0.4170219543748873
window_patch_latent_daily_s0,07340300,0.7477628651223023
window_patch_latent_daily_s0,07346045,0.6915812754954112
window_patch_latent_daily_s0,08023080,0.6824616156942458
window_patch_latent_daily_s0,08050800,0.3499665728159065
window_patch_latent_daily_s0,08066200,0.5729643215927096
window_patch_latent_daily_s0,08066300,0.3487793859564373
window_patch_latent_daily_s0,08070000,0.5214836727518678
window_patch_latent_daily_s0,08070200,0.5751734894247813
window_patch_latent_daily_s0,08082700,0.2375814405196791
window_patch_latent_daily_s0,08086212,0.3322667180887734
window_patch_latent_daily_s0,08086290,0.6129813110406199
window_patch_latent_daily_s0,08101000,0.6369765810722458
window_patch_latent_daily_s0,08103900,0.4265216685556821
window_patch_latent_daily_s0,08104900,0.4390626947151204
window_patch_latent_daily_s0,08109700,0.6175387254571141
window_patch_latent_daily_s0,08150800,-0.26234192330533457
window_patch_latent_daily_s0,08158700,0.21919244790012515
window_patch_latent_daily_s0,08158810,0.41641669241830537
window_patch_latent_daily_s0,08164300,0.7470830258490859
window_patch_latent_daily_s0,08164600,0.7496236717849951
window_patch_latent_daily_s0,08165300,-0.2855743699346478
window_patch_latent_daily_s0,08171300,0.543228554080334
window_patch_latent_daily_s0,08175000,0.6747966322554406
window_patch_latent_daily_s0,08176900,0.5839484838428481
window_patch_latent_daily_s0,08178880,0.3069327416316202
window_patch_latent_daily_s0,08189500,0.717844611459483
window_patch_latent_daily_s0,08190000,0.5013020219149711
window_patch_latent_daily_s0,08190500,0.2774199915193105
window_patch_latent_daily_s0,08194200,0.19330149937195373
window_patch_latent_daily_s0,08195000,0.5517069561962511
window_patch_latent_daily_s0,08196000,0.5296127171091757
window_patch_latent_daily_s0,08198500,0.33960628941915727
window_patch_latent_daily_s0,08200000,0.31786191118393736
window_patch_latent_daily_s0,08202700,0.3501775740200751
window_patch_latent_daily_s0,08267500,0.6423993252843516
window_patch_latent_daily_s0,08269000,0.5581270933387134
window_patch_latent_daily_s0,08271000,0.7211106817714694
window_patch_latent_daily_s0,08324000,0.3589432805806744
window_patch_latent_daily_s0,08377900,0.776216737188159
window_patch_latent_daily_s0,08378500,0.7725276999618281
window_patch_latent_daily_s0,08380500,0.47573388911707426
window_patch_latent_daily_s0,09035800,0.8687752955953939
window_patch_latent_daily_s0,09035900,0.8825056563417955
window_patch_latent_daily_s0,09047700,0.6939332965427901
window_patch_latent_daily_s0,09065500,0.8753016277758587
window_patch_latent_daily_s0,09066000,0.8746833570402219
window_patch_latent_daily_s0,09066200,0.8596302991637277
window_patch_latent_daily_s0,09066300,0.8238619674557203
window_patch_latent_daily_s0,09081600,0.9084670964568031
window_patch_latent_daily_s0,09107000,0.5712180103232387
window_patch_latent_daily_s0,09210500,0.7676716110472959
window_patch_latent_daily_s0,09223000,0.8298535365297943
window_patch_latent_daily_s0,09306242,-1.3006990927137467
window_patch_latent_daily_s0,09312600,0.5745363118271994
window_patch_latent_daily_s0,09352900,0.8174601811384234
window_patch_latent_daily_s0,09378170,0.3254574184001948
window_patch_latent_daily_s0,09386900,0.29359311774153174
window_patch_latent_daily_s0,09404450,0.006606858329201382
window_patch_latent_daily_s0,09430600,0.2550566257915995
window_patch_latent_daily_s0,09447800,-0.8627621365123221
window_patch_latent_daily_s0,09484600,-0.06698127564377088
window_patch_latent_daily_s0,09492400,0.6216309158358703
window_patch_latent_daily_s0,09494000,0.46671223612244406
window_patch_latent_daily_s0,09497980,0.6511762647231795
window_patch_latent_daily_s0,09505350,0.25012579959818304
window_patch_latent_daily_s0,09505800,0.025583204564639916
window_patch_latent_daily_s0,09508300,0.6831892220478165
window_patch_latent_daily_s0,09510200,0.5987244883256262
window_patch_latent_daily_s0,09512280,0.22229367844209147
window_patch_latent_daily_s0,09513780,0.392639825792537
window_patch_latent_daily_s0,10234500,0.6609883080181028
window_patch_latent_daily_s0,10244950,0.5319797656650113
window_patch_latent_daily_s0,10336645,0.7532762956617505
window_patch_latent_daily_s0,10336660,0.5902685530845059
window_patch_latent_daily_s0,10343500,0.6085554347966898
window_patch_latent_daily_s0,12010000,0.8725353815310188
window_patch_latent_daily_s0,12013500,0.8901871869340551
window_patch_latent_daily_s0,12020000,0.6153678524455259
window_patch_latent_daily_s0,12025700,0.7832407275578877
window_patch_latent_daily_s0,12035000,0.8754873379960852
window_patch_latent_daily_s0,12040500,0.808749828351479
window_patch_latent_daily_s0,12041200,0.6972769419630074
window_patch_latent_daily_s0,12048000,0.5202950429279768
window_patch_latent_daily_s0,12054000,0.6991582985378431
window_patch_latent_daily_s0,12056500,0.6717734920572407
window_patch_latent_daily_s0,12073500,0.7827791274003133
window_patch_latent_daily_s0,12082500,0.7115900806475423
window_patch_latent_daily_s0,12092000,0.6577151798099855
window_patch_latent_daily_s0,12114500,0.734183483366136
window_patch_latent_daily_s0,12115000,0.7470972844846866
window_patch_latent_daily_s0,12117000,0.8164582213405285
window_patch_latent_daily_s0,12143600,0.74161569438878
window_patch_latent_daily_s0,12144000,0.6641948157064086
window_patch_latent_daily_s0,12145500,0.8724905874323565
window_patch_latent_daily_s0,12147500,0.6352984324146352
window_patch_latent_daily_s0,12167000,0.7485935074873891
window_patch_latent_daily_s0,12175500,0.7122241300688922
window_patch_latent_daily_s0,12178100,0.7125492482850876
window_patch_latent_daily_s0,12186000,0.6473116173182996
window_patch_latent_daily_s0,12189500,0.7666182172467169
window_patch_latent_daily_s0,12375900,0.8087487469955665
window_patch_latent_daily_s0,12377150,0.8579311888215744
window_patch_latent_daily_s0,12381400,0.7685610302388539
window_patch_latent_daily_s0,12383500,0.6307248585572607
window_patch_latent_daily_s0,12390700,0.7376072874693442
window_patch_latent_daily_s0,12411000,0.6618138343504656
window_patch_latent_daily_s0,12447390,0.7579742370127789
window_patch_latent_daily_s0,12451000,0.8155775515130141
window_patch_latent_daily_s0,12488500,0.7219632972883965
window_patch_latent_daily_s0,13011500,0.7807148625885789
window_patch_latent_daily_s0,13011900,0.8247003432316753
window_patch_latent_daily_s0,13018300,0.7994369342799628
window_patch_latent_daily_s0,13023000,0.8841943010054508
window_patch_latent_daily_s0,13161500,0.7794102784664856
window_patch_latent_daily_s0,13235000,0.751379089559002
window_patch_latent_daily_s0,13240000,0.8365456472547652
window_patch_latent_daily_s0,13313000,0.8181153839422817
window_patch_latent_daily_s0,13331500,0.8566278158463172
window_patch_latent_daily_s0,14020000,0.7316545967121073
window_patch_latent_daily_s0,14096850,0.5334518749748522
window_patch_latent_daily_s0,14137000,0.7372210896372525
window_patch_latent_daily_s0,14138800,0.7233360741771638
window_patch_latent_daily_s0,14138870,0.7467896404397484
window_patch_latent_daily_s0,14138900,0.7653829549531159
window_patch_latent_daily_s0,14139800,0.7766284770095245
window_patch_latent_daily_s0,14141500,0.7683230868273536
window_patch_latent_daily_s0,14154500,0.8656013983538848
window_patch_latent_daily_s0,14158790,0.7174046403950428
window_patch_latent_daily_s0,14166500,0.862246503339687
window_patch_latent_daily_s0,14182500,0.7613194537425305
window_patch_latent_daily_s0,14185000,0.8559570152985543
window_patch_latent_daily_s0,14185900,0.8231332410418585
window_patch_latent_daily_s0,14187000,0.16616318001239694
window_patch_latent_daily_s0,14216500,0.6697503408882118
window_patch_latent_daily_s0,14222500,0.8674869656631627
window_patch_latent_daily_s0,14236200,0.8498366062346973
window_patch_latent_daily_s0,14301000,0.9185070996383072
window_patch_latent_daily_s0,14303200,0.6928619329590441
window_patch_latent_daily_s0,14305500,0.8591414452576271
window_patch_latent_daily_s0,14306340,0.6584766897705621
window_patch_latent_daily_s0,14306500,0.8364037875909718
window_patch_latent_daily_s0,14308990,0.3824284916095262
window_patch_latent_daily_s0,14309500,0.799503376883403
window_patch_latent_daily_s0,14316700,0.8369441209209414
window_patch_latent_daily_s0,14325000,0.8232871751494997
window_patch_latent_daily_s0,14362250,0.41001492454513244
window_patch_latent_daily_s0,14400000,0.8627015338376524
window_patch_latent_daily_s0,10259000,0.6449782644312227
window_patch_latent_daily_s0,11124500,0.5841909519411079
window_patch_latent_daily_s0,11141280,0.6916780828734892
window_patch_latent_daily_s0,11143000,0.7223489164220706
window_patch_latent_daily_s0,11148900,0.687807919742871
window_patch_latent_daily_s0,11151300,0.5281093012273563
window_patch_latent_daily_s0,11176400,0.573646238520394
window_patch_latent_daily_s0,11230500,0.7367361192027163
window_patch_latent_daily_s0,11237500,0.614198370234762
window_patch_latent_daily_s0,11264500,0.7696614239274212
window_patch_latent_daily_s0,11266500,0.7494363138507893
window_patch_latent_daily_s0,11284400,0.6757276323070612
window_patch_latent_daily_s0,11381500,0.7324578878115834
window_patch_latent_daily_s0,11451100,0.693214464271635
window_patch_latent_daily_s0,11468500,0.828372858845773
window_patch_latent_daily_s0,11473900,0.6811944884086035
window_patch_latent_daily_s0,11475560,0.6088615460094369
window_patch_latent_daily_s0,11476600,0.727142939038036
window_patch_latent_daily_s0,11478500,0.8135486188556215
window_patch_latent_daily_s0,11480390,0.6888429911102378
window_patch_latent_daily_s0,11481200,0.79806145663211
window_patch_latent_daily_s0,11482500,0.8235123173048705
window_patch_latent_daily_s0,11522500,0.7487271380087217
window_patch_latent_daily_s0,11523200,0.7481394498014051
window_patch_latent_daily_s0,11528700,0.6858213108648731
window_patch_latent_daily_s0,11532500,0.8730378685380453
window_lstm_raw_fixed_s1,01022500,0.8276495518791118
window_lstm_raw_fixed_s1,01031500,0.8278938980315715
window_lstm_raw_fixed_s1,01047000,0.8229392948784674
window_lstm_raw_fixed_s1,01052500,0.7584546780097052
window_lstm_raw_fixed_s1,01054200,0.6591992292428911
window_lstm_raw_fixed_s1,01055000,0.656746734415244
window_lstm_raw_fixed_s1,01057000,0.7936863715172627
window_lstm_raw_fixed_s1,01073000,0.8171067378875285
window_lstm_raw_fixed_s1,01078000,0.8125399629167442
window_lstm_raw_fixed_s1,01123000,0.7464645729668966
window_lstm_raw_fixed_s1,01134500,0.7764134748856564
window_lstm_raw_fixed_s1,01137500,0.686499851162433
window_lstm_raw_fixed_s1,01139000,0.7821787398519813
window_lstm_raw_fixed_s1,01139800,0.7231989770274034
window_lstm_raw_fixed_s1,01142500,0.7592946867117859
window_lstm_raw_fixed_s1,01144000,0.8032149496491231
window_lstm_raw_fixed_s1,01162500,0.7838964404776926
window_lstm_raw_fixed_s1,01169000,0.6451469786048638
window_lstm_raw_fixed_s1,01170100,0.6220653401425466
window_lstm_raw_fixed_s1,01181000,0.6371980849308388
window_lstm_raw_fixed_s1,01187300,0.6017679746125748
window_lstm_raw_fixed_s1,01195100,0.6311874911982885
window_lstm_raw_fixed_s1,04296000,0.7712519220870377
window_lstm_raw_fixed_s1,01333000,0.6490814209976018
window_lstm_raw_fixed_s1,01350000,0.6576353022707411
window_lstm_raw_fixed_s1,01350080,0.4727989828115202
window_lstm_raw_fixed_s1,01350140,0.5243288752314287
window_lstm_raw_fixed_s1,01365000,0.6586579356507047
window_lstm_raw_fixed_s1,01411300,0.7025466598752501
window_lstm_raw_fixed_s1,01413500,0.6820704735691279
window_lstm_raw_fixed_s1,01414500,0.5663394993206828
window_lstm_raw_fixed_s1,01415000,0.6388360155293169
window_lstm_raw_fixed_s1,01423000,0.7720909790745604
window_lstm_raw_fixed_s1,01434025,0.4702567122062258
window_lstm_raw_fixed_s1,01435000,0.6676503145587119
window_lstm_raw_fixed_s1,01439500,0.7694494224327333
window_lstm_raw_fixed_s1,01440000,0.7494258258463612
window_lstm_raw_fixed_s1,01440400,0.6841181070961645
window_lstm_raw_fixed_s1,01451800,0.7839949371680873
window_lstm_raw_fixed_s1,01466500,0.5096855943442359
window_lstm_raw_fixed_s1,01484100,0.6137729840460198
window_lstm_raw_fixed_s1,01487000,0.7324703961197458
window_lstm_raw_fixed_s1,01491000,0.628779320463988
window_lstm_raw_fixed_s1,01510000,0.7021864933512183
window_lstm_raw_fixed_s1,01516500,0.33020676797737514
window_lstm_raw_fixed_s1,01518862,0.5416916552910302
window_lstm_raw_fixed_s1,01532000,0.5052494560578352
window_lstm_raw_fixed_s1,01539000,0.7911916713701752
window_lstm_raw_fixed_s1,01542810,0.64758314439291
window_lstm_raw_fixed_s1,01543000,0.7974349890355336
window_lstm_raw_fixed_s1,01543500,0.8268042312306323
window_lstm_raw_fixed_s1,01544500,0.7402287265575453
window_lstm_raw_fixed_s1,01545600,0.7043872145336265
window_lstm_raw_fixed_s1,01547700,0.6536702227299345
window_lstm_raw_fixed_s1,01548500,0.7942756608419368
window_lstm_raw_fixed_s1,01549500,0.5756551468418929
window_lstm_raw_fixed_s1,01550000,0.6412228043070244
window_lstm_raw_fixed_s1,01552000,0.7415803173309485
window_lstm_raw_fixed_s1,01552500,0.6239039364465346
window_lstm_raw_fixed_s1,01557500,0.7366489746222739
window_lstm_raw_fixed_s1,01567500,0.47859344639526735
window_lstm_raw_fixed_s1,01568000,0.6790131269690997
window_lstm_raw_fixed_s1,01580000,0.6205975321269797
window_lstm_raw_fixed_s1,01583500,0.6305314908766597
window_lstm_raw_fixed_s1,01586610,0.5588595161226042
window_lstm_raw_fixed_s1,01591400,0.529909194473465
window_lstm_raw_fixed_s1,01594950,0.35623770965263546
window_lstm_raw_fixed_s1,01596500,0.7598959698706247
window_lstm_raw_fixed_s1,01605500,0.7141826590810942
window_lstm_raw_fixed_s1,01606500,0.7257351335585065
window_lstm_raw_fixed_s1,01632000,0.5233399015598597
window_lstm_raw_fixed_s1,01632900,0.5478193548168135
window_lstm_raw_fixed_s1,01634500,0.37293771511477114
window_lstm_raw_fixed_s1,01638480,0.35703354183073244
window_lstm_raw_fixed_s1,01639500,0.7115208898823049
window_lstm_raw_fixed_s1,01644000,0.764158258244068
window_lstm_raw_fixed_s1,01664000,0.5178604437597358
window_lstm_raw_fixed_s1,01666500,0.5290679557913132
window_lstm_raw_fixed_s1,01667500,0.6776127815669805
window_lstm_raw_fixed_s1,01669000,0.7635607564373059
window_lstm_raw_fixed_s1,01669520,0.6324790787385237
window_lstm_raw_fixed_s1,02011400,0.727155356577676
window_lstm_raw_fixed_s1,02013000,0.6823716850553738
window_lstm_raw_fixed_s1,02014000,0.7506656906739907
window_lstm_raw_fixed_s1,02015700,0.5886158577001994
window_lstm_raw_fixed_s1,02016000,0.7831249208272568
window_lstm_raw_fixed_s1,02017500,0.7604019541679198
window_lstm_raw_fixed_s1,02018000,0.8101989556893686
window_lstm_raw_fixed_s1,02027000,0.5526648384462033
window_lstm_raw_fixed_s1,02027500,0.3887468848380812
window_lstm_raw_fixed_s1,02028500,0.6214608972487462
window_lstm_raw_fixed_s1,02038850,0.49147639106076924
window_lstm_raw_fixed_s1,02046000,0.5675672034160356
window_lstm_raw_fixed_s1,02051500,0.7476012994543111
window_lstm_raw_fixed_s1,02053200,0.6892799528798208
window_lstm_raw_fixed_s1,02053800,0.6380881742967099
window_lstm_raw_fixed_s1,02055100,0.49163636064059546
window_lstm_raw_fixed_s1,02056900,0.7334883854499072
window_lstm_raw_fixed_s1,02059500,0.4830927232965858
window_lstm_raw_fixed_s1,02064000,0.7859140293771923
window_lstm_raw_fixed_s1,02065500,0.6938897698699045
window_lstm_raw_fixed_s1,02069700,0.5056776786300641
window_lstm_raw_fixed_s1,02070000,0.38640557978279466
window_lstm_raw_fixed_s1,02074500,0.7057781130453866
window_lstm_raw_fixed_s1,02077200,0.64002792918691
window_lstm_raw_fixed_s1,02081500,0.6560328434225633
window_lstm_raw_fixed_s1,02082950,0.5942880406959113
window_lstm_raw_fixed_s1,02092500,0.7383722245253137
window_lstm_raw_fixed_s1,02096846,0.2880174709336807
window_lstm_raw_fixed_s1,02102908,0.590778348355755
window_lstm_raw_fixed_s1,02108000,0.7065720210519892
window_lstm_raw_fixed_s1,02111180,0.7064914574778721
window_lstm_raw_fixed_s1,02111500,0.6382785752520945
window_lstm_raw_fixed_s1,02112120,0.6260561157209692
window_lstm_raw_fixed_s1,02112360,0.6483878472027005
window_lstm_raw_fixed_s1,02118500,0.6527882080910783
window_lstm_raw_fixed_s1,02125000,0.6274767048351847
window_lstm_raw_fixed_s1,02128000,0.5151499580162462
window_lstm_raw_fixed_s1,02137727,0.8462505917528351
window_lstm_raw_fixed_s1,02140991,0.746274778848389
window_lstm_raw_fixed_s1,02143000,0.7164342357585223
window_lstm_raw_fixed_s1,02143040,0.7944758917870769
window_lstm_raw_fixed_s1,02149000,0.7302210491230394
window_lstm_raw_fixed_s1,02152100,0.7381990498288423
window_lstm_raw_fixed_s1,02177000,0.8137306897288673
window_lstm_raw_fixed_s1,02178400,0.7832237742202235
window_lstm_raw_fixed_s1,02193340,0.5087688190317372
window_lstm_raw_fixed_s1,02196000,0.7096021789563847
window_lstm_raw_fixed_s1,02198100,0.4821748636775034
window_lstm_raw_fixed_s1,02202600,0.6600406042867157
window_lstm_raw_fixed_s1,02212600,0.6040096516986029
window_lstm_raw_fixed_s1,02215100,0.669216706288096
window_lstm_raw_fixed_s1,02216180,0.7362514192375542
window_lstm_raw_fixed_s1,02221525,0.7693437338181228
window_lstm_raw_fixed_s1,02231000,0.8324334100385866
window_lstm_raw_fixed_s1,02245500,0.5417913322790995
window_lstm_raw_fixed_s1,02246000,0.7505413706116267
window_lstm_raw_fixed_s1,02296500,0.6334956072936662
window_lstm_raw_fixed_s1,02297155,0.5113088925697209
window_lstm_raw_fixed_s1,02297310,0.6548443689162616
window_lstm_raw_fixed_s1,02298123,0.6119776518162683
window_lstm_raw_fixed_s1,02298608,0.6392603877391063
window_lstm_raw_fixed_s1,02299950,0.6494383669588059
window_lstm_raw_fixed_s1,02300700,0.51644646199618
window_lstm_raw_fixed_s1,02342933,0.7401055134505186
window_lstm_raw_fixed_s1,02349900,0.7203092519828864
window_lstm_raw_fixed_s1,02350900,0.7491473310919141
window_lstm_raw_fixed_s1,02361000,0.7761615270228346
window_lstm_raw_fixed_s1,02363000,0.599334963534797
window_lstm_raw_fixed_s1,02369800,0.8184517907056261
window_lstm_raw_fixed_s1,02371500,0.6925958434861804
window_lstm_raw_fixed_s1,02372250,0.6878019133699027
window_lstm_raw_fixed_s1,02374500,0.6617822613419018
window_lstm_raw_fixed_s1,02381600,0.4788285192697622
window_lstm_raw_fixed_s1,02384540,0.4414329146733569
window_lstm_raw_fixed_s1,02395120,0.568129508320546
window_lstm_raw_fixed_s1,02415000,0.7915165530405455
window_lstm_raw_fixed_s1,02427250,0.6764262710181912
window_lstm_raw_fixed_s1,02430085,0.4181646472928898
window_lstm_raw_fixed_s1,02450250,0.7552885350147548
window_lstm_raw_fixed_s1,02464000,0.7218224644739284
window_lstm_raw_fixed_s1,02464360,0.5987416844009328
window_lstm_raw_fixed_s1,02465493,0.6063395661726219
window_lstm_raw_fixed_s1,02469800,0.7822140850261212
window_lstm_raw_fixed_s1,02472000,0.8284998157451503
window_lstm_raw_fixed_s1,02472500,0.7843241845021418
window_lstm_raw_fixed_s1,02479155,0.7039907147294083
window_lstm_raw_fixed_s1,02479300,0.7711260143157594
window_lstm_raw_fixed_s1,02479560,0.7879841450471373
window_lstm_raw_fixed_s1,02481000,0.7253728926502402
window_lstm_raw_fixed_s1,02481510,0.7992964577962686
window_lstm_raw_fixed_s1,04015330,0.6841065874792329
window_lstm_raw_fixed_s1,04024430,0.7022794637319026
window_lstm_raw_fixed_s1,04027000,0.8631102353372786
window_lstm_raw_fixed_s1,04040500,0.8449543154995189
window_lstm_raw_fixed_s1,04043050,0.7307664784667498
window_lstm_raw_fixed_s1,04045500,0.9194841398493647
window_lstm_raw_fixed_s1,04057510,0.7791358095427854
window_lstm_raw_fixed_s1,04057800,0.830810122456086
window_lstm_raw_fixed_s1,04059500,0.8565572642186614
window_lstm_raw_fixed_s1,04063700,0.7714309931348121
window_lstm_raw_fixed_s1,04074950,0.819347624256771
window_lstm_raw_fixed_s1,04105700,0.7081722707533045
window_lstm_raw_fixed_s1,04115265,-0.9210843888944837
window_lstm_raw_fixed_s1,04122200,0.7828387986081229
window_lstm_raw_fixed_s1,04122500,0.7739377443886398
window_lstm_raw_fixed_s1,04127918,0.6176886536584686
window_lstm_raw_fixed_s1,04127997,0.6868932906431789
window_lstm_raw_fixed_s1,04161580,0.5499986806223746
window_lstm_raw_fixed_s1,04185000,0.8052713697620397
window_lstm_raw_fixed_s1,04196800,0.6952983292543385
window_lstm_raw_fixed_s1,04197100,0.7089537174285873
window_lstm_raw_fixed_s1,04197170,0.6606680115501046
window_lstm_raw_fixed_s1,04213000,0.6250956392529868
window_lstm_raw_fixed_s1,04213075,0.20569013040041617
window_lstm_raw_fixed_s1,04216418,0.5730946810376409
window_lstm_raw_fixed_s1,04221000,0.7291349167693388
window_lstm_raw_fixed_s1,04224775,0.5667503540039744
window_lstm_raw_fixed_s1,04233000,0.6077829486745248
window_lstm_raw_fixed_s1,04256000,0.7652949436811236
window_lstm_raw_fixed_s1,03010655,0.7858765991716473
window_lstm_raw_fixed_s1,03011800,0.7485295381200359
window_lstm_raw_fixed_s1,03015500,0.7832953907947475
window_lstm_raw_fixed_s1,03021350,0.6215246808935062
window_lstm_raw_fixed_s1,03026500,0.6853503758288688
window_lstm_raw_fixed_s1,03028000,0.7219155080942125
window_lstm_raw_fixed_s1,03049000,0.6174648595860519
window_lstm_raw_fixed_s1,03049800,0.30593295019871514
window_lstm_raw_fixed_s1,03050000,0.18606380868343508
window_lstm_raw_fixed_s1,03069500,0.8521450510300512
window_lstm_raw_fixed_s1,03070500,0.7420521316966335
window_lstm_raw_fixed_s1,03076600,0.6612302885301591
window_lstm_raw_fixed_s1,03078000,0.746114602210306
window_lstm_raw_fixed_s1,03140000,0.6913336018624832
window_lstm_raw_fixed_s1,03144000,0.6709657395558117
window_lstm_raw_fixed_s1,03170000,0.7453242057357674
window_lstm_raw_fixed_s1,03173000,0.7857256934707852
window_lstm_raw_fixed_s1,03180500,0.7680185462985536
window_lstm_raw_fixed_s1,03182500,0.8331381787544483
window_lstm_raw_fixed_s1,03186500,0.7042726151098467
window_lstm_raw_fixed_s1,03237280,0.22230897429764007
window_lstm_raw_fixed_s1,03237500,0.7512656282072786
window_lstm_raw_fixed_s1,03238500,0.6447395718805182
window_lstm_raw_fixed_s1,03241500,0.7209688084176562
window_lstm_raw_fixed_s1,03280700,0.6318259737526437
window_lstm_raw_fixed_s1,03281500,0.8486028524277157
window_lstm_raw_fixed_s1,03285000,0.761757177833189
window_lstm_raw_fixed_s1,03291780,0.5901364800717592
window_lstm_raw_fixed_s1,03338780,0.5367705174231543
window_lstm_raw_fixed_s1,03340800,0.5309195279621924
window_lstm_raw_fixed_s1,03346000,0.7994271821564702
window_lstm_raw_fixed_s1,03364500,0.670841675531459
window_lstm_raw_fixed_s1,03366500,0.8456054487082045
window_lstm_raw_fixed_s1,03368000,0.543901287723479
window_lstm_raw_fixed_s1,03384450,0.640824785861567
window_lstm_raw_fixed_s1,03439000,0.8137819640580002
window_lstm_raw_fixed_s1,03455500,0.5776547322133136
window_lstm_raw_fixed_s1,03456500,0.7031677333331156
window_lstm_raw_fixed_s1,03460000,0.7028938434369265
window_lstm_raw_fixed_s1,03463300,0.6104561499407932
window_lstm_raw_fixed_s1,03471500,0.5362625553565354
window_lstm_raw_fixed_s1,03473000,0.729446282811672
window_lstm_raw_fixed_s1,03479000,0.7147662418795714
window_lstm_raw_fixed_s1,03488000,0.7911546682195172
window_lstm_raw_fixed_s1,03498500,0.7660029400165049
window_lstm_raw_fixed_s1,03500000,0.879528470772047
window_lstm_raw_fixed_s1,03500240,0.7911141151100629
window_lstm_raw_fixed_s1,03504000,0.7554000066192512
window_lstm_raw_fixed_s1,03574500,0.7734361738783423
window_lstm_raw_fixed_s1,03592718,0.6575454121794091
window_lstm_raw_fixed_s1,03604000,0.6713347810120709
window_lstm_raw_fixed_s1,05291000,0.42362448957046983
window_lstm_raw_fixed_s1,05362000,0.8419426301944724
window_lstm_raw_fixed_s1,05393500,0.8324205970998119
window_lstm_raw_fixed_s1,05399500,0.689674489292444
window_lstm_raw_fixed_s1,05408000,0.5753147870460626
window_lstm_raw_fixed_s1,05413500,0.5512673657604099
window_lstm_raw_fixed_s1,05414000,0.346483088878778
window_lstm_raw_fixed_s1,05444000,0.498721892558476
window_lstm_raw_fixed_s1,05454000,0.5384515229846912
window_lstm_raw_fixed_s1,05458000,0.7102802735744416
window_lstm_raw_fixed_s1,05466500,0.562475776650865
window_lstm_raw_fixed_s1,05487980,0.6480311015620401
window_lstm_raw_fixed_s1,05488200,0.5708216041179603
window_lstm_raw_fixed_s1,05489000,0.6553084958463159
window_lstm_raw_fixed_s1,05495000,0.726434050439458
window_lstm_raw_fixed_s1,05495500,0.7300949402634993
window_lstm_raw_fixed_s1,05501000,0.6965226466638872
window_lstm_raw_fixed_s1,05503800,0.46506610331538023
window_lstm_raw_fixed_s1,05507600,0.671559533728454
window_lstm_raw_fixed_s1,05508805,0.6827598043007965
window_lstm_raw_fixed_s1,05525500,0.8045799251469351
window_lstm_raw_fixed_s1,05556500,0.7348529132265048
window_lstm_raw_fixed_s1,05584500,0.7797208003710273
window_lstm_raw_fixed_s1,05591550,0.594431035571483
window_lstm_raw_fixed_s1,05592050,0.5779381373551281
window_lstm_raw_fixed_s1,05592575,0.30363566093408556
window_lstm_raw_fixed_s1,05593575,0.7951315503218607
window_lstm_raw_fixed_s1,05593900,0.6453854869071376
window_lstm_raw_fixed_s1,05595730,0.8299559389163537
window_lstm_raw_fixed_s1,07291000,0.5682169940008811
window_lstm_raw_fixed_s1,07359610,0.4699808979085368
window_lstm_raw_fixed_s1,07362100,0.7208487967650911
window_lstm_raw_fixed_s1,07362587,0.3519304128335704
window_lstm_raw_fixed_s1,07375000,0.4918177671818422
window_lstm_raw_fixed_s1,08013000,0.5377506403731496
window_lstm_raw_fixed_s1,08014500,0.7067464675524153
window_lstm_raw_fixed_s1,05057200,0.3602354574585047
window_lstm_raw_fixed_s1,05120500,0.5717423946179214
window_lstm_raw_fixed_s1,06221400,0.7448355242591482
window_lstm_raw_fixed_s1,06224000,0.8187247600887613
window_lstm_raw_fixed_s1,06278300,0.6592659682786659
window_lstm_raw_fixed_s1,06280300,0.8054216177299185
window_lstm_raw_fixed_s1,06289000,0.6656948230781784
window_lstm_raw_fixed_s1,06291500,0.5612041312989244
window_lstm_raw_fixed_s1,06311000,0.6386420402971702
window_lstm_raw_fixed_s1,06332515,-0.5250670468559151
window_lstm_raw_fixed_s1,06339100,0.18598493643018466
window_lstm_raw_fixed_s1,06344600,0.10537070045438945
window_lstm_raw_fixed_s1,06350000,0.28823983683933163
window_lstm_raw_fixed_s1,06352000,0.4273123588025888
window_lstm_raw_fixed_s1,06404000,0.633901776122237
window_lstm_raw_fixed_s1,06406000,0.2178432312187666
window_lstm_raw_fixed_s1,06409000,0.26804973836957713
window_lstm_raw_fixed_s1,06431500,0.38303789221400264
window_lstm_raw_fixed_s1,06440200,0.14903340166542545
window_lstm_raw_fixed_s1,06447500,0.28758343067327163
window_lstm_raw_fixed_s1,06470800,0.4080118696542009
window_lstm_raw_fixed_s1,06477500,0.46681225963736694
window_lstm_raw_fixed_s1,06479215,0.4147632303917982
window_lstm_raw_fixed_s1,06601000,-0.1858190821255319
window_lstm_raw_fixed_s1,06614800,0.847296087161484
window_lstm_raw_fixed_s1,06622700,0.8587798348838895
window_lstm_raw_fixed_s1,06623800,0.8628051103812899
window_lstm_raw_fixed_s1,06632400,0.8363120170258552
window_lstm_raw_fixed_s1,06746095,0.7717509060575128
window_lstm_raw_fixed_s1,06803510,0.5746317753473562
window_lstm_raw_fixed_s1,06803530,0.442781495005227
window_lstm_raw_fixed_s1,06814000,0.651634977727696
window_lstm_raw_fixed_s1,06847900,0.13522277418941275
window_lstm_raw_fixed_s1,06853800,0.3435723912186541
window_lstm_raw_fixed_s1,06876700,0.19614866055509628
window_lstm_raw_fixed_s1,06878000,0.5808511656839039
window_lstm_raw_fixed_s1,06879650,0.14829445403567387
window_lstm_raw_fixed_s1,06885500,0.744853387635475
window_lstm_raw_fixed_s1,06888500,0.6326973783855241
window_lstm_raw_fixed_s1,06889200,0.4233895192117081
window_lstm_raw_fixed_s1,06889500,0.6026084015457303
window_lstm_raw_fixed_s1,06892000,0.7596896467473335
window_lstm_raw_fixed_s1,06903400,0.6221124644785491
window_lstm_raw_fixed_s1,06906800,0.5291052019114091
window_lstm_raw_fixed_s1,06910800,0.6152293600269869
window_lstm_raw_fixed_s1,06911900,0.5907444460147522
window_lstm_raw_fixed_s1,06917000,0.7739482482506514
window_lstm_raw_fixed_s1,06918460,0.19089622463477174
window_lstm_raw_fixed_s1,06919500,0.7700027929248933
window_lstm_raw_fixed_s1,06921070,0.5769515174835826
window_lstm_raw_fixed_s1,06921200,0.5423186548972581
window_lstm_raw_fixed_s1,07057500,0.8076113868820243
window_lstm_raw_fixed_s1,07060710,0.3280369194510525
window_lstm_raw_fixed_s1,07066000,0.5673784673115009
window_lstm_raw_fixed_s1,07083000,0.8242038549387396
window_lstm_raw_fixed_s1,07142300,0.1567994228134686
window_lstm_raw_fixed_s1,07145700,0.5739848417884477
window_lstm_raw_fixed_s1,07167500,0.6349106489085974
window_lstm_raw_fixed_s1,07180500,0.7155605937747694
window_lstm_raw_fixed_s1,07184000,0.5391206419113781
window_lstm_raw_fixed_s1,07195800,0.3157092097815808
window_lstm_raw_fixed_s1,07196900,0.34210947951159276
window_lstm_raw_fixed_s1,07197000,0.7325072983362657
window_lstm_raw_fixed_s1,07208500,0.20063733876432233
window_lstm_raw_fixed_s1,07261000,0.8064330898816547
window_lstm_raw_fixed_s1,07263295,0.27993068728233117
window_lstm_raw_fixed_s1,07299670,0.3788980021358075
window_lstm_raw_fixed_s1,07301410,0.13110245002586096
window_lstm_raw_fixed_s1,07315200,0.26317711338127814
window_lstm_raw_fixed_s1,07315700,0.0883942617242589
window_lstm_raw_fixed_s1,07335700,0.3005744977693934
window_lstm_raw_fixed_s1,07340300,0.6132517442981231
window_lstm_raw_fixed_s1,07346045,0.7996576526836272
window_lstm_raw_fixed_s1,08023080,0.7266970056721693
window_lstm_raw_fixed_s1,08050800,0.19971268340728676
window_lstm_raw_fixed_s1,08066200,0.5961748391169828
window_lstm_raw_fixed_s1,08066300,0.3355051916660232
window_lstm_raw_fixed_s1,08070000,0.6849460885737346
window_lstm_raw_fixed_s1,08070200,0.6386668963650693
window_lstm_raw_fixed_s1,08082700,0.5706590487506955
window_lstm_raw_fixed_s1,08086212,0.4037362009645298
window_lstm_raw_fixed_s1,08086290,0.5491858209442639
window_lstm_raw_fixed_s1,08101000,0.5696668313881281
window_lstm_raw_fixed_s1,08103900,0.3834838131415289
window_lstm_raw_fixed_s1,08104900,0.36278275640503177
window_lstm_raw_fixed_s1,08109700,0.35330130931666015
window_lstm_raw_fixed_s1,08150800,0.021622268569496783
window_lstm_raw_fixed_s1,08158700,0.15823799554839724
window_lstm_raw_fixed_s1,08158810,0.3014623470643262
window_lstm_raw_fixed_s1,08164300,0.6852329678594542
window_lstm_raw_fixed_s1,08164600,0.6674985660363917
window_lstm_raw_fixed_s1,08165300,-2.509461798809848
window_lstm_raw_fixed_s1,08171300,0.5402257652017992
window_lstm_raw_fixed_s1,08175000,0.625926948687908
window_lstm_raw_fixed_s1,08176900,0.4637682563773863
window_lstm_raw_fixed_s1,08178880,0.3510544257714383
window_lstm_raw_fixed_s1,08189500,0.7162801750462573
window_lstm_raw_fixed_s1,08190000,0.670927338931
window_lstm_raw_fixed_s1,08190500,0.29755323018545
window_lstm_raw_fixed_s1,08194200,0.17057003942929605
window_lstm_raw_fixed_s1,08195000,0.28315827652850367
window_lstm_raw_fixed_s1,08196000,0.1206462222149276
window_lstm_raw_fixed_s1,08198500,0.31382630696380864
window_lstm_raw_fixed_s1,08200000,0.4977429216134255
window_lstm_raw_fixed_s1,08202700,0.3499112488755943
window_lstm_raw_fixed_s1,08267500,0.7325822612714163
window_lstm_raw_fixed_s1,08269000,0.7364431935350413
window_lstm_raw_fixed_s1,08271000,0.7858341715179882
window_lstm_raw_fixed_s1,08324000,0.6414549591768284
window_lstm_raw_fixed_s1,08377900,0.798000345697668
window_lstm_raw_fixed_s1,08378500,0.7046218386885345
window_lstm_raw_fixed_s1,08380500,0.4638046425544309
window_lstm_raw_fixed_s1,09035800,0.8604445355506578
window_lstm_raw_fixed_s1,09035900,0.9023551397475914
window_lstm_raw_fixed_s1,09047700,0.7926291722888182
window_lstm_raw_fixed_s1,09065500,0.9063239163888781
window_lstm_raw_fixed_s1,09066000,0.9046529009164516
window_lstm_raw_fixed_s1,09066200,0.8826750406432806
window_lstm_raw_fixed_s1,09066300,0.8967893618925644
window_lstm_raw_fixed_s1,09081600,0.9113108467196442
window_lstm_raw_fixed_s1,09107000,0.6229722623397074
window_lstm_raw_fixed_s1,09210500,0.8309138781390016
window_lstm_raw_fixed_s1,09223000,0.8847820096636222
window_lstm_raw_fixed_s1,09306242,0.3075894216231745
window_lstm_raw_fixed_s1,09312600,0.7846889839746662
window_lstm_raw_fixed_s1,09352900,0.8180242385825902
window_lstm_raw_fixed_s1,09378170,0.44666271600564167
window_lstm_raw_fixed_s1,09386900,0.4619390746156078
window_lstm_raw_fixed_s1,09404450,0.7878209329126937
window_lstm_raw_fixed_s1,09430600,0.3242472651813042
window_lstm_raw_fixed_s1,09447800,-6.674045195380479
window_lstm_raw_fixed_s1,09484600,-0.09455229588497449
window_lstm_raw_fixed_s1,09492400,0.6050380771909116
window_lstm_raw_fixed_s1,09494000,0.4667145587661974
window_lstm_raw_fixed_s1,09497980,0.7351972972224226
window_lstm_raw_fixed_s1,09505350,0.3615624197368783
window_lstm_raw_fixed_s1,09505800,0.5399097099677889
window_lstm_raw_fixed_s1,09508300,0.5152835484768787
window_lstm_raw_fixed_s1,09510200,0.6809999394803794
window_lstm_raw_fixed_s1,09512280,0.3391955241300669
window_lstm_raw_fixed_s1,09513780,0.39832672374410383
window_lstm_raw_fixed_s1,10234500,0.7976501568275167
window_lstm_raw_fixed_s1,10244950,0.6905978171684484
window_lstm_raw_fixed_s1,10336645,0.7774841926964602
window_lstm_raw_fixed_s1,10336660,0.7723504952463507
window_lstm_raw_fixed_s1,10343500,0.773984988963503
window_lstm_raw_fixed_s1,12010000,0.8671322238886575
window_lstm_raw_fixed_s1,12013500,0.8613361243204904
window_lstm_raw_fixed_s1,12020000,0.6059838422231905
window_lstm_raw_fixed_s1,12025700,0.8338819028108283
window_lstm_raw_fixed_s1,12035000,0.9095411528700481
window_lstm_raw_fixed_s1,12040500,0.8342427720979134
window_lstm_raw_fixed_s1,12041200,0.7418742508515368
window_lstm_raw_fixed_s1,12048000,0.4068189385391833
window_lstm_raw_fixed_s1,12054000,0.6889369747282247
window_lstm_raw_fixed_s1,12056500,0.6637505159259635
window_lstm_raw_fixed_s1,12073500,0.8105134821701839
window_lstm_raw_fixed_s1,12082500,0.7429705290865383
window_lstm_raw_fixed_s1,12092000,0.724051060263023
window_lstm_raw_fixed_s1,12114500,0.6970225299172532
window_lstm_raw_fixed_s1,12115000,0.7758561675075419
window_lstm_raw_fixed_s1,12117000,0.821661795893105
window_lstm_raw_fixed_s1,12143600,0.7287753275342597
window_lstm_raw_fixed_s1,12144000,0.6870106454055203
window_lstm_raw_fixed_s1,12145500,0.8692761249921568
window_lstm_raw_fixed_s1,12147500,0.5064204588365852
window_lstm_raw_fixed_s1,12167000,0.7056759368655806
window_lstm_raw_fixed_s1,12175500,0.7237042782703862
window_lstm_raw_fixed_s1,12178100,0.6905252052958573
window_lstm_raw_fixed_s1,12186000,0.6292945461318011
window_lstm_raw_fixed_s1,12189500,0.7441355970190621
window_lstm_raw_fixed_s1,12375900,0.7857661268371218
window_lstm_raw_fixed_s1,12377150,0.8803280371152863
window_lstm_raw_fixed_s1,12381400,0.7227835078645295
window_lstm_raw_fixed_s1,12383500,0.6668321376417605
window_lstm_raw_fixed_s1,12390700,0.8021344638905255
window_lstm_raw_fixed_s1,12411000,0.7278646624146858
window_lstm_raw_fixed_s1,12447390,0.7827938828124458
window_lstm_raw_fixed_s1,12451000,0.8156997902204917
window_lstm_raw_fixed_s1,12488500,0.733387071961367
window_lstm_raw_fixed_s1,13011500,0.8532820398179494
window_lstm_raw_fixed_s1,13011900,0.885053177031277
window_lstm_raw_fixed_s1,13018300,0.7501428251760832
window_lstm_raw_fixed_s1,13023000,0.9455341340988181
window_lstm_raw_fixed_s1,13161500,0.8607224208731362
window_lstm_raw_fixed_s1,13235000,0.8888070617879346
window_lstm_raw_fixed_s1,13240000,0.8370944551418708
window_lstm_raw_fixed_s1,13313000,0.819886632327009
window_lstm_raw_fixed_s1,13331500,0.8897370497324906
window_lstm_raw_fixed_s1,14020000,0.7957478473836987
window_lstm_raw_fixed_s1,14096850,0.6391455410793916
window_lstm_raw_fixed_s1,14137000,0.6705223718632207
window_lstm_raw_fixed_s1,14138800,0.7946642815488311
window_lstm_raw_fixed_s1,14138870,0.7121417567404579
window_lstm_raw_fixed_s1,14138900,0.8150117322677682
window_lstm_raw_fixed_s1,14139800,0.8615355170848938
window_lstm_raw_fixed_s1,14141500,0.8195740770074833
window_lstm_raw_fixed_s1,14154500,0.8513604836229027
window_lstm_raw_fixed_s1,14158790,0.782479591799789
window_lstm_raw_fixed_s1,14166500,0.7947098142479655
window_lstm_raw_fixed_s1,14182500,0.8328609477329983
window_lstm_raw_fixed_s1,14185000,0.8762806187814804
window_lstm_raw_fixed_s1,14185900,0.8402832582726177
window_lstm_raw_fixed_s1,14187000,0.0068981994659174095
window_lstm_raw_fixed_s1,14216500,0.536832624357924
window_lstm_raw_fixed_s1,14222500,0.8718633152371997
window_lstm_raw_fixed_s1,14236200,0.8309483079850077
window_lstm_raw_fixed_s1,14301000,0.8966532074373286
window_lstm_raw_fixed_s1,14303200,0.6660211733660364
window_lstm_raw_fixed_s1,14305500,0.8726639606098752
window_lstm_raw_fixed_s1,14306340,0.6164142266864665
window_lstm_raw_fixed_s1,14306500,0.8426925794830522
window_lstm_raw_fixed_s1,14308990,0.20692792821728867
window_lstm_raw_fixed_s1,14309500,0.733655420714385
window_lstm_raw_fixed_s1,14316700,0.8148078378036926
window_lstm_raw_fixed_s1,14325000,0.8129356653551274
window_lstm_raw_fixed_s1,14362250,0.06726230848049775
window_lstm_raw_fixed_s1,14400000,0.8684385920474681
window_lstm_raw_fixed_s1,10259000,0.6312637978327482
window_lstm_raw_fixed_s1,11124500,0.7458137163117697
window_lstm_raw_fixed_s1,11141280,0.5764668108301356
window_lstm_raw_fixed_s1,11143000,0.7608843642836213
window_lstm_raw_fixed_s1,11148900,0.7285112803819357
window_lstm_raw_fixed_s1,11151300,0.5901058468074534
window_lstm_raw_fixed_s1,11176400,0.245089855474251
window_lstm_raw_fixed_s1,11230500,0.4947528515713915
window_lstm_raw_fixed_s1,11237500,0.7696907482762158
window_lstm_raw_fixed_s1,11264500,0.8364514991450462
window_lstm_raw_fixed_s1,11266500,0.8737196730981167
window_lstm_raw_fixed_s1,11284400,0.7332557343880426
window_lstm_raw_fixed_s1,11381500,0.7389406836402674
window_lstm_raw_fixed_s1,11451100,0.6680314792214099
window_lstm_raw_fixed_s1,11468500,0.846679554794662
window_lstm_raw_fixed_s1,11473900,0.7455329586466255
window_lstm_raw_fixed_s1,11475560,0.7175055733300589
window_lstm_raw_fixed_s1,11476600,0.6946855149716338
window_lstm_raw_fixed_s1,11478500,0.7933756197768894
window_lstm_raw_fixed_s1,11480390,0.7249385385442435
window_lstm_raw_fixed_s1,11481200,0.8109107412773856
window_lstm_raw_fixed_s1,11482500,0.8141754921781958
window_lstm_raw_fixed_s1,11522500,0.7423827697594856
window_lstm_raw_fixed_s1,11523200,0.7562229241977849
window_lstm_raw_fixed_s1,11528700,0.786622488451353
window_lstm_raw_fixed_s1,11532500,0.8841517000729698
window_lstm_raw_daily_s1,01022500,0.838733717462238
window_lstm_raw_daily_s1,01031500,0.8359457047139884
window_lstm_raw_daily_s1,01047000,0.8077191910624955
window_lstm_raw_daily_s1,01052500,0.7413063725998612
window_lstm_raw_daily_s1,01054200,0.6419912692638612
window_lstm_raw_daily_s1,01055000,0.6996120320512949
window_lstm_raw_daily_s1,01057000,0.8208983022601317
window_lstm_raw_daily_s1,01073000,0.8711026980170351
window_lstm_raw_daily_s1,01078000,0.8316473823468508
window_lstm_raw_daily_s1,01123000,0.8076906122945146
window_lstm_raw_daily_s1,01134500,0.7493720524011889
window_lstm_raw_daily_s1,01137500,0.68570892702516
window_lstm_raw_daily_s1,01139000,0.7175367762612084
window_lstm_raw_daily_s1,01139800,0.6937399766661533
window_lstm_raw_daily_s1,01142500,0.7224897654215534
window_lstm_raw_daily_s1,01144000,0.8442664481299127
window_lstm_raw_daily_s1,01162500,0.810444150158064
window_lstm_raw_daily_s1,01169000,0.6447548907578322
window_lstm_raw_daily_s1,01170100,0.641834934993502
window_lstm_raw_daily_s1,01181000,0.6500867874683087
window_lstm_raw_daily_s1,01187300,0.654485574375822
window_lstm_raw_daily_s1,01195100,0.6795715499875992
window_lstm_raw_daily_s1,04296000,0.7724286612679838
window_lstm_raw_daily_s1,01333000,0.6858308860021969
window_lstm_raw_daily_s1,01350000,0.6671194992416414
window_lstm_raw_daily_s1,01350080,0.5130581088406814
window_lstm_raw_daily_s1,01350140,0.5936967431793966
window_lstm_raw_daily_s1,01365000,0.664060545376427
window_lstm_raw_daily_s1,01411300,0.6835819513390226
window_lstm_raw_daily_s1,01413500,0.6235571694169494
window_lstm_raw_daily_s1,01414500,0.5455188944620704
window_lstm_raw_daily_s1,01415000,0.537146340515047
window_lstm_raw_daily_s1,01423000,0.7731815274683429
window_lstm_raw_daily_s1,01434025,0.5311304752003541
window_lstm_raw_daily_s1,01435000,0.6634119128485736
window_lstm_raw_daily_s1,01439500,0.7569820636681459
window_lstm_raw_daily_s1,01440000,0.7915613635292411
window_lstm_raw_daily_s1,01440400,0.6887505936769839
window_lstm_raw_daily_s1,01451800,0.7924997458026348
window_lstm_raw_daily_s1,01466500,0.3936780344669416
window_lstm_raw_daily_s1,01484100,0.5828693594685054
window_lstm_raw_daily_s1,01487000,0.7227646955104683
window_lstm_raw_daily_s1,01491000,0.7061425991124541
window_lstm_raw_daily_s1,01510000,0.7030256570061315
window_lstm_raw_daily_s1,01516500,0.3279122261448212
window_lstm_raw_daily_s1,01518862,0.5793262932800793
window_lstm_raw_daily_s1,01532000,0.5351607814365306
window_lstm_raw_daily_s1,01539000,0.7934137217727224
window_lstm_raw_daily_s1,01542810,0.6685159526260375
window_lstm_raw_daily_s1,01543000,0.7990909402537096
window_lstm_raw_daily_s1,01543500,0.8447107576565718
window_lstm_raw_daily_s1,01544500,0.736106902549555
window_lstm_raw_daily_s1,01545600,0.7436589804283003
window_lstm_raw_daily_s1,01547700,0.7157781441435704
window_lstm_raw_daily_s1,01548500,0.8154244645238391
window_lstm_raw_daily_s1,01549500,0.6151803672060008
window_lstm_raw_daily_s1,01550000,0.6625884765509353
window_lstm_raw_daily_s1,01552000,0.7830218334830954
window_lstm_raw_daily_s1,01552500,0.6167176771073308
window_lstm_raw_daily_s1,01557500,0.7360763205775649
window_lstm_raw_daily_s1,01567500,0.5662553998609168
window_lstm_raw_daily_s1,01568000,0.743854924274989
window_lstm_raw_daily_s1,01580000,0.6734050317516461
window_lstm_raw_daily_s1,01583500,0.4908344190077629
window_lstm_raw_daily_s1,01586610,0.5850822690557363
window_lstm_raw_daily_s1,01591400,0.6368207760185012
window_lstm_raw_daily_s1,01594950,0.40332323836481687
window_lstm_raw_daily_s1,01596500,0.7692469056887032
window_lstm_raw_daily_s1,01605500,0.7516880805784976
window_lstm_raw_daily_s1,01606500,0.7062769431840275
window_lstm_raw_daily_s1,01632000,0.4854893345508159
window_lstm_raw_daily_s1,01632900,0.5718179436217832
window_lstm_raw_daily_s1,01634500,0.3973124266683332
window_lstm_raw_daily_s1,01638480,0.635728655507648
window_lstm_raw_daily_s1,01639500,0.7092688529956432
window_lstm_raw_daily_s1,01644000,0.7129825872561455
window_lstm_raw_daily_s1,01664000,0.7159457250157063
window_lstm_raw_daily_s1,01666500,0.53344258313255
window_lstm_raw_daily_s1,01667500,0.7376657077298511
window_lstm_raw_daily_s1,01669000,0.7226937538668521
window_lstm_raw_daily_s1,01669520,0.4676603991956201
window_lstm_raw_daily_s1,02011400,0.765915613679124
window_lstm_raw_daily_s1,02013000,0.714376979277174
window_lstm_raw_daily_s1,02014000,0.7609757598914522
window_lstm_raw_daily_s1,02015700,0.7381351506351508
window_lstm_raw_daily_s1,02016000,0.816346056236203
window_lstm_raw_daily_s1,02017500,0.7854177247369586
window_lstm_raw_daily_s1,02018000,0.8409204582036703
window_lstm_raw_daily_s1,02027000,0.5402362855732916
window_lstm_raw_daily_s1,02027500,0.3566792177594855
window_lstm_raw_daily_s1,02028500,0.5051687177667985
window_lstm_raw_daily_s1,02038850,0.45379619962732975
window_lstm_raw_daily_s1,02046000,0.6664730289972209
window_lstm_raw_daily_s1,02051500,0.7210992835537077
window_lstm_raw_daily_s1,02053200,0.8462981835159313
window_lstm_raw_daily_s1,02053800,0.5876643758855529
window_lstm_raw_daily_s1,02055100,0.5476509625439392
window_lstm_raw_daily_s1,02056900,0.677614484818652
window_lstm_raw_daily_s1,02059500,0.414819936237379
window_lstm_raw_daily_s1,02064000,0.5979914554789276
window_lstm_raw_daily_s1,02065500,0.6984978337478391
window_lstm_raw_daily_s1,02069700,0.649272584578119
window_lstm_raw_daily_s1,02070000,0.5472665244098216
window_lstm_raw_daily_s1,02074500,0.6218026983243461
window_lstm_raw_daily_s1,02077200,0.5968997384551069
window_lstm_raw_daily_s1,02081500,0.7751999501076908
window_lstm_raw_daily_s1,02082950,0.6327279717003826
window_lstm_raw_daily_s1,02092500,0.7850946873183585
window_lstm_raw_daily_s1,02096846,0.42283242629212214
window_lstm_raw_daily_s1,02102908,0.15527867595488665
window_lstm_raw_daily_s1,02108000,0.7659167742195255
window_lstm_raw_daily_s1,02111180,0.5800131445914969
window_lstm_raw_daily_s1,02111500,0.6153853585366446
window_lstm_raw_daily_s1,02112120,0.6693128663903858
window_lstm_raw_daily_s1,02112360,0.6704169143888551
window_lstm_raw_daily_s1,02118500,0.7445963288831119
window_lstm_raw_daily_s1,02125000,0.6766123719400771
window_lstm_raw_daily_s1,02128000,0.5241108174759296
window_lstm_raw_daily_s1,02137727,0.8237780659706273
window_lstm_raw_daily_s1,02140991,0.7574096076897288
window_lstm_raw_daily_s1,02143000,0.7789233397146832
window_lstm_raw_daily_s1,02143040,0.7629829983652068
window_lstm_raw_daily_s1,02149000,0.7595535768563368
window_lstm_raw_daily_s1,02152100,0.7149785870347706
window_lstm_raw_daily_s1,02177000,0.8513675468618755
window_lstm_raw_daily_s1,02178400,0.7554461430587603
window_lstm_raw_daily_s1,02193340,0.4911771639231345
window_lstm_raw_daily_s1,02196000,0.7135176507339864
window_lstm_raw_daily_s1,02198100,0.5120316698785835
window_lstm_raw_daily_s1,02202600,0.5894112952828496
window_lstm_raw_daily_s1,02212600,0.7177092353250278
window_lstm_raw_daily_s1,02215100,0.687328571941811
window_lstm_raw_daily_s1,02216180,0.6516533445547721
window_lstm_raw_daily_s1,02221525,0.7983594620690292
window_lstm_raw_daily_s1,02231000,0.7599682461643553
window_lstm_raw_daily_s1,02245500,0.5564150702172369
window_lstm_raw_daily_s1,02246000,0.7129638860393175
window_lstm_raw_daily_s1,02296500,0.7615146303587161
window_lstm_raw_daily_s1,02297155,0.17077677596581575
window_lstm_raw_daily_s1,02297310,0.642628848939386
window_lstm_raw_daily_s1,02298123,0.6174799402545329
window_lstm_raw_daily_s1,02298608,0.590847875937053
window_lstm_raw_daily_s1,02299950,0.6146167457841779
window_lstm_raw_daily_s1,02300700,0.4160719057714979
window_lstm_raw_daily_s1,02342933,0.6322683032049349
window_lstm_raw_daily_s1,02349900,0.6736381445380144
window_lstm_raw_daily_s1,02350900,0.7808559042921124
window_lstm_raw_daily_s1,02361000,0.7633507426716468
window_lstm_raw_daily_s1,02363000,0.7098189553721098
window_lstm_raw_daily_s1,02369800,0.7135875813137756
window_lstm_raw_daily_s1,02371500,0.790279382735333
window_lstm_raw_daily_s1,02372250,0.756092229044436
window_lstm_raw_daily_s1,02374500,0.7384585580692417
window_lstm_raw_daily_s1,02381600,0.4724268906439668
window_lstm_raw_daily_s1,02384540,0.5881884019694033
window_lstm_raw_daily_s1,02395120,0.6344251596626787
window_lstm_raw_daily_s1,02415000,0.7005106498813234
window_lstm_raw_daily_s1,02427250,0.5525562231669973
window_lstm_raw_daily_s1,02430085,0.46959173393084064
window_lstm_raw_daily_s1,02450250,0.7763141196100467
window_lstm_raw_daily_s1,02464000,0.74825371743463
window_lstm_raw_daily_s1,02464360,0.4847155824531554
window_lstm_raw_daily_s1,02465493,0.5828349213759105
window_lstm_raw_daily_s1,02469800,0.7835584791970854
window_lstm_raw_daily_s1,02472000,0.8362952878300876
window_lstm_raw_daily_s1,02472500,0.8028454648596437
window_lstm_raw_daily_s1,02479155,0.7705952403625742
window_lstm_raw_daily_s1,02479300,0.7367810407852349
window_lstm_raw_daily_s1,02479560,0.8198446651049821
window_lstm_raw_daily_s1,02481000,0.6909122536378434
window_lstm_raw_daily_s1,02481510,0.6546277032684189
window_lstm_raw_daily_s1,04015330,0.6420346420987837
window_lstm_raw_daily_s1,04024430,0.7274756849400916
window_lstm_raw_daily_s1,04027000,0.8486591988132384
window_lstm_raw_daily_s1,04040500,0.868375906492333
window_lstm_raw_daily_s1,04043050,0.7460450241406333
window_lstm_raw_daily_s1,04045500,0.9024086575720499
window_lstm_raw_daily_s1,04057510,0.7242317998433512
window_lstm_raw_daily_s1,04057800,0.7930201128775789
window_lstm_raw_daily_s1,04059500,0.841732218434851
window_lstm_raw_daily_s1,04063700,0.7104754262387352
window_lstm_raw_daily_s1,04074950,0.7791158100533255
window_lstm_raw_daily_s1,04105700,0.6164892514267541
window_lstm_raw_daily_s1,04115265,0.22526154110149665
window_lstm_raw_daily_s1,04122200,0.7565546499920268
window_lstm_raw_daily_s1,04122500,0.7594665464000488
window_lstm_raw_daily_s1,04127918,0.5689476283925355
window_lstm_raw_daily_s1,04127997,0.7019508557498857
window_lstm_raw_daily_s1,04161580,0.484800973304523
window_lstm_raw_daily_s1,04185000,0.8170239506668285
window_lstm_raw_daily_s1,04196800,0.7599607507938794
window_lstm_raw_daily_s1,04197100,0.6765215971170785
window_lstm_raw_daily_s1,04197170,0.6385326619672604
window_lstm_raw_daily_s1,04213000,0.6830871726911818
window_lstm_raw_daily_s1,04213075,0.22245718404025816
window_lstm_raw_daily_s1,04216418,0.5699736116225298
window_lstm_raw_daily_s1,04221000,0.7463599452729088
window_lstm_raw_daily_s1,04224775,0.5543766241436751
window_lstm_raw_daily_s1,04233000,0.6379340965394216
window_lstm_raw_daily_s1,04256000,0.7628982769384053
window_lstm_raw_daily_s1,03010655,0.7738824035174144
window_lstm_raw_daily_s1,03011800,0.738987934892842
window_lstm_raw_daily_s1,03015500,0.7903626688555365
window_lstm_raw_daily_s1,03021350,0.6507667765659904
window_lstm_raw_daily_s1,03026500,0.6402767522083487
window_lstm_raw_daily_s1,03028000,0.7443058271871148
window_lstm_raw_daily_s1,03049000,0.675960186846536
window_lstm_raw_daily_s1,03049800,0.29008372142912753
window_lstm_raw_daily_s1,03050000,0.21568494377012204
window_lstm_raw_daily_s1,03069500,0.8667204538820943
window_lstm_raw_daily_s1,03070500,0.7199892171356086
window_lstm_raw_daily_s1,03076600,0.6217366106638336
window_lstm_raw_daily_s1,03078000,0.7225781404245559
window_lstm_raw_daily_s1,03140000,0.6583944052495019
window_lstm_raw_daily_s1,03144000,0.7528998835039334
window_lstm_raw_daily_s1,03170000,0.7614537047577445
window_lstm_raw_daily_s1,03173000,0.8290247013881126
window_lstm_raw_daily_s1,03180500,0.7878629999393149
window_lstm_raw_daily_s1,03182500,0.8113012802327444
window_lstm_raw_daily_s1,03186500,0.7049478660764964
window_lstm_raw_daily_s1,03237280,0.16522053680699433
window_lstm_raw_daily_s1,03237500,0.7347905723402689
window_lstm_raw_daily_s1,03238500,0.6651939297796221
window_lstm_raw_daily_s1,03241500,0.7464428300590169
window_lstm_raw_daily_s1,03280700,0.6521437094296565
window_lstm_raw_daily_s1,03281500,0.854711285007077
window_lstm_raw_daily_s1,03285000,0.7387572579728858
window_lstm_raw_daily_s1,03291780,0.5592158592762031
window_lstm_raw_daily_s1,03338780,0.5918140228182613
window_lstm_raw_daily_s1,03340800,0.6515912725674531
window_lstm_raw_daily_s1,03346000,0.7820446993729218
window_lstm_raw_daily_s1,03364500,0.7025136543546706
window_lstm_raw_daily_s1,03366500,0.8057783059867082
window_lstm_raw_daily_s1,03368000,0.5147344160712133
window_lstm_raw_daily_s1,03384450,0.6148644045419781
window_lstm_raw_daily_s1,03439000,0.8104360105415844
window_lstm_raw_daily_s1,03455500,0.5625691500802518
window_lstm_raw_daily_s1,03456500,0.671603902562883
window_lstm_raw_daily_s1,03460000,0.7355163334646314
window_lstm_raw_daily_s1,03463300,0.6007169180108118
window_lstm_raw_daily_s1,03471500,0.5886023199999793
window_lstm_raw_daily_s1,03473000,0.7466312251870283
window_lstm_raw_daily_s1,03479000,0.748887128555461
window_lstm_raw_daily_s1,03488000,0.8007231272472399
window_lstm_raw_daily_s1,03498500,0.7723763120384679
window_lstm_raw_daily_s1,03500000,0.8269778297622958
window_lstm_raw_daily_s1,03500240,0.8071389601868304
window_lstm_raw_daily_s1,03504000,0.7664653915471915
window_lstm_raw_daily_s1,03574500,0.7844610219402104
window_lstm_raw_daily_s1,03592718,0.5898974352367801
window_lstm_raw_daily_s1,03604000,0.7344059974493717
window_lstm_raw_daily_s1,05291000,0.4141180070190297
window_lstm_raw_daily_s1,05362000,0.735498519763631
window_lstm_raw_daily_s1,05393500,0.7807662800064198
window_lstm_raw_daily_s1,05399500,0.6883845636695054
window_lstm_raw_daily_s1,05408000,0.5951079656132019
window_lstm_raw_daily_s1,05413500,0.551244392044657
window_lstm_raw_daily_s1,05414000,0.4438868239809225
window_lstm_raw_daily_s1,05444000,0.47161009473959103
window_lstm_raw_daily_s1,05454000,0.6102966531089496
window_lstm_raw_daily_s1,05458000,0.7383830037513794
window_lstm_raw_daily_s1,05466500,0.6916285770160528
window_lstm_raw_daily_s1,05487980,0.6690441271966576
window_lstm_raw_daily_s1,05488200,0.5721571528346241
window_lstm_raw_daily_s1,05489000,0.5596536909962637
window_lstm_raw_daily_s1,05495000,0.7621926465688568
window_lstm_raw_daily_s1,05495500,0.7546024938962709
window_lstm_raw_daily_s1,05501000,0.7172196732669031
window_lstm_raw_daily_s1,05503800,0.5835477786430342
window_lstm_raw_daily_s1,05507600,0.6626539745453515
window_lstm_raw_daily_s1,05508805,0.6909901414877881
window_lstm_raw_daily_s1,05525500,0.775457598108485
window_lstm_raw_daily_s1,05556500,0.7043074448361807
window_lstm_raw_daily_s1,05584500,0.7092368575986554
window_lstm_raw_daily_s1,05591550,0.6280199502416564
window_lstm_raw_daily_s1,05592050,0.5810946953600598
window_lstm_raw_daily_s1,05592575,0.38772833441477017
window_lstm_raw_daily_s1,05593575,0.7664382260276491
window_lstm_raw_daily_s1,05593900,0.6977125505289888
window_lstm_raw_daily_s1,05595730,0.8145257894150859
window_lstm_raw_daily_s1,07291000,0.5733814506630421
window_lstm_raw_daily_s1,07359610,0.3756018614209231
window_lstm_raw_daily_s1,07362100,0.7131577549321575
window_lstm_raw_daily_s1,07362587,0.42085554367196154
window_lstm_raw_daily_s1,07375000,0.3106542308821195
window_lstm_raw_daily_s1,08013000,0.5900231260466398
window_lstm_raw_daily_s1,08014500,0.7577795581385538
window_lstm_raw_daily_s1,05057200,0.47385820307422455
window_lstm_raw_daily_s1,05120500,0.5646072602929686
window_lstm_raw_daily_s1,06221400,0.7217310990427673
window_lstm_raw_daily_s1,06224000,0.8596235261080521
window_lstm_raw_daily_s1,06278300,0.6281362587505439
window_lstm_raw_daily_s1,06280300,0.7783451770807868
window_lstm_raw_daily_s1,06289000,0.716985998933614
window_lstm_raw_daily_s1,06291500,0.6234016422204242
window_lstm_raw_daily_s1,06311000,0.628011186450318
window_lstm_raw_daily_s1,06332515,-0.2888329415546147
window_lstm_raw_daily_s1,06339100,0.15038033528910166
window_lstm_raw_daily_s1,06344600,-0.10791480526874819
window_lstm_raw_daily_s1,06350000,0.44068379425690574
window_lstm_raw_daily_s1,06352000,0.36359351783267646
window_lstm_raw_daily_s1,06404000,0.6862357575631775
window_lstm_raw_daily_s1,06406000,0.3900357249582208
window_lstm_raw_daily_s1,06409000,0.03505675030140987
window_lstm_raw_daily_s1,06431500,0.22467137532229264
window_lstm_raw_daily_s1,06440200,-0.1087152696436513
window_lstm_raw_daily_s1,06447500,0.29968767451722444
window_lstm_raw_daily_s1,06470800,0.39358035867068863
window_lstm_raw_daily_s1,06477500,-0.30611780855929416
window_lstm_raw_daily_s1,06479215,0.2009608266967462
window_lstm_raw_daily_s1,06601000,-0.3501644565913098
window_lstm_raw_daily_s1,06614800,0.8321912458971258
window_lstm_raw_daily_s1,06622700,0.8131978609242148
window_lstm_raw_daily_s1,06623800,0.9124168844247396
window_lstm_raw_daily_s1,06632400,0.8634068451418341
window_lstm_raw_daily_s1,06746095,0.6676626141564
window_lstm_raw_daily_s1,06803510,0.4253982706622803
window_lstm_raw_daily_s1,06803530,0.3724330341783687
window_lstm_raw_daily_s1,06814000,0.5709967098181549
window_lstm_raw_daily_s1,06847900,0.19854878339317206
window_lstm_raw_daily_s1,06853800,0.3897417021904134
window_lstm_raw_daily_s1,06876700,0.4926848189908948
window_lstm_raw_daily_s1,06878000,0.5674881685207271
window_lstm_raw_daily_s1,06879650,0.2278763419228299
window_lstm_raw_daily_s1,06885500,0.6416697929512285
window_lstm_raw_daily_s1,06888500,0.5500947103951475
window_lstm_raw_daily_s1,06889200,0.49208202682848556
window_lstm_raw_daily_s1,06889500,0.6642294287587844
window_lstm_raw_daily_s1,06892000,0.7344078818380181
window_lstm_raw_daily_s1,06903400,0.38195798231854805
window_lstm_raw_daily_s1,06906800,0.6464049394735385
window_lstm_raw_daily_s1,06910800,0.7419966368173034
window_lstm_raw_daily_s1,06911900,0.7701644514973649
window_lstm_raw_daily_s1,06917000,0.8070697289733503
window_lstm_raw_daily_s1,06918460,0.24344839077830682
window_lstm_raw_daily_s1,06919500,0.7157726215588349
window_lstm_raw_daily_s1,06921070,0.6001699222536829
window_lstm_raw_daily_s1,06921200,0.48304000472393027
window_lstm_raw_daily_s1,07057500,0.8344933165470254
window_lstm_raw_daily_s1,07060710,0.4332703625550923
window_lstm_raw_daily_s1,07066000,0.633338465822413
window_lstm_raw_daily_s1,07083000,0.821558067679562
window_lstm_raw_daily_s1,07142300,-0.3371458473475877
window_lstm_raw_daily_s1,07145700,0.565217747181084
window_lstm_raw_daily_s1,07167500,0.5581582122341853
window_lstm_raw_daily_s1,07180500,0.6885027508112274
window_lstm_raw_daily_s1,07184000,0.6441176714549619
window_lstm_raw_daily_s1,07195800,0.21908332693833865
window_lstm_raw_daily_s1,07196900,0.2909303443171418
window_lstm_raw_daily_s1,07197000,0.691165968377936
window_lstm_raw_daily_s1,07208500,-0.011427833363368833
window_lstm_raw_daily_s1,07261000,0.6456724956359929
window_lstm_raw_daily_s1,07263295,0.35170697602145695
window_lstm_raw_daily_s1,07299670,0.3754167860376616
window_lstm_raw_daily_s1,07301410,-0.693398813730103
window_lstm_raw_daily_s1,07315200,0.08552185187257788
window_lstm_raw_daily_s1,07315700,0.14594098800265465
window_lstm_raw_daily_s1,07335700,0.424748655979867
window_lstm_raw_daily_s1,07340300,0.6140978137477584
window_lstm_raw_daily_s1,07346045,0.8361955913610571
window_lstm_raw_daily_s1,08023080,0.650211489971249
window_lstm_raw_daily_s1,08050800,0.23334666814506977
window_lstm_raw_daily_s1,08066200,0.5739824025234948
window_lstm_raw_daily_s1,08066300,0.3634736564710125
window_lstm_raw_daily_s1,08070000,0.6523003873847926
window_lstm_raw_daily_s1,08070200,0.7179060621916968
window_lstm_raw_daily_s1,08082700,0.4575592000203119
window_lstm_raw_daily_s1,08086212,0.37640984162510305
window_lstm_raw_daily_s1,08086290,0.45413810976432345
window_lstm_raw_daily_s1,08101000,0.6433362034868764
window_lstm_raw_daily_s1,08103900,0.4293294326945599
window_lstm_raw_daily_s1,08104900,0.43247252554840654
window_lstm_raw_daily_s1,08109700,0.5378096164845447
window_lstm_raw_daily_s1,08150800,0.04895078333612257
window_lstm_raw_daily_s1,08158700,-0.08239064600151158
window_lstm_raw_daily_s1,08158810,0.24346745699002403
window_lstm_raw_daily_s1,08164300,0.7349362890703404
window_lstm_raw_daily_s1,08164600,0.5354784668737815
window_lstm_raw_daily_s1,08165300,-4.027425746305238
window_lstm_raw_daily_s1,08171300,0.3803063648714584
window_lstm_raw_daily_s1,08175000,0.6742420678531988
window_lstm_raw_daily_s1,08176900,0.5814181435268004
window_lstm_raw_daily_s1,08178880,0.3554134848443393
window_lstm_raw_daily_s1,08189500,0.4767333402755053
window_lstm_raw_daily_s1,08190000,0.5969177566969349
window_lstm_raw_daily_s1,08190500,0.4088294581197499
window_lstm_raw_daily_s1,08194200,0.17814460334426152
window_lstm_raw_daily_s1,08195000,0.42648716985648816
window_lstm_raw_daily_s1,08196000,0.11358040440969808
window_lstm_raw_daily_s1,08198500,0.4680868061707971
window_lstm_raw_daily_s1,08200000,0.4113064865681364
window_lstm_raw_daily_s1,08202700,0.5132036141340409
window_lstm_raw_daily_s1,08267500,0.7212081152670566
window_lstm_raw_daily_s1,08269000,0.5944422755912621
window_lstm_raw_daily_s1,08271000,0.800787607324464
window_lstm_raw_daily_s1,08324000,0.6161541426587052
window_lstm_raw_daily_s1,08377900,0.6859412751980053
window_lstm_raw_daily_s1,08378500,0.6502518642179926
window_lstm_raw_daily_s1,08380500,0.4254792001707406
window_lstm_raw_daily_s1,09035800,0.8260667215327678
window_lstm_raw_daily_s1,09035900,0.8543365932723122
window_lstm_raw_daily_s1,09047700,0.675165813724964
window_lstm_raw_daily_s1,09065500,0.8789624436839474
window_lstm_raw_daily_s1,09066000,0.8939476305471946
window_lstm_raw_daily_s1,09066200,0.8658783907305402
window_lstm_raw_daily_s1,09066300,0.8321745033491675
window_lstm_raw_daily_s1,09081600,0.8875156676967745
window_lstm_raw_daily_s1,09107000,0.5061983629596709
window_lstm_raw_daily_s1,09210500,0.7444105818708104
window_lstm_raw_daily_s1,09223000,0.8862979265018545
window_lstm_raw_daily_s1,09306242,-0.12538631077202655
window_lstm_raw_daily_s1,09312600,0.7381875146801677
window_lstm_raw_daily_s1,09352900,0.7817410601620427
window_lstm_raw_daily_s1,09378170,0.5721152110353704
window_lstm_raw_daily_s1,09386900,0.33349681411538756
window_lstm_raw_daily_s1,09404450,0.6465051527158212
window_lstm_raw_daily_s1,09430600,0.3066864687866665
window_lstm_raw_daily_s1,09447800,-7.832363200203453
window_lstm_raw_daily_s1,09484600,0.030856514171711202
window_lstm_raw_daily_s1,09492400,0.616090861778446
window_lstm_raw_daily_s1,09494000,0.5013594922513391
window_lstm_raw_daily_s1,09497980,0.7279429105973908
window_lstm_raw_daily_s1,09505350,0.35479398475106316
window_lstm_raw_daily_s1,09505800,0.32120154911198306
window_lstm_raw_daily_s1,09508300,0.6338075677029407
window_lstm_raw_daily_s1,09510200,0.7448174251215037
window_lstm_raw_daily_s1,09512280,0.448488104505003
window_lstm_raw_daily_s1,09513780,0.3956545700967854
window_lstm_raw_daily_s1,10234500,0.7698115266560187
window_lstm_raw_daily_s1,10244950,0.7219301556197479
window_lstm_raw_daily_s1,10336645,0.7934093840031866
window_lstm_raw_daily_s1,10336660,0.8316556504199742
window_lstm_raw_daily_s1,10343500,0.7933564561890936
window_lstm_raw_daily_s1,12010000,0.8694921803456449
window_lstm_raw_daily_s1,12013500,0.8849786717468983
window_lstm_raw_daily_s1,12020000,0.618586934386899
window_lstm_raw_daily_s1,12025700,0.8277908227624264
window_lstm_raw_daily_s1,12035000,0.90258544514269
window_lstm_raw_daily_s1,12040500,0.8298544326500819
window_lstm_raw_daily_s1,12041200,0.7151154443330718
window_lstm_raw_daily_s1,12048000,0.485208033951985
window_lstm_raw_daily_s1,12054000,0.7044369309502896
window_lstm_raw_daily_s1,12056500,0.6559741444141829
window_lstm_raw_daily_s1,12073500,0.7982289181011644
window_lstm_raw_daily_s1,12082500,0.7768933741378172
window_lstm_raw_daily_s1,12092000,0.734982420100249
window_lstm_raw_daily_s1,12114500,0.7053178763115926
window_lstm_raw_daily_s1,12115000,0.7302762555073958
window_lstm_raw_daily_s1,12117000,0.8158715932332962
window_lstm_raw_daily_s1,12143600,0.7361879537750706
window_lstm_raw_daily_s1,12144000,0.760507278025333
window_lstm_raw_daily_s1,12145500,0.8901580289785267
window_lstm_raw_daily_s1,12147500,0.5295657458562808
window_lstm_raw_daily_s1,12167000,0.7222072125933027
window_lstm_raw_daily_s1,12175500,0.8220107282547605
window_lstm_raw_daily_s1,12178100,0.74731088060109
window_lstm_raw_daily_s1,12186000,0.6735055063856548
window_lstm_raw_daily_s1,12189500,0.7663077226498225
window_lstm_raw_daily_s1,12375900,0.7969633063058893
window_lstm_raw_daily_s1,12377150,0.868874386640897
window_lstm_raw_daily_s1,12381400,0.7315310794514112
window_lstm_raw_daily_s1,12383500,0.6844355893615223
window_lstm_raw_daily_s1,12390700,0.7633898354237036
window_lstm_raw_daily_s1,12411000,0.6617255269751734
window_lstm_raw_daily_s1,12447390,0.7195368568961353
window_lstm_raw_daily_s1,12451000,0.7993604875144976
window_lstm_raw_daily_s1,12488500,0.7422083709583378
window_lstm_raw_daily_s1,13011500,0.7553626662741344
window_lstm_raw_daily_s1,13011900,0.7610696009006765
window_lstm_raw_daily_s1,13018300,0.8425065161731053
window_lstm_raw_daily_s1,13023000,0.8862611193556436
window_lstm_raw_daily_s1,13161500,0.7865550937867823
window_lstm_raw_daily_s1,13235000,0.8412019183788928
window_lstm_raw_daily_s1,13240000,0.8022339602639761
window_lstm_raw_daily_s1,13313000,0.8446722725468379
window_lstm_raw_daily_s1,13331500,0.8500923021990662
window_lstm_raw_daily_s1,14020000,0.7245556215691822
window_lstm_raw_daily_s1,14096850,0.5405732446423568
window_lstm_raw_daily_s1,14137000,0.7494539606208053
window_lstm_raw_daily_s1,14138800,0.8152432871765911
window_lstm_raw_daily_s1,14138870,0.7164901387810603
window_lstm_raw_daily_s1,14138900,0.7940189767467316
window_lstm_raw_daily_s1,14139800,0.8497382708971806
window_lstm_raw_daily_s1,14141500,0.8322141863929807
window_lstm_raw_daily_s1,14154500,0.885509782822712
window_lstm_raw_daily_s1,14158790,0.7292952042946897
window_lstm_raw_daily_s1,14166500,0.8715026520284294
window_lstm_raw_daily_s1,14182500,0.8281526677249503
window_lstm_raw_daily_s1,14185000,0.871123127529334
window_lstm_raw_daily_s1,14185900,0.8424034128857354
window_lstm_raw_daily_s1,14187000,0.10462871447252597
window_lstm_raw_daily_s1,14216500,0.68738066350685
window_lstm_raw_daily_s1,14222500,0.8682092445906542
window_lstm_raw_daily_s1,14236200,0.8687434382903234
window_lstm_raw_daily_s1,14301000,0.922210801515142
window_lstm_raw_daily_s1,14303200,0.6855869640395083
window_lstm_raw_daily_s1,14305500,0.8512279166477553
window_lstm_raw_daily_s1,14306340,0.28762106498897544
window_lstm_raw_daily_s1,14306500,0.823503344833312
window_lstm_raw_daily_s1,14308990,0.11916345446335397
window_lstm_raw_daily_s1,14309500,0.7938027937422594
window_lstm_raw_daily_s1,14316700,0.8178260998727729
window_lstm_raw_daily_s1,14325000,0.7843288583931145
window_lstm_raw_daily_s1,14362250,0.37948223572612705
window_lstm_raw_daily_s1,14400000,0.866752964693436
window_lstm_raw_daily_s1,10259000,0.5842444240243827
window_lstm_raw_daily_s1,11124500,0.7089130145905691
window_lstm_raw_daily_s1,11141280,0.5409539174127251
window_lstm_raw_daily_s1,11143000,0.7247412703874218
window_lstm_raw_daily_s1,11148900,0.7808945869346193
window_lstm_raw_daily_s1,11151300,0.6340602413757228
window_lstm_raw_daily_s1,11176400,0.3451460829865428
window_lstm_raw_daily_s1,11230500,0.4726186653335983
window_lstm_raw_daily_s1,11237500,0.7736815433257729
window_lstm_raw_daily_s1,11264500,0.9063002907021223
window_lstm_raw_daily_s1,11266500,0.8734467777455814
window_lstm_raw_daily_s1,11284400,0.7041144849412448
window_lstm_raw_daily_s1,11381500,0.823968872620964
window_lstm_raw_daily_s1,11451100,0.6246463197800345
window_lstm_raw_daily_s1,11468500,0.8411310696318978
window_lstm_raw_daily_s1,11473900,0.7961163505157371
window_lstm_raw_daily_s1,11475560,0.6760578812617557
window_lstm_raw_daily_s1,11476600,0.7203630074000983
window_lstm_raw_daily_s1,11478500,0.8003476207912866
window_lstm_raw_daily_s1,11480390,0.7158765864695704
window_lstm_raw_daily_s1,11481200,0.7400327710038153
window_lstm_raw_daily_s1,11482500,0.7867850681963648
window_lstm_raw_daily_s1,11522500,0.7274328607469045
window_lstm_raw_daily_s1,11523200,0.7794178900094415
window_lstm_raw_daily_s1,11528700,0.7776644192029633
window_lstm_raw_daily_s1,11532500,0.8927578363337896
window_tcn_raw_fixed_s1,01022500,0.7266404875310727
window_tcn_raw_fixed_s1,01031500,0.8135033123242776
window_tcn_raw_fixed_s1,01047000,0.7659897694153628
window_tcn_raw_fixed_s1,01052500,0.727375865172227
window_tcn_raw_fixed_s1,01054200,0.5868930362506801
window_tcn_raw_fixed_s1,01055000,0.629782677371028
window_tcn_raw_fixed_s1,01057000,0.7555546018997442
window_tcn_raw_fixed_s1,01073000,0.8078936597338944
window_tcn_raw_fixed_s1,01078000,0.7911866260458874
window_tcn_raw_fixed_s1,01123000,0.7878585404891723
window_tcn_raw_fixed_s1,01134500,0.7424867470398343
window_tcn_raw_fixed_s1,01137500,0.6804400597255644
window_tcn_raw_fixed_s1,01139000,0.7355425378733887
window_tcn_raw_fixed_s1,01139800,0.7315775592225529
window_tcn_raw_fixed_s1,01142500,0.7152886619039228
window_tcn_raw_fixed_s1,01144000,0.8020583664775925
window_tcn_raw_fixed_s1,01162500,0.664827570108731
window_tcn_raw_fixed_s1,01169000,0.6131896284744083
window_tcn_raw_fixed_s1,01170100,0.5973331444149201
window_tcn_raw_fixed_s1,01181000,0.676316324561377
window_tcn_raw_fixed_s1,01187300,0.6423434061113391
window_tcn_raw_fixed_s1,01195100,0.7186732119409351
window_tcn_raw_fixed_s1,04296000,0.6945269981382997
window_tcn_raw_fixed_s1,01333000,0.6169099366769499
window_tcn_raw_fixed_s1,01350000,0.6393750107845966
window_tcn_raw_fixed_s1,01350080,0.569623550544949
window_tcn_raw_fixed_s1,01350140,0.612737825571762
window_tcn_raw_fixed_s1,01365000,0.6259805054436884
window_tcn_raw_fixed_s1,01411300,0.577295019131532
window_tcn_raw_fixed_s1,01413500,0.7417502580362496
window_tcn_raw_fixed_s1,01414500,0.5949955917004288
window_tcn_raw_fixed_s1,01415000,0.6947004291860492
window_tcn_raw_fixed_s1,01423000,0.7994629253066023
window_tcn_raw_fixed_s1,01434025,0.5395304873739517
window_tcn_raw_fixed_s1,01435000,0.6402717567529228
window_tcn_raw_fixed_s1,01439500,0.7784368970012313
window_tcn_raw_fixed_s1,01440000,0.7793290879639324
window_tcn_raw_fixed_s1,01440400,0.7293493652036647
window_tcn_raw_fixed_s1,01451800,0.7615130480182601
window_tcn_raw_fixed_s1,01466500,0.4997695595261854
window_tcn_raw_fixed_s1,01484100,0.5007713736756683
window_tcn_raw_fixed_s1,01487000,0.4829888445460446
window_tcn_raw_fixed_s1,01491000,0.5617619111652146
window_tcn_raw_fixed_s1,01510000,0.6684533404461521
window_tcn_raw_fixed_s1,01516500,0.4411711935638667
window_tcn_raw_fixed_s1,01518862,0.5046667979480397
window_tcn_raw_fixed_s1,01532000,0.51858916821121
window_tcn_raw_fixed_s1,01539000,0.7724318456131888
window_tcn_raw_fixed_s1,01542810,0.6640081740098105
window_tcn_raw_fixed_s1,01543000,0.7499139216775528
window_tcn_raw_fixed_s1,01543500,0.7866405422095433
window_tcn_raw_fixed_s1,01544500,0.7265804359447837
window_tcn_raw_fixed_s1,01545600,0.6976203929652052
window_tcn_raw_fixed_s1,01547700,0.6173013720574974
window_tcn_raw_fixed_s1,01548500,0.8124207286319394
window_tcn_raw_fixed_s1,01549500,0.6668105730055671
window_tcn_raw_fixed_s1,01550000,0.6787133086933872
window_tcn_raw_fixed_s1,01552000,0.7870306453367866
window_tcn_raw_fixed_s1,01552500,0.6520494097443603
window_tcn_raw_fixed_s1,01557500,0.7030658679625815
window_tcn_raw_fixed_s1,01567500,0.6294567678456744
window_tcn_raw_fixed_s1,01568000,0.7155583178492249
window_tcn_raw_fixed_s1,01580000,0.7173381192640484
window_tcn_raw_fixed_s1,01583500,0.6586995538310616
window_tcn_raw_fixed_s1,01586610,0.5945528884759358
window_tcn_raw_fixed_s1,01591400,0.5443388289402098
window_tcn_raw_fixed_s1,01594950,0.43200396673639785
window_tcn_raw_fixed_s1,01596500,0.7293838205203795
window_tcn_raw_fixed_s1,01605500,0.6636252227825791
window_tcn_raw_fixed_s1,01606500,0.7144496092823208
window_tcn_raw_fixed_s1,01632000,0.48014747554828474
window_tcn_raw_fixed_s1,01632900,0.6484556360249767
window_tcn_raw_fixed_s1,01634500,0.4618462072513514
window_tcn_raw_fixed_s1,01638480,0.5492932870587571
window_tcn_raw_fixed_s1,01639500,0.720687715642276
window_tcn_raw_fixed_s1,01644000,0.6565243823963727
window_tcn_raw_fixed_s1,01664000,0.7781752932841106
window_tcn_raw_fixed_s1,01666500,0.6625576260730868
window_tcn_raw_fixed_s1,01667500,0.7389607643448323
window_tcn_raw_fixed_s1,01669000,0.6504188159041526
window_tcn_raw_fixed_s1,01669520,0.4312616146775834
window_tcn_raw_fixed_s1,02011400,0.7932731531885613
window_tcn_raw_fixed_s1,02013000,0.6681417837730258
window_tcn_raw_fixed_s1,02014000,0.7268202565815566
window_tcn_raw_fixed_s1,02015700,0.599797829099137
window_tcn_raw_fixed_s1,02016000,0.7797367462135876
window_tcn_raw_fixed_s1,02017500,0.7378318083517854
window_tcn_raw_fixed_s1,02018000,0.8011076809255724
window_tcn_raw_fixed_s1,02027000,0.5683398880723927
window_tcn_raw_fixed_s1,02027500,0.4248982559736234
window_tcn_raw_fixed_s1,02028500,0.6428620643370414
window_tcn_raw_fixed_s1,02038850,0.406082988829924
window_tcn_raw_fixed_s1,02046000,0.6812339678830628
window_tcn_raw_fixed_s1,02051500,0.6542412099387881
window_tcn_raw_fixed_s1,02053200,0.6737576458538269
window_tcn_raw_fixed_s1,02053800,0.6166705980928863
window_tcn_raw_fixed_s1,02055100,0.5718081010483786
window_tcn_raw_fixed_s1,02056900,0.6425550054500051
window_tcn_raw_fixed_s1,02059500,0.5597852208954506
window_tcn_raw_fixed_s1,02064000,0.5922954942076706
window_tcn_raw_fixed_s1,02065500,0.7035429616733468
window_tcn_raw_fixed_s1,02069700,0.7550419137000446
window_tcn_raw_fixed_s1,02070000,0.6481769771801582
window_tcn_raw_fixed_s1,02074500,0.6409521314117824
window_tcn_raw_fixed_s1,02077200,0.6501734204753131
window_tcn_raw_fixed_s1,02081500,0.7879247857194673
window_tcn_raw_fixed_s1,02082950,0.530894080832673
window_tcn_raw_fixed_s1,02092500,0.6130516096008188
window_tcn_raw_fixed_s1,02096846,0.4292058168573333
window_tcn_raw_fixed_s1,02102908,0.6372852955164325
window_tcn_raw_fixed_s1,02108000,0.5962765931373497
window_tcn_raw_fixed_s1,02111180,0.6536415870492852
window_tcn_raw_fixed_s1,02111500,0.6065995976691181
window_tcn_raw_fixed_s1,02112120,0.6899695600487898
window_tcn_raw_fixed_s1,02112360,0.6172778581539937
window_tcn_raw_fixed_s1,02118500,0.7648465255780679
window_tcn_raw_fixed_s1,02125000,0.6204391907760525
window_tcn_raw_fixed_s1,02128000,0.5106548838075184
window_tcn_raw_fixed_s1,02137727,0.7981654608374178
window_tcn_raw_fixed_s1,02140991,0.6901772414622823
window_tcn_raw_fixed_s1,02143000,0.776354785228187
window_tcn_raw_fixed_s1,02143040,0.7899917930682611
window_tcn_raw_fixed_s1,02149000,0.7524790195279968
window_tcn_raw_fixed_s1,02152100,0.7291431744562208
window_tcn_raw_fixed_s1,02177000,0.7885276975646138
window_tcn_raw_fixed_s1,02178400,0.7975367230041203
window_tcn_raw_fixed_s1,02193340,0.3654819840645003
window_tcn_raw_fixed_s1,02196000,0.7886220622872032
window_tcn_raw_fixed_s1,02198100,0.3651600120316042
window_tcn_raw_fixed_s1,02202600,0.712651581166989
window_tcn_raw_fixed_s1,02212600,0.747011252376436
window_tcn_raw_fixed_s1,02215100,0.5800435233029946
window_tcn_raw_fixed_s1,02216180,0.7319551170378764
window_tcn_raw_fixed_s1,02221525,0.8248884080261529
window_tcn_raw_fixed_s1,02231000,0.774836405080647
window_tcn_raw_fixed_s1,02245500,0.5750547251442724
window_tcn_raw_fixed_s1,02246000,0.7271898030052191
window_tcn_raw_fixed_s1,02296500,0.7227825021003947
window_tcn_raw_fixed_s1,02297155,0.402392383188936
window_tcn_raw_fixed_s1,02297310,0.6339127706257335
window_tcn_raw_fixed_s1,02298123,0.6712882320677307
window_tcn_raw_fixed_s1,02298608,0.6218165087332148
window_tcn_raw_fixed_s1,02299950,0.5929059528805609
window_tcn_raw_fixed_s1,02300700,0.4904798440667908
window_tcn_raw_fixed_s1,02342933,0.624043918486423
window_tcn_raw_fixed_s1,02349900,0.7085816009864083
window_tcn_raw_fixed_s1,02350900,0.7051615061055472
window_tcn_raw_fixed_s1,02361000,0.7506806664337353
window_tcn_raw_fixed_s1,02363000,0.5843612014272739
window_tcn_raw_fixed_s1,02369800,0.7824044043287933
window_tcn_raw_fixed_s1,02371500,0.7685011903523616
window_tcn_raw_fixed_s1,02372250,0.6729422407612289
window_tcn_raw_fixed_s1,02374500,0.6724711952794087
window_tcn_raw_fixed_s1,02381600,0.481924263936795
window_tcn_raw_fixed_s1,02384540,0.5620123616337518
window_tcn_raw_fixed_s1,02395120,0.6273824022345766
window_tcn_raw_fixed_s1,02415000,0.6910138254699902
window_tcn_raw_fixed_s1,02427250,0.40587196211451493
window_tcn_raw_fixed_s1,02430085,0.4794248417965514
window_tcn_raw_fixed_s1,02450250,0.7842652313497972
window_tcn_raw_fixed_s1,02464000,0.7883433209559118
window_tcn_raw_fixed_s1,02464360,0.5067487715263144
window_tcn_raw_fixed_s1,02465493,0.5590034722390362
window_tcn_raw_fixed_s1,02469800,0.7780215912277557
window_tcn_raw_fixed_s1,02472000,0.8346718160832125
window_tcn_raw_fixed_s1,02472500,0.8145571177715589
window_tcn_raw_fixed_s1,02479155,0.7681065501188666
window_tcn_raw_fixed_s1,02479300,0.7806020226636956
window_tcn_raw_fixed_s1,02479560,0.7906688293767797
window_tcn_raw_fixed_s1,02481000,0.7490549161058717
window_tcn_raw_fixed_s1,02481510,0.8230395654089252
window_tcn_raw_fixed_s1,04015330,0.7107388642083217
window_tcn_raw_fixed_s1,04024430,0.768096685991826
window_tcn_raw_fixed_s1,04027000,0.7817943298949078
window_tcn_raw_fixed_s1,04040500,0.7759291505369593
window_tcn_raw_fixed_s1,04043050,0.7542109963066823
window_tcn_raw_fixed_s1,04045500,0.8022132538705601
window_tcn_raw_fixed_s1,04057510,0.6667234965350356
window_tcn_raw_fixed_s1,04057800,0.7304128260872512
window_tcn_raw_fixed_s1,04059500,0.7377631647935399
window_tcn_raw_fixed_s1,04063700,0.7110898079221153
window_tcn_raw_fixed_s1,04074950,0.6009458642531379
window_tcn_raw_fixed_s1,04105700,0.6484256719908907
window_tcn_raw_fixed_s1,04115265,-0.11297801933168539
window_tcn_raw_fixed_s1,04122200,0.5853745566526817
window_tcn_raw_fixed_s1,04122500,0.4722959257712718
window_tcn_raw_fixed_s1,04127918,0.6187113818584064
window_tcn_raw_fixed_s1,04127997,0.6504289435756132
window_tcn_raw_fixed_s1,04161580,0.4894916621400526
window_tcn_raw_fixed_s1,04185000,0.6464626154885119
window_tcn_raw_fixed_s1,04196800,0.6249308587702065
window_tcn_raw_fixed_s1,04197100,0.5634242199687212
window_tcn_raw_fixed_s1,04197170,0.553747605726812
window_tcn_raw_fixed_s1,04213000,0.641980389096044
window_tcn_raw_fixed_s1,04213075,0.19491644950337728
window_tcn_raw_fixed_s1,04216418,0.6349487628125217
window_tcn_raw_fixed_s1,04221000,0.6232115401593658
window_tcn_raw_fixed_s1,04224775,0.5431298141590617
window_tcn_raw_fixed_s1,04233000,0.4821343103620451
window_tcn_raw_fixed_s1,04256000,0.7381218414614839
window_tcn_raw_fixed_s1,03010655,0.7458779180177795
window_tcn_raw_fixed_s1,03011800,0.7447024636013289
window_tcn_raw_fixed_s1,03015500,0.7050123349882604
window_tcn_raw_fixed_s1,03021350,0.6189555022716219
window_tcn_raw_fixed_s1,03026500,0.7075707768680938
window_tcn_raw_fixed_s1,03028000,0.6937544665024087
window_tcn_raw_fixed_s1,03049000,0.7090859411014062
window_tcn_raw_fixed_s1,03049800,0.2803625217798221
window_tcn_raw_fixed_s1,03050000,0.4224687356344534
window_tcn_raw_fixed_s1,03069500,0.8316731846419377
window_tcn_raw_fixed_s1,03070500,0.744877041016987
window_tcn_raw_fixed_s1,03076600,0.7035812857393834
window_tcn_raw_fixed_s1,03078000,0.7313025947050462
window_tcn_raw_fixed_s1,03140000,0.6458542655025383
window_tcn_raw_fixed_s1,03144000,0.6585112516660445
window_tcn_raw_fixed_s1,03170000,0.727209408187085
window_tcn_raw_fixed_s1,03173000,0.7803036203925916
window_tcn_raw_fixed_s1,03180500,0.7656772205934985
window_tcn_raw_fixed_s1,03182500,0.7961623790550403
window_tcn_raw_fixed_s1,03186500,0.7452639111796194
window_tcn_raw_fixed_s1,03237280,0.38042501795845307
window_tcn_raw_fixed_s1,03237500,0.6952932304642362
window_tcn_raw_fixed_s1,03238500,0.6553749116671442
window_tcn_raw_fixed_s1,03241500,0.6866033684460451
window_tcn_raw_fixed_s1,03280700,0.6259825052537418
window_tcn_raw_fixed_s1,03281500,0.8274672991518073
window_tcn_raw_fixed_s1,03285000,0.7214615506029818
window_tcn_raw_fixed_s1,03291780,0.6432285614761952
window_tcn_raw_fixed_s1,03338780,0.4730897864299909
window_tcn_raw_fixed_s1,03340800,0.6553740220823012
window_tcn_raw_fixed_s1,03346000,0.7082930534757459
window_tcn_raw_fixed_s1,03364500,0.6416672966207324
window_tcn_raw_fixed_s1,03366500,0.7980276494398147
window_tcn_raw_fixed_s1,03368000,0.5995647617808154
window_tcn_raw_fixed_s1,03384450,0.6835266232547005
window_tcn_raw_fixed_s1,03439000,0.8035306978084169
window_tcn_raw_fixed_s1,03455500,0.5935671057209353
window_tcn_raw_fixed_s1,03456500,0.7204864991880675
window_tcn_raw_fixed_s1,03460000,0.744436496636176
window_tcn_raw_fixed_s1,03463300,0.6472315141097087
window_tcn_raw_fixed_s1,03471500,0.6546659653196174
window_tcn_raw_fixed_s1,03473000,0.7616087940542684
window_tcn_raw_fixed_s1,03479000,0.7500729935944446
window_tcn_raw_fixed_s1,03488000,0.7955564450440511
window_tcn_raw_fixed_s1,03498500,0.7895121256060065
window_tcn_raw_fixed_s1,03500000,0.8376768537139512
window_tcn_raw_fixed_s1,03500240,0.7913843940760472
window_tcn_raw_fixed_s1,03504000,0.7757063426202955
window_tcn_raw_fixed_s1,03574500,0.7897133826927478
window_tcn_raw_fixed_s1,03592718,0.651413626989861
window_tcn_raw_fixed_s1,03604000,0.7125576337163426
window_tcn_raw_fixed_s1,05291000,0.4004945565542096
window_tcn_raw_fixed_s1,05362000,0.7565914047124221
window_tcn_raw_fixed_s1,05393500,0.713671364150968
window_tcn_raw_fixed_s1,05399500,0.5777866578490123
window_tcn_raw_fixed_s1,05408000,0.5127811513417377
window_tcn_raw_fixed_s1,05413500,0.4880301830367101
window_tcn_raw_fixed_s1,05414000,0.44100621575635846
window_tcn_raw_fixed_s1,05444000,0.49984824998025434
window_tcn_raw_fixed_s1,05454000,0.518512423069426
window_tcn_raw_fixed_s1,05458000,0.5460550156221189
window_tcn_raw_fixed_s1,05466500,0.6288605708892262
window_tcn_raw_fixed_s1,05487980,0.7096195437485693
window_tcn_raw_fixed_s1,05488200,0.5873132451896836
window_tcn_raw_fixed_s1,05489000,0.6995567374282456
window_tcn_raw_fixed_s1,05495000,0.7656430883068419
window_tcn_raw_fixed_s1,05495500,0.7061136329218105
window_tcn_raw_fixed_s1,05501000,0.7642222275903747
window_tcn_raw_fixed_s1,05503800,0.6681264274696197
window_tcn_raw_fixed_s1,05507600,0.6174371543082211
window_tcn_raw_fixed_s1,05508805,0.6845981827865086
window_tcn_raw_fixed_s1,05525500,0.6845137963732978
window_tcn_raw_fixed_s1,05556500,0.6097626544236816
window_tcn_raw_fixed_s1,05584500,0.6394983491565778
window_tcn_raw_fixed_s1,05591550,0.5741258204491506
window_tcn_raw_fixed_s1,05592050,0.6810461344024688
window_tcn_raw_fixed_s1,05592575,0.43395735437353866
window_tcn_raw_fixed_s1,05593575,0.7809958850818804
window_tcn_raw_fixed_s1,05593900,0.6171888912892605
window_tcn_raw_fixed_s1,05595730,0.7901578750549597
window_tcn_raw_fixed_s1,07291000,0.5960137820075371
window_tcn_raw_fixed_s1,07359610,0.35853432709040856
window_tcn_raw_fixed_s1,07362100,0.6914158790725172
window_tcn_raw_fixed_s1,07362587,0.3779076403493612
window_tcn_raw_fixed_s1,07375000,0.6071206932242612
window_tcn_raw_fixed_s1,08013000,0.6365743215375255
window_tcn_raw_fixed_s1,08014500,0.782518142729962
window_tcn_raw_fixed_s1,05057200,0.19009324411944117
window_tcn_raw_fixed_s1,05120500,0.18429492729940344
window_tcn_raw_fixed_s1,06221400,0.6835571189103238
window_tcn_raw_fixed_s1,06224000,0.7541289198094988
window_tcn_raw_fixed_s1,06278300,0.6768813564980093
window_tcn_raw_fixed_s1,06280300,0.7072395591522895
window_tcn_raw_fixed_s1,06289000,0.7672030450830771
window_tcn_raw_fixed_s1,06291500,0.5052518375436454
window_tcn_raw_fixed_s1,06311000,0.7469841977147853
window_tcn_raw_fixed_s1,06332515,0.027426516369322695
window_tcn_raw_fixed_s1,06339100,0.2857548869072851
window_tcn_raw_fixed_s1,06344600,0.25933696526422745
window_tcn_raw_fixed_s1,06350000,0.24914167559557265
window_tcn_raw_fixed_s1,06352000,0.3010923220577165
window_tcn_raw_fixed_s1,06404000,0.5800272723413487
window_tcn_raw_fixed_s1,06406000,0.3139426706970804
window_tcn_raw_fixed_s1,06409000,-0.1308862132963864
window_tcn_raw_fixed_s1,06431500,-0.8562073662111365
window_tcn_raw_fixed_s1,06440200,0.09971421174684247
window_tcn_raw_fixed_s1,06447500,0.2120331191873891
window_tcn_raw_fixed_s1,06470800,0.198316343631052
window_tcn_raw_fixed_s1,06477500,0.2555830908189223
window_tcn_raw_fixed_s1,06479215,0.3510386466569658
window_tcn_raw_fixed_s1,06601000,0.2630214783258571
window_tcn_raw_fixed_s1,06614800,0.8118176835437836
window_tcn_raw_fixed_s1,06622700,0.8275038516865884
window_tcn_raw_fixed_s1,06623800,0.8832601224055213
window_tcn_raw_fixed_s1,06632400,0.7760078929988284
window_tcn_raw_fixed_s1,06746095,0.8286048440510857
window_tcn_raw_fixed_s1,06803510,0.5043277133293154
window_tcn_raw_fixed_s1,06803530,0.7247808060992726
window_tcn_raw_fixed_s1,06814000,0.6533056347869695
window_tcn_raw_fixed_s1,06847900,0.09831008323481538
window_tcn_raw_fixed_s1,06853800,0.3965052561273177
window_tcn_raw_fixed_s1,06876700,0.32561710622263873
window_tcn_raw_fixed_s1,06878000,0.5975012700534332
window_tcn_raw_fixed_s1,06879650,0.111078893107309
window_tcn_raw_fixed_s1,06885500,0.680508951101455
window_tcn_raw_fixed_s1,06888500,0.7086921014140573
window_tcn_raw_fixed_s1,06889200,0.505461463394635
window_tcn_raw_fixed_s1,06889500,0.6358799256779372
window_tcn_raw_fixed_s1,06892000,0.6581294832025437
window_tcn_raw_fixed_s1,06903400,0.5677872878091115
window_tcn_raw_fixed_s1,06906800,0.5095520876676902
window_tcn_raw_fixed_s1,06910800,0.6965688796026601
window_tcn_raw_fixed_s1,06911900,0.7092149130632772
window_tcn_raw_fixed_s1,06917000,0.7475729872655476
window_tcn_raw_fixed_s1,06918460,0.6133646900810437
window_tcn_raw_fixed_s1,06919500,0.7842323263554983
window_tcn_raw_fixed_s1,06921070,0.6347806627810384
window_tcn_raw_fixed_s1,06921200,0.6660263954776273
window_tcn_raw_fixed_s1,07057500,0.8524835925804106
window_tcn_raw_fixed_s1,07060710,0.5507007415254102
window_tcn_raw_fixed_s1,07066000,0.7276636754080951
window_tcn_raw_fixed_s1,07083000,0.8561574127761844
window_tcn_raw_fixed_s1,07142300,0.21231850814980158
window_tcn_raw_fixed_s1,07145700,0.722649781102916
window_tcn_raw_fixed_s1,07167500,0.604359291503346
window_tcn_raw_fixed_s1,07180500,0.6675985197739699
window_tcn_raw_fixed_s1,07184000,0.6225959110893319
window_tcn_raw_fixed_s1,07195800,0.5245978568379973
window_tcn_raw_fixed_s1,07196900,0.4921579917967126
window_tcn_raw_fixed_s1,07197000,0.7376514710349021
window_tcn_raw_fixed_s1,07208500,0.6619612470362284
window_tcn_raw_fixed_s1,07261000,0.7947004099903492
window_tcn_raw_fixed_s1,07263295,0.31897771468773406
window_tcn_raw_fixed_s1,07299670,0.20484621564648908
window_tcn_raw_fixed_s1,07301410,0.1941864306418254
window_tcn_raw_fixed_s1,07315200,0.4261392209567362
window_tcn_raw_fixed_s1,07315700,0.6389043553136988
window_tcn_raw_fixed_s1,07335700,0.4267065658029132
window_tcn_raw_fixed_s1,07340300,0.6660805253384585
window_tcn_raw_fixed_s1,07346045,0.8317650969497714
window_tcn_raw_fixed_s1,08023080,0.713032581126769
window_tcn_raw_fixed_s1,08050800,0.7288410847089312
window_tcn_raw_fixed_s1,08066200,0.6714540894944812
window_tcn_raw_fixed_s1,08066300,0.477562108856008
window_tcn_raw_fixed_s1,08070000,0.5798056417196111
window_tcn_raw_fixed_s1,08070200,0.5428512598286335
window_tcn_raw_fixed_s1,08082700,0.34162870706989745
window_tcn_raw_fixed_s1,08086212,0.5293897819154454
window_tcn_raw_fixed_s1,08086290,0.5432646432646778
window_tcn_raw_fixed_s1,08101000,0.6050270535935808
window_tcn_raw_fixed_s1,08103900,0.37714157341610977
window_tcn_raw_fixed_s1,08104900,0.3472667579242902
window_tcn_raw_fixed_s1,08109700,0.5875998091897218
window_tcn_raw_fixed_s1,08150800,0.2537432150316894
window_tcn_raw_fixed_s1,08158700,0.6315812552451814
window_tcn_raw_fixed_s1,08158810,0.434255863266073
window_tcn_raw_fixed_s1,08164300,0.7061902880382491
window_tcn_raw_fixed_s1,08164600,0.7129793073128037
window_tcn_raw_fixed_s1,08165300,-0.7285516270742947
window_tcn_raw_fixed_s1,08171300,0.6089931110789616
window_tcn_raw_fixed_s1,08175000,0.5885191943161311
window_tcn_raw_fixed_s1,08176900,0.5479359856482019
window_tcn_raw_fixed_s1,08178880,0.1912752946212316
window_tcn_raw_fixed_s1,08189500,0.7736820082571092
window_tcn_raw_fixed_s1,08190000,0.3811514607737738
window_tcn_raw_fixed_s1,08190500,0.2480743871544362
window_tcn_raw_fixed_s1,08194200,0.20996910455207585
window_tcn_raw_fixed_s1,08195000,0.43431566350908934
window_tcn_raw_fixed_s1,08196000,0.2956587188684675
window_tcn_raw_fixed_s1,08198500,0.3209511738628382
window_tcn_raw_fixed_s1,08200000,0.22035537365419666
window_tcn_raw_fixed_s1,08202700,0.45907195631318765
window_tcn_raw_fixed_s1,08267500,0.6894118429411116
window_tcn_raw_fixed_s1,08269000,0.713147142384815
window_tcn_raw_fixed_s1,08271000,0.7562080917450489
window_tcn_raw_fixed_s1,08324000,0.5969295473122146
window_tcn_raw_fixed_s1,08377900,0.6267492346280592
window_tcn_raw_fixed_s1,08378500,0.6640817536881176
window_tcn_raw_fixed_s1,08380500,0.4864472579930086
window_tcn_raw_fixed_s1,09035800,0.7649160684564998
window_tcn_raw_fixed_s1,09035900,0.8269355122891182
window_tcn_raw_fixed_s1,09047700,0.6000531570037273
window_tcn_raw_fixed_s1,09065500,0.8454935612565786
window_tcn_raw_fixed_s1,09066000,0.8325788051902364
window_tcn_raw_fixed_s1,09066200,0.8300527283010791
window_tcn_raw_fixed_s1,09066300,0.8386233410775871
window_tcn_raw_fixed_s1,09081600,0.8804864756427192
window_tcn_raw_fixed_s1,09107000,0.5158882653783685
window_tcn_raw_fixed_s1,09210500,0.6702515953680599
window_tcn_raw_fixed_s1,09223000,0.7671558743284829
window_tcn_raw_fixed_s1,09306242,-0.04899341109730715
window_tcn_raw_fixed_s1,09312600,0.5116061633000788
window_tcn_raw_fixed_s1,09352900,0.7627131148037553
window_tcn_raw_fixed_s1,09378170,0.4412708471347667
window_tcn_raw_fixed_s1,09386900,0.35846398675760716
window_tcn_raw_fixed_s1,09404450,0.6144816308535529
window_tcn_raw_fixed_s1,09430600,0.29345686349197697
window_tcn_raw_fixed_s1,09447800,-2.0342168525323543
window_tcn_raw_fixed_s1,09484600,0.057669413264831104
window_tcn_raw_fixed_s1,09492400,0.7184033702670314
window_tcn_raw_fixed_s1,09494000,0.6117959143976348
window_tcn_raw_fixed_s1,09497980,0.724940792769598
window_tcn_raw_fixed_s1,09505350,0.12926270197745993
window_tcn_raw_fixed_s1,09505800,0.4520773041525967
window_tcn_raw_fixed_s1,09508300,0.5384960517775036
window_tcn_raw_fixed_s1,09510200,0.583244446719531
window_tcn_raw_fixed_s1,09512280,0.48675388417643073
window_tcn_raw_fixed_s1,09513780,0.46514158691032514
window_tcn_raw_fixed_s1,10234500,0.6257891741772734
window_tcn_raw_fixed_s1,10244950,0.6389074939013542
window_tcn_raw_fixed_s1,10336645,0.8328059463457286
window_tcn_raw_fixed_s1,10336660,0.6924473823787715
window_tcn_raw_fixed_s1,10343500,0.6727031957135656
window_tcn_raw_fixed_s1,12010000,0.8794824047319245
window_tcn_raw_fixed_s1,12013500,0.8700135682361391
window_tcn_raw_fixed_s1,12020000,0.5899224091545228
window_tcn_raw_fixed_s1,12025700,0.8023525834734122
window_tcn_raw_fixed_s1,12035000,0.869451199183292
window_tcn_raw_fixed_s1,12040500,0.8027562308075364
window_tcn_raw_fixed_s1,12041200,0.7098932109222508
window_tcn_raw_fixed_s1,12048000,0.43916194220692706
window_tcn_raw_fixed_s1,12054000,0.6361273012240498
window_tcn_raw_fixed_s1,12056500,0.6318141711969691
window_tcn_raw_fixed_s1,12073500,0.815495178595113
window_tcn_raw_fixed_s1,12082500,0.7092532753549484
window_tcn_raw_fixed_s1,12092000,0.6352887668484857
window_tcn_raw_fixed_s1,12114500,0.7646789641351334
window_tcn_raw_fixed_s1,12115000,0.7886305996719912
window_tcn_raw_fixed_s1,12117000,0.7902748621075697
window_tcn_raw_fixed_s1,12143600,0.6275349785267116
window_tcn_raw_fixed_s1,12144000,0.506994607167945
window_tcn_raw_fixed_s1,12145500,0.885164558591895
window_tcn_raw_fixed_s1,12147500,0.6978156669805211
window_tcn_raw_fixed_s1,12167000,0.7739169680436266
window_tcn_raw_fixed_s1,12175500,0.8092534250839237
window_tcn_raw_fixed_s1,12178100,0.7420522367130413
window_tcn_raw_fixed_s1,12186000,0.6585800279037095
window_tcn_raw_fixed_s1,12189500,0.7679217255767138
window_tcn_raw_fixed_s1,12375900,0.8339593658934247
window_tcn_raw_fixed_s1,12377150,0.8557236846219609
window_tcn_raw_fixed_s1,12381400,0.6466226412256392
window_tcn_raw_fixed_s1,12383500,0.5041610974835005
window_tcn_raw_fixed_s1,12390700,0.6542824234033868
window_tcn_raw_fixed_s1,12411000,0.6484405502174435
window_tcn_raw_fixed_s1,12447390,0.7583772124997652
window_tcn_raw_fixed_s1,12451000,0.8196010424774542
window_tcn_raw_fixed_s1,12488500,0.7403143068576965
window_tcn_raw_fixed_s1,13011500,0.7170216151486644
window_tcn_raw_fixed_s1,13011900,0.7181779389435112
window_tcn_raw_fixed_s1,13018300,0.6823858423078892
window_tcn_raw_fixed_s1,13023000,0.7557721684637078
window_tcn_raw_fixed_s1,13161500,0.7802963470938598
window_tcn_raw_fixed_s1,13235000,0.731903296222105
window_tcn_raw_fixed_s1,13240000,0.7543612538556375
window_tcn_raw_fixed_s1,13313000,0.7115606062997265
window_tcn_raw_fixed_s1,13331500,0.8319439253865777
window_tcn_raw_fixed_s1,14020000,0.7215072242147551
window_tcn_raw_fixed_s1,14096850,0.47071817876184974
window_tcn_raw_fixed_s1,14137000,0.8203778340935508
window_tcn_raw_fixed_s1,14138800,0.7955956280417293
window_tcn_raw_fixed_s1,14138870,0.8164292935400678
window_tcn_raw_fixed_s1,14138900,0.8330056645259984
window_tcn_raw_fixed_s1,14139800,0.8268528967432959
window_tcn_raw_fixed_s1,14141500,0.8312112747439672
window_tcn_raw_fixed_s1,14154500,0.8778861464385778
window_tcn_raw_fixed_s1,14158790,0.786033631369316
window_tcn_raw_fixed_s1,14166500,0.8805797100065749
window_tcn_raw_fixed_s1,14182500,0.7965568854760868
window_tcn_raw_fixed_s1,14185000,0.8939204098033412
window_tcn_raw_fixed_s1,14185900,0.8717554543299431
window_tcn_raw_fixed_s1,14187000,0.06191955071684552
window_tcn_raw_fixed_s1,14216500,0.44521338424450774
window_tcn_raw_fixed_s1,14222500,0.8999373835205866
window_tcn_raw_fixed_s1,14236200,0.8584067833617203
window_tcn_raw_fixed_s1,14301000,0.9219112836438159
window_tcn_raw_fixed_s1,14303200,0.5743739343524672
window_tcn_raw_fixed_s1,14305500,0.8832646173115694
window_tcn_raw_fixed_s1,14306340,0.4948276874282048
window_tcn_raw_fixed_s1,14306500,0.8924494050949462
window_tcn_raw_fixed_s1,14308990,0.24458006235590102
window_tcn_raw_fixed_s1,14309500,0.7997048695279652
window_tcn_raw_fixed_s1,14316700,0.8697659512773294
window_tcn_raw_fixed_s1,14325000,0.8171867968321005
window_tcn_raw_fixed_s1,14362250,0.4349966043515521
window_tcn_raw_fixed_s1,14400000,0.8581792048745731
window_tcn_raw_fixed_s1,10259000,0.6160223882951321
window_tcn_raw_fixed_s1,11124500,0.7447522064247446
window_tcn_raw_fixed_s1,11141280,0.656008978135717
window_tcn_raw_fixed_s1,11143000,0.7703245532835118
window_tcn_raw_fixed_s1,11148900,0.7415583877620251
window_tcn_raw_fixed_s1,11151300,0.6266355669896607
window_tcn_raw_fixed_s1,11176400,0.6016294520315179
window_tcn_raw_fixed_s1,11230500,0.7918824365536743
window_tcn_raw_fixed_s1,11237500,0.6673578506297403
window_tcn_raw_fixed_s1,11264500,0.8357025648674902
window_tcn_raw_fixed_s1,11266500,0.831002633269987
window_tcn_raw_fixed_s1,11284400,0.6298810653867986
window_tcn_raw_fixed_s1,11381500,0.7248027630160563
window_tcn_raw_fixed_s1,11451100,0.6857384739266578
window_tcn_raw_fixed_s1,11468500,0.8570549301278302
window_tcn_raw_fixed_s1,11473900,0.7627187232112806
window_tcn_raw_fixed_s1,11475560,0.6757064694577253
window_tcn_raw_fixed_s1,11476600,0.7386556505741153
window_tcn_raw_fixed_s1,11478500,0.7425756858155895
window_tcn_raw_fixed_s1,11480390,0.6601104894970291
window_tcn_raw_fixed_s1,11481200,0.7713034560474872
window_tcn_raw_fixed_s1,11482500,0.7844518139999468
window_tcn_raw_fixed_s1,11522500,0.6993216547990204
window_tcn_raw_fixed_s1,11523200,0.7885630812159745
window_tcn_raw_fixed_s1,11528700,0.6776177896385269
window_tcn_raw_fixed_s1,11532500,0.8735876540732703
window_tcn_raw_daily_s1,01022500,0.7934345074703628
window_tcn_raw_daily_s1,01031500,0.827253266975885
window_tcn_raw_daily_s1,01047000,0.7612393107364998
window_tcn_raw_daily_s1,01052500,0.7475018050138674
window_tcn_raw_daily_s1,01054200,0.5719384661443774
window_tcn_raw_daily_s1,01055000,0.607468248283862
window_tcn_raw_daily_s1,01057000,0.7977517442010266
window_tcn_raw_daily_s1,01073000,0.8378908143442828
window_tcn_raw_daily_s1,01078000,0.7838658241864587
window_tcn_raw_daily_s1,01123000,0.8069665035296469
window_tcn_raw_daily_s1,01134500,0.7512414589183707
window_tcn_raw_daily_s1,01137500,0.672749122127767
window_tcn_raw_daily_s1,01139000,0.7613934251426162
window_tcn_raw_daily_s1,01139800,0.7209217579962091
window_tcn_raw_daily_s1,01142500,0.7476298472239848
window_tcn_raw_daily_s1,01144000,0.8303468743001802
window_tcn_raw_daily_s1,01162500,0.7275505327090259
window_tcn_raw_daily_s1,01169000,0.622973285045685
window_tcn_raw_daily_s1,01170100,0.6096596694992024
window_tcn_raw_daily_s1,01181000,0.6728053752906169
window_tcn_raw_daily_s1,01187300,0.6491178299371136
window_tcn_raw_daily_s1,01195100,0.7205618431493286
window_tcn_raw_daily_s1,04296000,0.7717449455477542
window_tcn_raw_daily_s1,01333000,0.621430132850106
window_tcn_raw_daily_s1,01350000,0.660958622470778
window_tcn_raw_daily_s1,01350080,0.5888585962021904
window_tcn_raw_daily_s1,01350140,0.577567107534511
window_tcn_raw_daily_s1,01365000,0.6451880585523391
window_tcn_raw_daily_s1,01411300,0.654274344201335
window_tcn_raw_daily_s1,01413500,0.7117170235464223
window_tcn_raw_daily_s1,01414500,0.6220660733365042
window_tcn_raw_daily_s1,01415000,0.6928929775263393
window_tcn_raw_daily_s1,01423000,0.8113248383398707
window_tcn_raw_daily_s1,01434025,0.6055738603098152
window_tcn_raw_daily_s1,01435000,0.6606219954929236
window_tcn_raw_daily_s1,01439500,0.7922727427144278
window_tcn_raw_daily_s1,01440000,0.7642001394900404
window_tcn_raw_daily_s1,01440400,0.717936830252494
window_tcn_raw_daily_s1,01451800,0.7558081730065245
window_tcn_raw_daily_s1,01466500,0.5338263400224716
window_tcn_raw_daily_s1,01484100,0.4402778952679771
window_tcn_raw_daily_s1,01487000,0.5082678234056034
window_tcn_raw_daily_s1,01491000,0.5453654789483655
window_tcn_raw_daily_s1,01510000,0.7152429038660625
window_tcn_raw_daily_s1,01516500,0.4478613847543982
window_tcn_raw_daily_s1,01518862,0.4864944780640409
window_tcn_raw_daily_s1,01532000,0.5453723583141519
window_tcn_raw_daily_s1,01539000,0.7981240098605941
window_tcn_raw_daily_s1,01542810,0.7165338160423707
window_tcn_raw_daily_s1,01543000,0.8025870793321745
window_tcn_raw_daily_s1,01543500,0.8189824245983148
window_tcn_raw_daily_s1,01544500,0.7543772080426412
window_tcn_raw_daily_s1,01545600,0.7643137470330669
window_tcn_raw_daily_s1,01547700,0.649652713658643
window_tcn_raw_daily_s1,01548500,0.8303741795297575
window_tcn_raw_daily_s1,01549500,0.7035666585877923
window_tcn_raw_daily_s1,01550000,0.7047032037849266
window_tcn_raw_daily_s1,01552000,0.8049840317197748
window_tcn_raw_daily_s1,01552500,0.635093239407297
window_tcn_raw_daily_s1,01557500,0.7046658855713548
window_tcn_raw_daily_s1,01567500,0.605427854759139
window_tcn_raw_daily_s1,01568000,0.7359216605386563
window_tcn_raw_daily_s1,01580000,0.7183115965440658
window_tcn_raw_daily_s1,01583500,0.653253563829596
window_tcn_raw_daily_s1,01586610,0.5913810022025566
window_tcn_raw_daily_s1,01591400,0.5341423841040847
window_tcn_raw_daily_s1,01594950,0.30825504735444786
window_tcn_raw_daily_s1,01596500,0.7187393957928949
window_tcn_raw_daily_s1,01605500,0.685854725386344
window_tcn_raw_daily_s1,01606500,0.7266067590292639
window_tcn_raw_daily_s1,01632000,0.45302189912311885
window_tcn_raw_daily_s1,01632900,0.673654359780244
window_tcn_raw_daily_s1,01634500,0.527356600373952
window_tcn_raw_daily_s1,01638480,0.6042337568035816
window_tcn_raw_daily_s1,01639500,0.6957256073972333
window_tcn_raw_daily_s1,01644000,0.6635448242541309
window_tcn_raw_daily_s1,01664000,0.7953039708975786
window_tcn_raw_daily_s1,01666500,0.5884408805061949
window_tcn_raw_daily_s1,01667500,0.7580951708023652
window_tcn_raw_daily_s1,01669000,0.646450531295578
window_tcn_raw_daily_s1,01669520,0.5245870637487289
window_tcn_raw_daily_s1,02011400,0.7852801786341679
window_tcn_raw_daily_s1,02013000,0.7248232332430018
window_tcn_raw_daily_s1,02014000,0.758524831715218
window_tcn_raw_daily_s1,02015700,0.6659519781897822
window_tcn_raw_daily_s1,02016000,0.7981887595480327
window_tcn_raw_daily_s1,02017500,0.7620759090872398
window_tcn_raw_daily_s1,02018000,0.8067481323055682
window_tcn_raw_daily_s1,02027000,0.5755852242313764
window_tcn_raw_daily_s1,02027500,0.41539916564777146
window_tcn_raw_daily_s1,02028500,0.6689047114923031
window_tcn_raw_daily_s1,02038850,0.42397056012159084
window_tcn_raw_daily_s1,02046000,0.6747825022749494
window_tcn_raw_daily_s1,02051500,0.650028320672256
window_tcn_raw_daily_s1,02053200,0.7790534723150557
window_tcn_raw_daily_s1,02053800,0.639779330353266
window_tcn_raw_daily_s1,02055100,0.6163552291413381
window_tcn_raw_daily_s1,02056900,0.5679238164222258
window_tcn_raw_daily_s1,02059500,0.5570632799815562
window_tcn_raw_daily_s1,02064000,0.6305132062441935
window_tcn_raw_daily_s1,02065500,0.6186205354342612
window_tcn_raw_daily_s1,02069700,0.587420088763287
window_tcn_raw_daily_s1,02070000,0.5390562297533541
window_tcn_raw_daily_s1,02074500,0.6421897356684538
window_tcn_raw_daily_s1,02077200,0.5938258318771819
window_tcn_raw_daily_s1,02081500,0.7271888807255991
window_tcn_raw_daily_s1,02082950,0.5843174425360412
window_tcn_raw_daily_s1,02092500,0.651389108513231
window_tcn_raw_daily_s1,02096846,0.35678154904985204
window_tcn_raw_daily_s1,02102908,0.6481491353894002
window_tcn_raw_daily_s1,02108000,0.6623096607936506
window_tcn_raw_daily_s1,02111180,0.6469528627163886
window_tcn_raw_daily_s1,02111500,0.6234723147752719
window_tcn_raw_daily_s1,02112120,0.6533374462533263
window_tcn_raw_daily_s1,02112360,0.671549296858866
window_tcn_raw_daily_s1,02118500,0.7746819096915037
window_tcn_raw_daily_s1,02125000,0.6387994199203783
window_tcn_raw_daily_s1,02128000,0.5411015241317978
window_tcn_raw_daily_s1,02137727,0.749994489192607
window_tcn_raw_daily_s1,02140991,0.6826243718596616
window_tcn_raw_daily_s1,02143000,0.7529920986639391
window_tcn_raw_daily_s1,02143040,0.7939274746343493
window_tcn_raw_daily_s1,02149000,0.7779811138134536
window_tcn_raw_daily_s1,02152100,0.7096396097657649
window_tcn_raw_daily_s1,02177000,0.7967472592029684
window_tcn_raw_daily_s1,02178400,0.7665517364338957
window_tcn_raw_daily_s1,02193340,0.4029666703689896
window_tcn_raw_daily_s1,02196000,0.8120109406159282
window_tcn_raw_daily_s1,02198100,0.5313455203590789
window_tcn_raw_daily_s1,02202600,0.7256347506387191
window_tcn_raw_daily_s1,02212600,0.6828367776625264
window_tcn_raw_daily_s1,02215100,0.6082813274954002
window_tcn_raw_daily_s1,02216180,0.7813685467734937
window_tcn_raw_daily_s1,02221525,0.7716554461363813
window_tcn_raw_daily_s1,02231000,0.7881512323154689
window_tcn_raw_daily_s1,02245500,0.6062692666025364
window_tcn_raw_daily_s1,02246000,0.7729282244416151
window_tcn_raw_daily_s1,02296500,0.7173343168256257
window_tcn_raw_daily_s1,02297155,0.6337187089423691
window_tcn_raw_daily_s1,02297310,0.6640754293594975
window_tcn_raw_daily_s1,02298123,0.6410748350561909
window_tcn_raw_daily_s1,02298608,0.6496321097710835
window_tcn_raw_daily_s1,02299950,0.6677119308175028
window_tcn_raw_daily_s1,02300700,0.5870675221753683
window_tcn_raw_daily_s1,02342933,0.6601625413713441
window_tcn_raw_daily_s1,02349900,0.7553394491233058
window_tcn_raw_daily_s1,02350900,0.7509024461681053
window_tcn_raw_daily_s1,02361000,0.6664449958827365
window_tcn_raw_daily_s1,02363000,0.628019314106137
window_tcn_raw_daily_s1,02369800,0.7557489946807898
window_tcn_raw_daily_s1,02371500,0.7212110919583217
window_tcn_raw_daily_s1,02372250,0.7281767274966642
window_tcn_raw_daily_s1,02374500,0.7566611594781386
window_tcn_raw_daily_s1,02381600,0.4416481809114121
window_tcn_raw_daily_s1,02384540,0.5322575641875267
window_tcn_raw_daily_s1,02395120,0.6250630624246587
window_tcn_raw_daily_s1,02415000,0.6009238094443929
window_tcn_raw_daily_s1,02427250,0.3404319809905143
window_tcn_raw_daily_s1,02430085,0.5481282897497886
window_tcn_raw_daily_s1,02450250,0.8091900153923843
window_tcn_raw_daily_s1,02464000,0.7836851117861142
window_tcn_raw_daily_s1,02464360,0.528906754176792
window_tcn_raw_daily_s1,02465493,0.5295761127556076
window_tcn_raw_daily_s1,02469800,0.7869184647145493
window_tcn_raw_daily_s1,02472000,0.8623486377659451
window_tcn_raw_daily_s1,02472500,0.8130861784404888
window_tcn_raw_daily_s1,02479155,0.8112112685573356
window_tcn_raw_daily_s1,02479300,0.794782415587268
window_tcn_raw_daily_s1,02479560,0.8077598405542408
window_tcn_raw_daily_s1,02481000,0.7257826119982024
window_tcn_raw_daily_s1,02481510,0.798719942767848
window_tcn_raw_daily_s1,04015330,0.7066614195462533
window_tcn_raw_daily_s1,04024430,0.7771911747626999
window_tcn_raw_daily_s1,04027000,0.8340547219564178
window_tcn_raw_daily_s1,04040500,0.8097013482817788
window_tcn_raw_daily_s1,04043050,0.8024290761943795
window_tcn_raw_daily_s1,04045500,0.8745261730244122
window_tcn_raw_daily_s1,04057510,0.7280961808312036
window_tcn_raw_daily_s1,04057800,0.7433385208069598
window_tcn_raw_daily_s1,04059500,0.8032460070697274
window_tcn_raw_daily_s1,04063700,0.7580068830320184
window_tcn_raw_daily_s1,04074950,0.7716601044113811
window_tcn_raw_daily_s1,04105700,0.7097180155055429
window_tcn_raw_daily_s1,04115265,-0.11465286436307331
window_tcn_raw_daily_s1,04122200,0.6721190702234283
window_tcn_raw_daily_s1,04122500,0.627431345961482
window_tcn_raw_daily_s1,04127918,0.5994827471482199
window_tcn_raw_daily_s1,04127997,0.6096226354636869
window_tcn_raw_daily_s1,04161580,0.561373529124882
window_tcn_raw_daily_s1,04185000,0.7478048902222652
window_tcn_raw_daily_s1,04196800,0.6869226991337525
window_tcn_raw_daily_s1,04197100,0.6746752971548682
window_tcn_raw_daily_s1,04197170,0.6124268658096714
window_tcn_raw_daily_s1,04213000,0.6530928104576629
window_tcn_raw_daily_s1,04213075,0.2141163787213075
window_tcn_raw_daily_s1,04216418,0.6436936074148374
window_tcn_raw_daily_s1,04221000,0.668860145085233
window_tcn_raw_daily_s1,04224775,0.6032057197982558
window_tcn_raw_daily_s1,04233000,0.5390732802192864
window_tcn_raw_daily_s1,04256000,0.7795385896574711
window_tcn_raw_daily_s1,03010655,0.7380361726406097
window_tcn_raw_daily_s1,03011800,0.7842379171329387
window_tcn_raw_daily_s1,03015500,0.7654951326819032
window_tcn_raw_daily_s1,03021350,0.660661569812525
window_tcn_raw_daily_s1,03026500,0.7362774787662398
window_tcn_raw_daily_s1,03028000,0.7548083974937538
window_tcn_raw_daily_s1,03049000,0.7097905612682247
window_tcn_raw_daily_s1,03049800,0.2865918973255589
window_tcn_raw_daily_s1,03050000,0.20501884905643586
window_tcn_raw_daily_s1,03069500,0.8428604841470604
window_tcn_raw_daily_s1,03070500,0.7801897435624294
window_tcn_raw_daily_s1,03076600,0.6992179900847417
window_tcn_raw_daily_s1,03078000,0.719306582288046
window_tcn_raw_daily_s1,03140000,0.6522068921504005
window_tcn_raw_daily_s1,03144000,0.7002250020141111
window_tcn_raw_daily_s1,03170000,0.7472309907708542
window_tcn_raw_daily_s1,03173000,0.8072822499255593
window_tcn_raw_daily_s1,03180500,0.7826556179402175
window_tcn_raw_daily_s1,03182500,0.8291849538792139
window_tcn_raw_daily_s1,03186500,0.7413886628361266
window_tcn_raw_daily_s1,03237280,0.4642473405579076
window_tcn_raw_daily_s1,03237500,0.7159810166406377
window_tcn_raw_daily_s1,03238500,0.6582660925304535
window_tcn_raw_daily_s1,03241500,0.7407188474642966
window_tcn_raw_daily_s1,03280700,0.6282263422937524
window_tcn_raw_daily_s1,03281500,0.850085277972306
window_tcn_raw_daily_s1,03285000,0.7250349712252255
window_tcn_raw_daily_s1,03291780,0.6070497000319692
window_tcn_raw_daily_s1,03338780,0.5968672234795885
window_tcn_raw_daily_s1,03340800,0.7792291162723051
window_tcn_raw_daily_s1,03346000,0.7725954159757029
window_tcn_raw_daily_s1,03364500,0.688348106563201
window_tcn_raw_daily_s1,03366500,0.8052065823959578
window_tcn_raw_daily_s1,03368000,0.5773273751527219
window_tcn_raw_daily_s1,03384450,0.6573158530348271
window_tcn_raw_daily_s1,03439000,0.7763493550421803
window_tcn_raw_daily_s1,03455500,0.6230397478758478
window_tcn_raw_daily_s1,03456500,0.7411326305664498
window_tcn_raw_daily_s1,03460000,0.7369921470811227
window_tcn_raw_daily_s1,03463300,0.6824863660389004
window_tcn_raw_daily_s1,03471500,0.6907338890613354
window_tcn_raw_daily_s1,03473000,0.7686477481040377
window_tcn_raw_daily_s1,03479000,0.7030324147559243
window_tcn_raw_daily_s1,03488000,0.7771116476283041
window_tcn_raw_daily_s1,03498500,0.8210085771277439
window_tcn_raw_daily_s1,03500000,0.8645558659678498
window_tcn_raw_daily_s1,03500240,0.8171024754313623
window_tcn_raw_daily_s1,03504000,0.7638806018988549
window_tcn_raw_daily_s1,03574500,0.7882758312407917
window_tcn_raw_daily_s1,03592718,0.5910200889194084
window_tcn_raw_daily_s1,03604000,0.7418593724852838
window_tcn_raw_daily_s1,05291000,0.449478158517841
window_tcn_raw_daily_s1,05362000,0.7979572803698114
window_tcn_raw_daily_s1,05393500,0.761958558634231
window_tcn_raw_daily_s1,05399500,0.6364149976423762
window_tcn_raw_daily_s1,05408000,0.551119965274149
window_tcn_raw_daily_s1,05413500,0.5836888740120705
window_tcn_raw_daily_s1,05414000,0.46284042452549123
window_tcn_raw_daily_s1,05444000,0.5344206638410179
window_tcn_raw_daily_s1,05454000,0.4760791861667142
window_tcn_raw_daily_s1,05458000,0.7328040597432127
window_tcn_raw_daily_s1,05466500,0.6915620837093146
window_tcn_raw_daily_s1,05487980,0.7256046268956176
window_tcn_raw_daily_s1,05488200,0.571105905591828
window_tcn_raw_daily_s1,05489000,0.7039856833676977
window_tcn_raw_daily_s1,05495000,0.7708364853057912
window_tcn_raw_daily_s1,05495500,0.759214276164027
window_tcn_raw_daily_s1,05501000,0.7405975277856156
window_tcn_raw_daily_s1,05503800,0.7030725558917357
window_tcn_raw_daily_s1,05507600,0.6734445848775273
window_tcn_raw_daily_s1,05508805,0.7326806059502721
window_tcn_raw_daily_s1,05525500,0.7470797681069709
window_tcn_raw_daily_s1,05556500,0.6669572709533902
window_tcn_raw_daily_s1,05584500,0.7028744057634202
window_tcn_raw_daily_s1,05591550,0.7047542420889059
window_tcn_raw_daily_s1,05592050,0.7108158381804301
window_tcn_raw_daily_s1,05592575,0.5721604221020125
window_tcn_raw_daily_s1,05593575,0.7686128158925967
window_tcn_raw_daily_s1,05593900,0.6228601617117284
window_tcn_raw_daily_s1,05595730,0.7507507754806733
window_tcn_raw_daily_s1,07291000,0.5938018341954472
window_tcn_raw_daily_s1,07359610,0.27677879474225053
window_tcn_raw_daily_s1,07362100,0.7106779203041539
window_tcn_raw_daily_s1,07362587,0.3110127310009969
window_tcn_raw_daily_s1,07375000,0.5050612158304
window_tcn_raw_daily_s1,08013000,0.7584426602554815
window_tcn_raw_daily_s1,08014500,0.7833441761098834
window_tcn_raw_daily_s1,05057200,0.28243420779879147
window_tcn_raw_daily_s1,05120500,0.17724639816290777
window_tcn_raw_daily_s1,06221400,0.6634878302876341
window_tcn_raw_daily_s1,06224000,0.8197197683716495
window_tcn_raw_daily_s1,06278300,0.6442281878931211
window_tcn_raw_daily_s1,06280300,0.7080479233684163
window_tcn_raw_daily_s1,06289000,0.7459638573111369
window_tcn_raw_daily_s1,06291500,0.45831912278334774
window_tcn_raw_daily_s1,06311000,0.6710711036941603
window_tcn_raw_daily_s1,06332515,0.3290559451679904
window_tcn_raw_daily_s1,06339100,0.33178340187417354
window_tcn_raw_daily_s1,06344600,0.3095564992326826
window_tcn_raw_daily_s1,06350000,0.2460734305989326
window_tcn_raw_daily_s1,06352000,0.3406329269466941
window_tcn_raw_daily_s1,06404000,0.5462531389727862
window_tcn_raw_daily_s1,06406000,0.2116656975292357
window_tcn_raw_daily_s1,06409000,-0.058871666817446267
window_tcn_raw_daily_s1,06431500,-0.7964540178182633
window_tcn_raw_daily_s1,06440200,0.1317885522973703
window_tcn_raw_daily_s1,06447500,0.27843158098516885
window_tcn_raw_daily_s1,06470800,0.19132161240048873
window_tcn_raw_daily_s1,06477500,0.35866086876883085
window_tcn_raw_daily_s1,06479215,0.23280765543967408
window_tcn_raw_daily_s1,06601000,0.31547276027879634
window_tcn_raw_daily_s1,06614800,0.8289460372957731
window_tcn_raw_daily_s1,06622700,0.83424230183711
window_tcn_raw_daily_s1,06623800,0.8583460948249152
window_tcn_raw_daily_s1,06632400,0.8322179571709879
window_tcn_raw_daily_s1,06746095,0.7655245625592122
window_tcn_raw_daily_s1,06803510,0.4523521722328323
window_tcn_raw_daily_s1,06803530,0.5869133236306221
window_tcn_raw_daily_s1,06814000,0.7228027085909148
window_tcn_raw_daily_s1,06847900,0.17587347742363713
window_tcn_raw_daily_s1,06853800,0.19163935992828107
window_tcn_raw_daily_s1,06876700,0.29511954333630497
window_tcn_raw_daily_s1,06878000,0.5861783154724618
window_tcn_raw_daily_s1,06879650,0.11134032365211166
window_tcn_raw_daily_s1,06885500,0.7366781436298458
window_tcn_raw_daily_s1,06888500,0.7068221695584838
window_tcn_raw_daily_s1,06889200,0.42457868826985967
window_tcn_raw_daily_s1,06889500,0.6060456904301721
window_tcn_raw_daily_s1,06892000,0.6885582130620254
window_tcn_raw_daily_s1,06903400,0.6365719808588711
window_tcn_raw_daily_s1,06906800,0.5119044862012815
window_tcn_raw_daily_s1,06910800,0.7516160414556519
window_tcn_raw_daily_s1,06911900,0.7416608416614316
window_tcn_raw_daily_s1,06917000,0.7418281406545585
window_tcn_raw_daily_s1,06918460,0.6313767642841885
window_tcn_raw_daily_s1,06919500,0.7629139269639951
window_tcn_raw_daily_s1,06921070,0.6461814048378031
window_tcn_raw_daily_s1,06921200,0.5857511613910489
window_tcn_raw_daily_s1,07057500,0.8660751553517898
window_tcn_raw_daily_s1,07060710,0.5045504066401842
window_tcn_raw_daily_s1,07066000,0.7160198530730986
window_tcn_raw_daily_s1,07083000,0.8604434617445712
window_tcn_raw_daily_s1,07142300,0.1635748625612541
window_tcn_raw_daily_s1,07145700,0.7470383915804778
window_tcn_raw_daily_s1,07167500,0.6220353530329372
window_tcn_raw_daily_s1,07180500,0.6872509564723539
window_tcn_raw_daily_s1,07184000,0.7095676807810491
window_tcn_raw_daily_s1,07195800,0.45441065904223255
window_tcn_raw_daily_s1,07196900,0.44805527617946794
window_tcn_raw_daily_s1,07197000,0.686381012152357
window_tcn_raw_daily_s1,07208500,0.6796047753782343
window_tcn_raw_daily_s1,07261000,0.7702077235897726
window_tcn_raw_daily_s1,07263295,0.3214340881508382
window_tcn_raw_daily_s1,07299670,0.1247567875641371
window_tcn_raw_daily_s1,07301410,0.2563098813032604
window_tcn_raw_daily_s1,07315200,0.5915899641362873
window_tcn_raw_daily_s1,07315700,0.5890981956867594
window_tcn_raw_daily_s1,07335700,0.4003655486449116
window_tcn_raw_daily_s1,07340300,0.6385206617151061
window_tcn_raw_daily_s1,07346045,0.8202455649380198
window_tcn_raw_daily_s1,08023080,0.7034970471312931
window_tcn_raw_daily_s1,08050800,0.5730647419491944
window_tcn_raw_daily_s1,08066200,0.6585566024704637
window_tcn_raw_daily_s1,08066300,0.5616163929157305
window_tcn_raw_daily_s1,08070000,0.6050668647261863
window_tcn_raw_daily_s1,08070200,0.5886080022064744
window_tcn_raw_daily_s1,08082700,0.27876733066191295
window_tcn_raw_daily_s1,08086212,0.5655936781581963
window_tcn_raw_daily_s1,08086290,0.49884138091286223
window_tcn_raw_daily_s1,08101000,0.5666807099502077
window_tcn_raw_daily_s1,08103900,0.5021495878620839
window_tcn_raw_daily_s1,08104900,0.46811718522687595
window_tcn_raw_daily_s1,08109700,0.5557953585179747
window_tcn_raw_daily_s1,08150800,0.22443447741645972
window_tcn_raw_daily_s1,08158700,0.6591241081862602
window_tcn_raw_daily_s1,08158810,0.394973391548468
window_tcn_raw_daily_s1,08164300,0.7178947787081522
window_tcn_raw_daily_s1,08164600,0.6563868590709285
window_tcn_raw_daily_s1,08165300,-0.10100221618820382
window_tcn_raw_daily_s1,08171300,0.686921744098461
window_tcn_raw_daily_s1,08175000,0.5861333376630786
window_tcn_raw_daily_s1,08176900,0.516034743763742
window_tcn_raw_daily_s1,08178880,0.206755691059074
window_tcn_raw_daily_s1,08189500,0.7729309924123711
window_tcn_raw_daily_s1,08190000,0.40109822973102316
window_tcn_raw_daily_s1,08190500,0.3503335115202708
window_tcn_raw_daily_s1,08194200,0.1714052869485937
window_tcn_raw_daily_s1,08195000,0.47840616205408615
window_tcn_raw_daily_s1,08196000,0.3337772405736623
window_tcn_raw_daily_s1,08198500,0.42840726105042903
window_tcn_raw_daily_s1,08200000,0.2898664087368249
window_tcn_raw_daily_s1,08202700,0.49591088610317247
window_tcn_raw_daily_s1,08267500,0.7489092750275265
window_tcn_raw_daily_s1,08269000,0.7213964632235047
window_tcn_raw_daily_s1,08271000,0.7670539719905098
window_tcn_raw_daily_s1,08324000,0.532696965918585
window_tcn_raw_daily_s1,08377900,0.6292483542269596
window_tcn_raw_daily_s1,08378500,0.6133108794869016
window_tcn_raw_daily_s1,08380500,0.44616225622813765
window_tcn_raw_daily_s1,09035800,0.7918261880462477
window_tcn_raw_daily_s1,09035900,0.8487480374310789
window_tcn_raw_daily_s1,09047700,0.582568230688084
window_tcn_raw_daily_s1,09065500,0.8563257829418008
window_tcn_raw_daily_s1,09066000,0.8451697235576898
window_tcn_raw_daily_s1,09066200,0.8260924513305468
window_tcn_raw_daily_s1,09066300,0.820558669708004
window_tcn_raw_daily_s1,09081600,0.8985975492436566
window_tcn_raw_daily_s1,09107000,0.686716711669153
window_tcn_raw_daily_s1,09210500,0.6740644325599916
window_tcn_raw_daily_s1,09223000,0.8023087069763787
window_tcn_raw_daily_s1,09306242,0.09627053494944005
window_tcn_raw_daily_s1,09312600,0.5016500720932053
window_tcn_raw_daily_s1,09352900,0.7705938934115252
window_tcn_raw_daily_s1,09378170,0.5679652271345684
window_tcn_raw_daily_s1,09386900,0.3939532176342949
window_tcn_raw_daily_s1,09404450,0.6502558128233591
window_tcn_raw_daily_s1,09430600,0.13407040874244547
window_tcn_raw_daily_s1,09447800,-1.9698470953048757
window_tcn_raw_daily_s1,09484600,0.08261556452554275
window_tcn_raw_daily_s1,09492400,0.7139152422922349
window_tcn_raw_daily_s1,09494000,0.6324583057310029
window_tcn_raw_daily_s1,09497980,0.7350748436467021
window_tcn_raw_daily_s1,09505350,0.40379848965800424
window_tcn_raw_daily_s1,09505800,0.42854476933831986
window_tcn_raw_daily_s1,09508300,0.6077928735003673
window_tcn_raw_daily_s1,09510200,0.5843559898445878
window_tcn_raw_daily_s1,09512280,0.38926773805813497
window_tcn_raw_daily_s1,09513780,0.4515284057554765
window_tcn_raw_daily_s1,10234500,0.7086664472379539
window_tcn_raw_daily_s1,10244950,0.6897417942211033
window_tcn_raw_daily_s1,10336645,0.8193771081584809
window_tcn_raw_daily_s1,10336660,0.7608300855326985
window_tcn_raw_daily_s1,10343500,0.7250621237916055
window_tcn_raw_daily_s1,12010000,0.8731458512664613
window_tcn_raw_daily_s1,12013500,0.8833752165340159
window_tcn_raw_daily_s1,12020000,0.5928863354161114
window_tcn_raw_daily_s1,12025700,0.7859979121322123
window_tcn_raw_daily_s1,12035000,0.8943173701750018
window_tcn_raw_daily_s1,12040500,0.8081608628188081
window_tcn_raw_daily_s1,12041200,0.6985833714833218
window_tcn_raw_daily_s1,12048000,0.45558710873476294
window_tcn_raw_daily_s1,12054000,0.6612329531737963
window_tcn_raw_daily_s1,12056500,0.656124618906554
window_tcn_raw_daily_s1,12073500,0.8267027687819484
window_tcn_raw_daily_s1,12082500,0.7073585033744509
window_tcn_raw_daily_s1,12092000,0.657961198365475
window_tcn_raw_daily_s1,12114500,0.7953605995054698
window_tcn_raw_daily_s1,12115000,0.8017583741441144
window_tcn_raw_daily_s1,12117000,0.7945527297158395
window_tcn_raw_daily_s1,12143600,0.6840325814653799
window_tcn_raw_daily_s1,12144000,0.634360518764696
window_tcn_raw_daily_s1,12145500,0.8963950075101287
window_tcn_raw_daily_s1,12147500,0.6435229822489917
window_tcn_raw_daily_s1,12167000,0.7611771161485853
window_tcn_raw_daily_s1,12175500,0.760368677904245
window_tcn_raw_daily_s1,12178100,0.7404878035366438
window_tcn_raw_daily_s1,12186000,0.6595179706985448
window_tcn_raw_daily_s1,12189500,0.7568174410164794
window_tcn_raw_daily_s1,12375900,0.800803529521923
window_tcn_raw_daily_s1,12377150,0.8139910275036427
window_tcn_raw_daily_s1,12381400,0.5353836574448694
window_tcn_raw_daily_s1,12383500,0.6689652698671469
window_tcn_raw_daily_s1,12390700,0.7162191020434345
window_tcn_raw_daily_s1,12411000,0.6690652665265822
window_tcn_raw_daily_s1,12447390,0.7895804591650496
window_tcn_raw_daily_s1,12451000,0.7882265193347595
window_tcn_raw_daily_s1,12488500,0.7416194506401503
window_tcn_raw_daily_s1,13011500,0.7281160898886947
window_tcn_raw_daily_s1,13011900,0.6901853848524
window_tcn_raw_daily_s1,13018300,0.6549398867462998
window_tcn_raw_daily_s1,13023000,0.869686372728181
window_tcn_raw_daily_s1,13161500,0.7662210651393098
window_tcn_raw_daily_s1,13235000,0.7503548472470893
window_tcn_raw_daily_s1,13240000,0.7351713507628137
window_tcn_raw_daily_s1,13313000,0.7424515741437314
window_tcn_raw_daily_s1,13331500,0.8559116639739703
window_tcn_raw_daily_s1,14020000,0.7283401897597301
window_tcn_raw_daily_s1,14096850,0.37400771198397653
window_tcn_raw_daily_s1,14137000,0.83318039825716
window_tcn_raw_daily_s1,14138800,0.7885979261375112
window_tcn_raw_daily_s1,14138870,0.7568566528949848
window_tcn_raw_daily_s1,14138900,0.8145985002869406
window_tcn_raw_daily_s1,14139800,0.8168233041090769
window_tcn_raw_daily_s1,14141500,0.8011578640113004
window_tcn_raw_daily_s1,14154500,0.8819628825857854
window_tcn_raw_daily_s1,14158790,0.7969286633992876
window_tcn_raw_daily_s1,14166500,0.8899628468017804
window_tcn_raw_daily_s1,14182500,0.7729324416586502
window_tcn_raw_daily_s1,14185000,0.896083323114561
window_tcn_raw_daily_s1,14185900,0.8784524376217934
window_tcn_raw_daily_s1,14187000,-0.026478010578507183
window_tcn_raw_daily_s1,14216500,0.5706570221059142
window_tcn_raw_daily_s1,14222500,0.8890229123663635
window_tcn_raw_daily_s1,14236200,0.857732770114076
window_tcn_raw_daily_s1,14301000,0.9355641055349738
window_tcn_raw_daily_s1,14303200,0.5192889795967468
window_tcn_raw_daily_s1,14305500,0.8839222823390447
window_tcn_raw_daily_s1,14306340,0.3095990220143865
window_tcn_raw_daily_s1,14306500,0.8785877276821713
window_tcn_raw_daily_s1,14308990,0.19547330870097235
window_tcn_raw_daily_s1,14309500,0.8232492883912956
window_tcn_raw_daily_s1,14316700,0.8639697105065678
window_tcn_raw_daily_s1,14325000,0.8363787971606567
window_tcn_raw_daily_s1,14362250,0.28242619164923366
window_tcn_raw_daily_s1,14400000,0.8657446053032848
window_tcn_raw_daily_s1,10259000,0.6124523746740937
window_tcn_raw_daily_s1,11124500,0.7491521980305513
window_tcn_raw_daily_s1,11141280,0.6986724797992991
window_tcn_raw_daily_s1,11143000,0.776016463748509
window_tcn_raw_daily_s1,11148900,0.7490484102564936
window_tcn_raw_daily_s1,11151300,0.5305070542732594
window_tcn_raw_daily_s1,11176400,0.5380511159317152
window_tcn_raw_daily_s1,11230500,0.794217416864973
window_tcn_raw_daily_s1,11237500,0.7674447707377918
window_tcn_raw_daily_s1,11264500,0.8476313618205407
window_tcn_raw_daily_s1,11266500,0.8674540774474374
window_tcn_raw_daily_s1,11284400,0.6719223683659249
window_tcn_raw_daily_s1,11381500,0.699813080612051
window_tcn_raw_daily_s1,11451100,0.6733862926190146
window_tcn_raw_daily_s1,11468500,0.8756306271903167
window_tcn_raw_daily_s1,11473900,0.7491362090168563
window_tcn_raw_daily_s1,11475560,0.6868905278010058
window_tcn_raw_daily_s1,11476600,0.7694699676231092
window_tcn_raw_daily_s1,11478500,0.7499698634591564
window_tcn_raw_daily_s1,11480390,0.6853684421173323
window_tcn_raw_daily_s1,11481200,0.7741332362258706
window_tcn_raw_daily_s1,11482500,0.7914150440446978
window_tcn_raw_daily_s1,11522500,0.712152208998406
window_tcn_raw_daily_s1,11523200,0.7802936753325512
window_tcn_raw_daily_s1,11528700,0.7051194263821959
window_tcn_raw_daily_s1,11532500,0.8924504582355182
window_lstm_hybrid_fixed_s1,01022500,0.776102263288793
window_lstm_hybrid_fixed_s1,01031500,0.8171551495798935
window_lstm_hybrid_fixed_s1,01047000,0.8002247484982372
window_lstm_hybrid_fixed_s1,01052500,0.749794976726756
window_lstm_hybrid_fixed_s1,01054200,0.6095010547895157
window_lstm_hybrid_fixed_s1,01055000,0.6617873487883071
window_lstm_hybrid_fixed_s1,01057000,0.8076270530625211
window_lstm_hybrid_fixed_s1,01073000,0.8469792516416618
window_lstm_hybrid_fixed_s1,01078000,0.8383136684340359
window_lstm_hybrid_fixed_s1,01123000,0.690889229951537
window_lstm_hybrid_fixed_s1,01134500,0.7475123559125304
window_lstm_hybrid_fixed_s1,01137500,0.66023237913362
window_lstm_hybrid_fixed_s1,01139000,0.763438867830381
window_lstm_hybrid_fixed_s1,01139800,0.7002772285433626
window_lstm_hybrid_fixed_s1,01142500,0.7286332612575288
window_lstm_hybrid_fixed_s1,01144000,0.7689075300007004
window_lstm_hybrid_fixed_s1,01162500,0.7584360114263253
window_lstm_hybrid_fixed_s1,01169000,0.6404418326345358
window_lstm_hybrid_fixed_s1,01170100,0.6363586574129263
window_lstm_hybrid_fixed_s1,01181000,0.664346333041469
window_lstm_hybrid_fixed_s1,01187300,0.6484237247348283
window_lstm_hybrid_fixed_s1,01195100,0.6999414453128093
window_lstm_hybrid_fixed_s1,04296000,0.7602417751950964
window_lstm_hybrid_fixed_s1,01333000,0.636429962129603
window_lstm_hybrid_fixed_s1,01350000,0.6046578193194534
window_lstm_hybrid_fixed_s1,01350080,0.2462489835325644
window_lstm_hybrid_fixed_s1,01350140,0.49959509598454666
window_lstm_hybrid_fixed_s1,01365000,0.6217604488732037
window_lstm_hybrid_fixed_s1,01411300,0.7412110389695448
window_lstm_hybrid_fixed_s1,01413500,0.6270878118717111
window_lstm_hybrid_fixed_s1,01414500,0.5252086148083093
window_lstm_hybrid_fixed_s1,01415000,0.608323109256693
window_lstm_hybrid_fixed_s1,01423000,0.7052036778278015
window_lstm_hybrid_fixed_s1,01434025,0.42815435227864096
window_lstm_hybrid_fixed_s1,01435000,0.6616277664753583
window_lstm_hybrid_fixed_s1,01439500,0.7857799784976702
window_lstm_hybrid_fixed_s1,01440000,0.781242122998529
window_lstm_hybrid_fixed_s1,01440400,0.708257765975393
window_lstm_hybrid_fixed_s1,01451800,0.6312673157587372
window_lstm_hybrid_fixed_s1,01466500,0.5349286284797731
window_lstm_hybrid_fixed_s1,01484100,0.3815887719410389
window_lstm_hybrid_fixed_s1,01487000,0.6440390716130409
window_lstm_hybrid_fixed_s1,01491000,0.6630985066198015
window_lstm_hybrid_fixed_s1,01510000,0.6781915667470257
window_lstm_hybrid_fixed_s1,01516500,0.3607383386260846
window_lstm_hybrid_fixed_s1,01518862,0.5422233874706989
window_lstm_hybrid_fixed_s1,01532000,0.5041066291950305
window_lstm_hybrid_fixed_s1,01539000,0.7892182972088959
window_lstm_hybrid_fixed_s1,01542810,0.578267644919417
window_lstm_hybrid_fixed_s1,01543000,0.7388762070711645
window_lstm_hybrid_fixed_s1,01543500,0.7537263476790299
window_lstm_hybrid_fixed_s1,01544500,0.7251930462331803
window_lstm_hybrid_fixed_s1,01545600,0.6937755376876682
window_lstm_hybrid_fixed_s1,01547700,0.5886140741039727
window_lstm_hybrid_fixed_s1,01548500,0.7193526871227371
window_lstm_hybrid_fixed_s1,01549500,0.5919943771164851
window_lstm_hybrid_fixed_s1,01550000,0.6151112551495885
window_lstm_hybrid_fixed_s1,01552000,0.7121949554868685
window_lstm_hybrid_fixed_s1,01552500,0.6279298583279243
window_lstm_hybrid_fixed_s1,01557500,0.7068833581751474
window_lstm_hybrid_fixed_s1,01567500,0.4242975739125072
window_lstm_hybrid_fixed_s1,01568000,0.7328803511456334
window_lstm_hybrid_fixed_s1,01580000,0.5892016452852299
window_lstm_hybrid_fixed_s1,01583500,0.5075993892363699
window_lstm_hybrid_fixed_s1,01586610,0.5751751026458105
window_lstm_hybrid_fixed_s1,01591400,0.39434265403881663
window_lstm_hybrid_fixed_s1,01594950,0.3531571409000931
window_lstm_hybrid_fixed_s1,01596500,0.7181318753134456
window_lstm_hybrid_fixed_s1,01605500,0.6827897288424813
window_lstm_hybrid_fixed_s1,01606500,0.7374648788978687
window_lstm_hybrid_fixed_s1,01632000,0.5108390474423437
window_lstm_hybrid_fixed_s1,01632900,0.5627065515650831
window_lstm_hybrid_fixed_s1,01634500,0.474397456873628
window_lstm_hybrid_fixed_s1,01638480,0.4320179744396411
window_lstm_hybrid_fixed_s1,01639500,0.6883339502046963
window_lstm_hybrid_fixed_s1,01644000,0.6577822346306332
window_lstm_hybrid_fixed_s1,01664000,0.7428679773972431
window_lstm_hybrid_fixed_s1,01666500,0.6236124420155936
window_lstm_hybrid_fixed_s1,01667500,0.7371130247958841
window_lstm_hybrid_fixed_s1,01669000,0.7046390925256929
window_lstm_hybrid_fixed_s1,01669520,0.5572532128051084
window_lstm_hybrid_fixed_s1,02011400,0.7529534696035559
window_lstm_hybrid_fixed_s1,02013000,0.7349995954170849
window_lstm_hybrid_fixed_s1,02014000,0.7620820499057995
window_lstm_hybrid_fixed_s1,02015700,0.665292442529393
window_lstm_hybrid_fixed_s1,02016000,0.7978813369577434
window_lstm_hybrid_fixed_s1,02017500,0.7810524145646474
window_lstm_hybrid_fixed_s1,02018000,0.8061236640131745
window_lstm_hybrid_fixed_s1,02027000,0.5981124156355684
window_lstm_hybrid_fixed_s1,02027500,0.4450558759528569
window_lstm_hybrid_fixed_s1,02028500,0.6978818662886107
window_lstm_hybrid_fixed_s1,02038850,0.45361451940059117
window_lstm_hybrid_fixed_s1,02046000,0.6828542025493285
window_lstm_hybrid_fixed_s1,02051500,0.715453848480421
window_lstm_hybrid_fixed_s1,02053200,0.8054179461519583
window_lstm_hybrid_fixed_s1,02053800,0.6828170684835098
window_lstm_hybrid_fixed_s1,02055100,0.5889219052351837
window_lstm_hybrid_fixed_s1,02056900,0.6500476949121792
window_lstm_hybrid_fixed_s1,02059500,0.632968911340895
window_lstm_hybrid_fixed_s1,02064000,0.5474428825039417
window_lstm_hybrid_fixed_s1,02065500,0.703199797049018
window_lstm_hybrid_fixed_s1,02069700,0.626380312985563
window_lstm_hybrid_fixed_s1,02070000,0.5940567767567464
window_lstm_hybrid_fixed_s1,02074500,0.5775301966440987
window_lstm_hybrid_fixed_s1,02077200,0.6644773470663148
window_lstm_hybrid_fixed_s1,02081500,0.7847222988125998
window_lstm_hybrid_fixed_s1,02082950,0.7697494734778172
window_lstm_hybrid_fixed_s1,02092500,0.6648817926258876
window_lstm_hybrid_fixed_s1,02096846,0.4352881217640394
window_lstm_hybrid_fixed_s1,02102908,0.13531144211296442
window_lstm_hybrid_fixed_s1,02108000,0.6873426970221499
window_lstm_hybrid_fixed_s1,02111180,0.5399769330931488
window_lstm_hybrid_fixed_s1,02111500,0.6661578462971196
window_lstm_hybrid_fixed_s1,02112120,0.6840552668812558
window_lstm_hybrid_fixed_s1,02112360,0.6889927632251095
window_lstm_hybrid_fixed_s1,02118500,0.7196388834766446
window_lstm_hybrid_fixed_s1,02125000,0.6308882687822741
window_lstm_hybrid_fixed_s1,02128000,0.5151490186432314
window_lstm_hybrid_fixed_s1,02137727,0.5909325339258896
window_lstm_hybrid_fixed_s1,02140991,0.3239195416832584
window_lstm_hybrid_fixed_s1,02143000,0.5796812421400785
window_lstm_hybrid_fixed_s1,02143040,0.6694730587546827
window_lstm_hybrid_fixed_s1,02149000,0.7401225189504209
window_lstm_hybrid_fixed_s1,02152100,0.6695642870300967
window_lstm_hybrid_fixed_s1,02177000,0.7626910722789377
window_lstm_hybrid_fixed_s1,02178400,0.7393009438933954
window_lstm_hybrid_fixed_s1,02193340,0.47381334506927275
window_lstm_hybrid_fixed_s1,02196000,0.7402364044716965
window_lstm_hybrid_fixed_s1,02198100,0.5015137995116229
window_lstm_hybrid_fixed_s1,02202600,0.60503105187159
window_lstm_hybrid_fixed_s1,02212600,0.7800363998963015
window_lstm_hybrid_fixed_s1,02215100,0.5537614488675136
window_lstm_hybrid_fixed_s1,02216180,0.6801730945323052
window_lstm_hybrid_fixed_s1,02221525,0.7547046349380503
window_lstm_hybrid_fixed_s1,02231000,0.8331635121151707
window_lstm_hybrid_fixed_s1,02245500,0.6006435147582714
window_lstm_hybrid_fixed_s1,02246000,0.7277093449084507
window_lstm_hybrid_fixed_s1,02296500,0.7516172535618392
window_lstm_hybrid_fixed_s1,02297155,0.5451309883047892
window_lstm_hybrid_fixed_s1,02297310,0.6590789950251589
window_lstm_hybrid_fixed_s1,02298123,0.652240404294052
window_lstm_hybrid_fixed_s1,02298608,0.6042946669581094
window_lstm_hybrid_fixed_s1,02299950,0.6100910482103876
window_lstm_hybrid_fixed_s1,02300700,0.5641777870350873
window_lstm_hybrid_fixed_s1,02342933,0.6058216972277746
window_lstm_hybrid_fixed_s1,02349900,0.6128804090538639
window_lstm_hybrid_fixed_s1,02350900,0.7358380791868347
window_lstm_hybrid_fixed_s1,02361000,0.7515077831703283
window_lstm_hybrid_fixed_s1,02363000,0.613588388010428
window_lstm_hybrid_fixed_s1,02369800,0.7936779349844828
window_lstm_hybrid_fixed_s1,02371500,0.7789315230762158
window_lstm_hybrid_fixed_s1,02372250,0.8191413460655383
window_lstm_hybrid_fixed_s1,02374500,0.6819988195916012
window_lstm_hybrid_fixed_s1,02381600,0.4998663041019715
window_lstm_hybrid_fixed_s1,02384540,0.5711008930543804
window_lstm_hybrid_fixed_s1,02395120,0.6579799212895835
window_lstm_hybrid_fixed_s1,02415000,0.7336816767912611
window_lstm_hybrid_fixed_s1,02427250,0.4801593847683253
window_lstm_hybrid_fixed_s1,02430085,0.4348749302120062
window_lstm_hybrid_fixed_s1,02450250,0.7170503135242186
window_lstm_hybrid_fixed_s1,02464000,0.7828581460144931
window_lstm_hybrid_fixed_s1,02464360,0.627900002534419
window_lstm_hybrid_fixed_s1,02465493,0.5587940036502149
window_lstm_hybrid_fixed_s1,02469800,0.7666179750385579
window_lstm_hybrid_fixed_s1,02472000,0.7528166559036644
window_lstm_hybrid_fixed_s1,02472500,0.6981426261486159
window_lstm_hybrid_fixed_s1,02479155,0.4591589403638906
window_lstm_hybrid_fixed_s1,02479300,0.6549509770190933
window_lstm_hybrid_fixed_s1,02479560,0.7982131275216969
window_lstm_hybrid_fixed_s1,02481000,0.5955792846393456
window_lstm_hybrid_fixed_s1,02481510,0.6865783195612614
window_lstm_hybrid_fixed_s1,04015330,0.6969152013727434
window_lstm_hybrid_fixed_s1,04024430,0.7055922849084109
window_lstm_hybrid_fixed_s1,04027000,0.7906412719265288
window_lstm_hybrid_fixed_s1,04040500,0.7869629811351547
window_lstm_hybrid_fixed_s1,04043050,0.7307922560858773
window_lstm_hybrid_fixed_s1,04045500,0.8684693915903394
window_lstm_hybrid_fixed_s1,04057510,0.724925222185798
window_lstm_hybrid_fixed_s1,04057800,0.7254303701047178
window_lstm_hybrid_fixed_s1,04059500,0.8019273289085806
window_lstm_hybrid_fixed_s1,04063700,0.7232511287456471
window_lstm_hybrid_fixed_s1,04074950,0.7955392086903569
window_lstm_hybrid_fixed_s1,04105700,0.7392599623550058
window_lstm_hybrid_fixed_s1,04115265,-0.776977498699414
window_lstm_hybrid_fixed_s1,04122200,0.7664911462635496
window_lstm_hybrid_fixed_s1,04122500,0.7593676846139825
window_lstm_hybrid_fixed_s1,04127918,0.6663918352963656
window_lstm_hybrid_fixed_s1,04127997,0.7417698264411727
window_lstm_hybrid_fixed_s1,04161580,0.5776593399778931
window_lstm_hybrid_fixed_s1,04185000,0.772555403919235
window_lstm_hybrid_fixed_s1,04196800,0.7343739324683685
window_lstm_hybrid_fixed_s1,04197100,0.6826356991121341
window_lstm_hybrid_fixed_s1,04197170,0.5460926139432731
window_lstm_hybrid_fixed_s1,04213000,0.6450215557970038
window_lstm_hybrid_fixed_s1,04213075,-0.0597966120254132
window_lstm_hybrid_fixed_s1,04216418,0.5801613581335978
window_lstm_hybrid_fixed_s1,04221000,0.7256776692436557
window_lstm_hybrid_fixed_s1,04224775,0.5998198352274811
window_lstm_hybrid_fixed_s1,04233000,0.5805563660822745
window_lstm_hybrid_fixed_s1,04256000,0.734103314739686
window_lstm_hybrid_fixed_s1,03010655,0.7182694729380956
window_lstm_hybrid_fixed_s1,03011800,0.6692678258845886
window_lstm_hybrid_fixed_s1,03015500,0.7485004056595086
window_lstm_hybrid_fixed_s1,03021350,0.6359268658840317
window_lstm_hybrid_fixed_s1,03026500,0.580909975270181
window_lstm_hybrid_fixed_s1,03028000,0.6655375386095341
window_lstm_hybrid_fixed_s1,03049000,0.5711328509522922
window_lstm_hybrid_fixed_s1,03049800,0.18170648197061756
window_lstm_hybrid_fixed_s1,03050000,0.37156247559417954
window_lstm_hybrid_fixed_s1,03069500,0.8236977309913048
window_lstm_hybrid_fixed_s1,03070500,0.7624680910133546
window_lstm_hybrid_fixed_s1,03076600,0.6755628558550677
window_lstm_hybrid_fixed_s1,03078000,0.7141218216240768
window_lstm_hybrid_fixed_s1,03140000,0.5931384053692481
window_lstm_hybrid_fixed_s1,03144000,0.6623103763868412
window_lstm_hybrid_fixed_s1,03170000,0.7745347244493909
window_lstm_hybrid_fixed_s1,03173000,0.7361373186331635
window_lstm_hybrid_fixed_s1,03180500,0.808848139708378
window_lstm_hybrid_fixed_s1,03182500,0.8273988518214508
window_lstm_hybrid_fixed_s1,03186500,0.7239990132029432
window_lstm_hybrid_fixed_s1,03237280,0.25879432917522593
window_lstm_hybrid_fixed_s1,03237500,0.7527148861828925
window_lstm_hybrid_fixed_s1,03238500,0.6297118024080169
window_lstm_hybrid_fixed_s1,03241500,0.6871207552157437
window_lstm_hybrid_fixed_s1,03280700,0.5463890697528394
window_lstm_hybrid_fixed_s1,03281500,0.8162448939940135
window_lstm_hybrid_fixed_s1,03285000,0.7668619446118136
window_lstm_hybrid_fixed_s1,03291780,0.6146708417083708
window_lstm_hybrid_fixed_s1,03338780,0.6102753029353594
window_lstm_hybrid_fixed_s1,03340800,0.5947737353858011
window_lstm_hybrid_fixed_s1,03346000,0.8070546235273207
window_lstm_hybrid_fixed_s1,03364500,0.6509239745996764
window_lstm_hybrid_fixed_s1,03366500,0.7552041362005424
window_lstm_hybrid_fixed_s1,03368000,0.5111086471894342
window_lstm_hybrid_fixed_s1,03384450,0.6556039355174712
window_lstm_hybrid_fixed_s1,03439000,0.7754232728597911
window_lstm_hybrid_fixed_s1,03455500,0.45281595645579853
window_lstm_hybrid_fixed_s1,03456500,0.6012125162396114
window_lstm_hybrid_fixed_s1,03460000,0.7049872319933206
window_lstm_hybrid_fixed_s1,03463300,0.4969998883080956
window_lstm_hybrid_fixed_s1,03471500,0.6195899579728478
window_lstm_hybrid_fixed_s1,03473000,0.7322982987781828
window_lstm_hybrid_fixed_s1,03479000,0.629754171795547
window_lstm_hybrid_fixed_s1,03488000,0.7286588981902151
window_lstm_hybrid_fixed_s1,03498500,0.7593579356274307
window_lstm_hybrid_fixed_s1,03500000,0.8069341204670882
window_lstm_hybrid_fixed_s1,03500240,0.8162194935890952
window_lstm_hybrid_fixed_s1,03504000,0.7251822226072229
window_lstm_hybrid_fixed_s1,03574500,0.7595543584617005
window_lstm_hybrid_fixed_s1,03592718,0.6625191585664624
window_lstm_hybrid_fixed_s1,03604000,0.6164389220749422
window_lstm_hybrid_fixed_s1,05291000,0.37093936745267053
window_lstm_hybrid_fixed_s1,05362000,0.7805173111012806
window_lstm_hybrid_fixed_s1,05393500,0.7772965497260516
window_lstm_hybrid_fixed_s1,05399500,0.5812835654763682
window_lstm_hybrid_fixed_s1,05408000,0.6867312612750675
window_lstm_hybrid_fixed_s1,05413500,0.6223259242545942
window_lstm_hybrid_fixed_s1,05414000,0.4677476919035678
window_lstm_hybrid_fixed_s1,05444000,0.13037569051863596
window_lstm_hybrid_fixed_s1,05454000,0.26515148846990066
window_lstm_hybrid_fixed_s1,05458000,0.6508048571921633
window_lstm_hybrid_fixed_s1,05466500,0.695307868918629
window_lstm_hybrid_fixed_s1,05487980,0.6893193835189915
window_lstm_hybrid_fixed_s1,05488200,0.38954271276204844
window_lstm_hybrid_fixed_s1,05489000,0.5449199869939658
window_lstm_hybrid_fixed_s1,05495000,0.7273754820501468
window_lstm_hybrid_fixed_s1,05495500,0.7341839711096023
window_lstm_hybrid_fixed_s1,05501000,0.742587686598374
window_lstm_hybrid_fixed_s1,05503800,0.6669250246405489
window_lstm_hybrid_fixed_s1,05507600,0.6822259698345639
window_lstm_hybrid_fixed_s1,05508805,0.7223804239556794
window_lstm_hybrid_fixed_s1,05525500,0.7307631314365177
window_lstm_hybrid_fixed_s1,05556500,0.657378591159123
window_lstm_hybrid_fixed_s1,05584500,0.7470282451095507
window_lstm_hybrid_fixed_s1,05591550,0.6098061234673815
window_lstm_hybrid_fixed_s1,05592050,0.7091645687330884
window_lstm_hybrid_fixed_s1,05592575,0.5095646647215678
window_lstm_hybrid_fixed_s1,05593575,0.7059888532856681
window_lstm_hybrid_fixed_s1,05593900,0.6345101137104008
window_lstm_hybrid_fixed_s1,05595730,0.6842295865334215
window_lstm_hybrid_fixed_s1,07291000,0.3942162918101735
window_lstm_hybrid_fixed_s1,07359610,0.4427027275674086
window_lstm_hybrid_fixed_s1,07362100,0.7567736770614959
window_lstm_hybrid_fixed_s1,07362587,0.2848308717172996
window_lstm_hybrid_fixed_s1,07375000,0.28478431382422775
window_lstm_hybrid_fixed_s1,08013000,0.672731564616744
window_lstm_hybrid_fixed_s1,08014500,0.6814189090747704
window_lstm_hybrid_fixed_s1,05057200,0.12989222143076173
window_lstm_hybrid_fixed_s1,05120500,0.3254986384062326
window_lstm_hybrid_fixed_s1,06221400,0.6525945330740645
window_lstm_hybrid_fixed_s1,06224000,0.8099748304051558
window_lstm_hybrid_fixed_s1,06278300,0.730571212326955
window_lstm_hybrid_fixed_s1,06280300,0.8098484673841481
window_lstm_hybrid_fixed_s1,06289000,0.7483358741702117
window_lstm_hybrid_fixed_s1,06291500,0.6033216488980663
window_lstm_hybrid_fixed_s1,06311000,0.7090617148670479
window_lstm_hybrid_fixed_s1,06332515,0.07882665584232229
window_lstm_hybrid_fixed_s1,06339100,0.3042538693911546
window_lstm_hybrid_fixed_s1,06344600,0.33908348376798025
window_lstm_hybrid_fixed_s1,06350000,0.3669078737280903
window_lstm_hybrid_fixed_s1,06352000,0.3050455573089993
window_lstm_hybrid_fixed_s1,06404000,0.6324968924026058
window_lstm_hybrid_fixed_s1,06406000,0.4787541170782589
window_lstm_hybrid_fixed_s1,06409000,0.27052106167121515
window_lstm_hybrid_fixed_s1,06431500,0.08603792005098809
window_lstm_hybrid_fixed_s1,06440200,0.07576126936401828
window_lstm_hybrid_fixed_s1,06447500,0.35112444203540727
window_lstm_hybrid_fixed_s1,06470800,0.1485653921491209
window_lstm_hybrid_fixed_s1,06477500,0.4547794840476588
window_lstm_hybrid_fixed_s1,06479215,0.11016145971847258
window_lstm_hybrid_fixed_s1,06601000,0.38392886588633335
window_lstm_hybrid_fixed_s1,06614800,0.8272527806175172
window_lstm_hybrid_fixed_s1,06622700,0.844890206742588
window_lstm_hybrid_fixed_s1,06623800,0.8585842055010672
window_lstm_hybrid_fixed_s1,06632400,0.8160740671303766
window_lstm_hybrid_fixed_s1,06746095,0.7611360157276206
window_lstm_hybrid_fixed_s1,06803510,0.5752515347625764
window_lstm_hybrid_fixed_s1,06803530,0.5649424939440959
window_lstm_hybrid_fixed_s1,06814000,0.6383244586652248
window_lstm_hybrid_fixed_s1,06847900,0.09479691600447193
window_lstm_hybrid_fixed_s1,06853800,0.018526999612141215
window_lstm_hybrid_fixed_s1,06876700,0.501670711904986
window_lstm_hybrid_fixed_s1,06878000,0.5813743605995789
window_lstm_hybrid_fixed_s1,06879650,-0.3104481403850332
window_lstm_hybrid_fixed_s1,06885500,0.7810391686797196
window_lstm_hybrid_fixed_s1,06888500,0.46764942099514073
window_lstm_hybrid_fixed_s1,06889200,0.5737587318869783
window_lstm_hybrid_fixed_s1,06889500,0.7105098519771575
window_lstm_hybrid_fixed_s1,06892000,0.725340686457119
window_lstm_hybrid_fixed_s1,06903400,0.5601591557788836
window_lstm_hybrid_fixed_s1,06906800,0.4597104859240715
window_lstm_hybrid_fixed_s1,06910800,0.7388482932151104
window_lstm_hybrid_fixed_s1,06911900,0.7641980341163108
window_lstm_hybrid_fixed_s1,06917000,0.7039563000271494
window_lstm_hybrid_fixed_s1,06918460,0.2351281700396184
window_lstm_hybrid_fixed_s1,06919500,0.7349114994579456
window_lstm_hybrid_fixed_s1,06921070,0.542111110250266
window_lstm_hybrid_fixed_s1,06921200,0.6136796902959059
window_lstm_hybrid_fixed_s1,07057500,0.7453409466859846
window_lstm_hybrid_fixed_s1,07060710,0.5751566766390144
window_lstm_hybrid_fixed_s1,07066000,0.713389590427129
window_lstm_hybrid_fixed_s1,07083000,0.853581476518109
window_lstm_hybrid_fixed_s1,07142300,0.17720607215065587
window_lstm_hybrid_fixed_s1,07145700,0.5445615368688773
window_lstm_hybrid_fixed_s1,07167500,0.659982581675493
window_lstm_hybrid_fixed_s1,07180500,0.6932949187159394
window_lstm_hybrid_fixed_s1,07184000,0.6314865664389506
window_lstm_hybrid_fixed_s1,07195800,0.19070636761776139
window_lstm_hybrid_fixed_s1,07196900,0.517922802269843
window_lstm_hybrid_fixed_s1,07197000,0.7348218486623366
window_lstm_hybrid_fixed_s1,07208500,0.5385171820516597
window_lstm_hybrid_fixed_s1,07261000,0.6842195801663576
window_lstm_hybrid_fixed_s1,07263295,0.1030285095837623
window_lstm_hybrid_fixed_s1,07299670,0.1898446990477448
window_lstm_hybrid_fixed_s1,07301410,0.3054812795057976
window_lstm_hybrid_fixed_s1,07315200,0.47597337873435275
window_lstm_hybrid_fixed_s1,07315700,0.6505574144698183
window_lstm_hybrid_fixed_s1,07335700,0.3616791767604035
window_lstm_hybrid_fixed_s1,07340300,0.728726211830744
window_lstm_hybrid_fixed_s1,07346045,0.7973049543970183
window_lstm_hybrid_fixed_s1,08023080,0.6890160831464064
window_lstm_hybrid_fixed_s1,08050800,0.4538064129699104
window_lstm_hybrid_fixed_s1,08066200,0.5081524227458336
window_lstm_hybrid_fixed_s1,08066300,0.617515197218952
window_lstm_hybrid_fixed_s1,08070000,0.5570742299114719
window_lstm_hybrid_fixed_s1,08070200,0.5651128590709329
window_lstm_hybrid_fixed_s1,08082700,0.547480714868158
window_lstm_hybrid_fixed_s1,08086212,0.36351683021898573
window_lstm_hybrid_fixed_s1,08086290,0.5387773382910035
window_lstm_hybrid_fixed_s1,08101000,0.6804534681421375
window_lstm_hybrid_fixed_s1,08103900,0.27122801660869666
window_lstm_hybrid_fixed_s1,08104900,0.5249640463399814
window_lstm_hybrid_fixed_s1,08109700,0.5174455356927
window_lstm_hybrid_fixed_s1,08150800,0.14812105882927085
window_lstm_hybrid_fixed_s1,08158700,0.3121510558397582
window_lstm_hybrid_fixed_s1,08158810,0.1426948666791188
window_lstm_hybrid_fixed_s1,08164300,0.7144094656969447
window_lstm_hybrid_fixed_s1,08164600,0.6340082120228527
window_lstm_hybrid_fixed_s1,08165300,-0.30055451540978995
window_lstm_hybrid_fixed_s1,08171300,0.6942782250419337
window_lstm_hybrid_fixed_s1,08175000,0.7643282300347176
window_lstm_hybrid_fixed_s1,08176900,0.5009811340785655
window_lstm_hybrid_fixed_s1,08178880,0.2625129695511197
window_lstm_hybrid_fixed_s1,08189500,0.6166351483582759
window_lstm_hybrid_fixed_s1,08190000,0.6132392504756907
window_lstm_hybrid_fixed_s1,08190500,0.5609395607983994
window_lstm_hybrid_fixed_s1,08194200,0.2744568759258512
window_lstm_hybrid_fixed_s1,08195000,0.3964099621989413
window_lstm_hybrid_fixed_s1,08196000,0.4189145668413887
window_lstm_hybrid_fixed_s1,08198500,0.44405543200847464
window_lstm_hybrid_fixed_s1,08200000,0.36679926785970685
window_lstm_hybrid_fixed_s1,08202700,0.5482569211250059
window_lstm_hybrid_fixed_s1,08267500,0.6698554644662762
window_lstm_hybrid_fixed_s1,08269000,0.5615596603032196
window_lstm_hybrid_fixed_s1,08271000,0.7697184411925645
window_lstm_hybrid_fixed_s1,08324000,0.7199362145490553
window_lstm_hybrid_fixed_s1,08377900,0.7761316180068997
window_lstm_hybrid_fixed_s1,08378500,0.773334591129506
window_lstm_hybrid_fixed_s1,08380500,0.5040146433520483
window_lstm_hybrid_fixed_s1,09035800,0.8885148041730588
window_lstm_hybrid_fixed_s1,09035900,0.874412309993907
window_lstm_hybrid_fixed_s1,09047700,0.7417226882139274
window_lstm_hybrid_fixed_s1,09065500,0.8641438190844807
window_lstm_hybrid_fixed_s1,09066000,0.882260668631609
window_lstm_hybrid_fixed_s1,09066200,0.819199367301296
window_lstm_hybrid_fixed_s1,09066300,0.8377942424793352
window_lstm_hybrid_fixed_s1,09081600,0.8783891564479056
window_lstm_hybrid_fixed_s1,09107000,0.5331756778747141
window_lstm_hybrid_fixed_s1,09210500,0.795975373120046
window_lstm_hybrid_fixed_s1,09223000,0.8351489224782747
window_lstm_hybrid_fixed_s1,09306242,0.12034930271487776
window_lstm_hybrid_fixed_s1,09312600,0.7399609139560963
window_lstm_hybrid_fixed_s1,09352900,0.8113620531135849
window_lstm_hybrid_fixed_s1,09378170,0.49492522347413026
window_lstm_hybrid_fixed_s1,09386900,0.30715725185708553
window_lstm_hybrid_fixed_s1,09404450,0.8047985158568476
window_lstm_hybrid_fixed_s1,09430600,0.2526865667435656
window_lstm_hybrid_fixed_s1,09447800,-1.3349834745436477
window_lstm_hybrid_fixed_s1,09484600,0.03927315946123966
window_lstm_hybrid_fixed_s1,09492400,0.6073374365905498
window_lstm_hybrid_fixed_s1,09494000,0.5853204706794337
window_lstm_hybrid_fixed_s1,09497980,0.5736393985436127
window_lstm_hybrid_fixed_s1,09505350,0.4009233094057659
window_lstm_hybrid_fixed_s1,09505800,0.47925479970834417
window_lstm_hybrid_fixed_s1,09508300,0.5143905626980938
window_lstm_hybrid_fixed_s1,09510200,0.6868906488693787
window_lstm_hybrid_fixed_s1,09512280,0.489334584913375
window_lstm_hybrid_fixed_s1,09513780,0.3947864477097005
window_lstm_hybrid_fixed_s1,10234500,0.7798380650553451
window_lstm_hybrid_fixed_s1,10244950,0.5769156056119118
window_lstm_hybrid_fixed_s1,10336645,0.7955966901972112
window_lstm_hybrid_fixed_s1,10336660,0.7137998672667445
window_lstm_hybrid_fixed_s1,10343500,0.6498218885273437
window_lstm_hybrid_fixed_s1,12010000,0.829131814855714
window_lstm_hybrid_fixed_s1,12013500,0.8493179542821934
window_lstm_hybrid_fixed_s1,12020000,0.6316353606339744
window_lstm_hybrid_fixed_s1,12025700,0.7714716917093905
window_lstm_hybrid_fixed_s1,12035000,0.8587782998077979
window_lstm_hybrid_fixed_s1,12040500,0.7785291515052944
window_lstm_hybrid_fixed_s1,12041200,0.6748662994476782
window_lstm_hybrid_fixed_s1,12048000,0.5172548445504681
window_lstm_hybrid_fixed_s1,12054000,0.6513410597080136
window_lstm_hybrid_fixed_s1,12056500,0.6181330088591086
window_lstm_hybrid_fixed_s1,12073500,0.793344496400361
window_lstm_hybrid_fixed_s1,12082500,0.7451240109813055
window_lstm_hybrid_fixed_s1,12092000,0.6804876746516828
window_lstm_hybrid_fixed_s1,12114500,0.7079939280771494
window_lstm_hybrid_fixed_s1,12115000,0.7419305388060878
window_lstm_hybrid_fixed_s1,12117000,0.8097202027573676
window_lstm_hybrid_fixed_s1,12143600,0.7074719386927912
window_lstm_hybrid_fixed_s1,12144000,0.6299915949435467
window_lstm_hybrid_fixed_s1,12145500,0.8835444050902601
window_lstm_hybrid_fixed_s1,12147500,0.6975493451456356
window_lstm_hybrid_fixed_s1,12167000,0.7584766799318233
window_lstm_hybrid_fixed_s1,12175500,0.7756798714301677
window_lstm_hybrid_fixed_s1,12178100,0.7700252622904828
window_lstm_hybrid_fixed_s1,12186000,0.6396746829724244
window_lstm_hybrid_fixed_s1,12189500,0.7612519265973511
window_lstm_hybrid_fixed_s1,12375900,0.8033768480396095
window_lstm_hybrid_fixed_s1,12377150,0.8512919721993397
window_lstm_hybrid_fixed_s1,12381400,0.7568615189683163
window_lstm_hybrid_fixed_s1,12383500,0.6142855446479265
window_lstm_hybrid_fixed_s1,12390700,0.7131746387088582
window_lstm_hybrid_fixed_s1,12411000,0.7248019714113723
window_lstm_hybrid_fixed_s1,12447390,0.7591441886734824
window_lstm_hybrid_fixed_s1,12451000,0.8246745096306807
window_lstm_hybrid_fixed_s1,12488500,0.6934715264652773
window_lstm_hybrid_fixed_s1,13011500,0.753249803486334
window_lstm_hybrid_fixed_s1,13011900,0.7949655886418442
window_lstm_hybrid_fixed_s1,13018300,0.7600155983858545
window_lstm_hybrid_fixed_s1,13023000,0.9010670435761968
window_lstm_hybrid_fixed_s1,13161500,0.8662389765228555
window_lstm_hybrid_fixed_s1,13235000,0.7787450989610234
window_lstm_hybrid_fixed_s1,13240000,0.7962820577386497
window_lstm_hybrid_fixed_s1,13313000,0.7872050037487979
window_lstm_hybrid_fixed_s1,13331500,0.8723752642651845
window_lstm_hybrid_fixed_s1,14020000,0.7500592763610524
window_lstm_hybrid_fixed_s1,14096850,0.6257475830412321
window_lstm_hybrid_fixed_s1,14137000,0.7586532674810444
window_lstm_hybrid_fixed_s1,14138800,0.7379440295069086
window_lstm_hybrid_fixed_s1,14138870,0.745470426905344
window_lstm_hybrid_fixed_s1,14138900,0.7640921049821975
window_lstm_hybrid_fixed_s1,14139800,0.8032863910292198
window_lstm_hybrid_fixed_s1,14141500,0.7625236287850794
window_lstm_hybrid_fixed_s1,14154500,0.8293392608515667
window_lstm_hybrid_fixed_s1,14158790,0.7139610292393137
window_lstm_hybrid_fixed_s1,14166500,0.8486408494128153
window_lstm_hybrid_fixed_s1,14182500,0.7824972088514708
window_lstm_hybrid_fixed_s1,14185000,0.8547243693118053
window_lstm_hybrid_fixed_s1,14185900,0.7941380431689957
window_lstm_hybrid_fixed_s1,14187000,0.19249413645973268
window_lstm_hybrid_fixed_s1,14216500,0.720997779692955
window_lstm_hybrid_fixed_s1,14222500,0.870990815148426
window_lstm_hybrid_fixed_s1,14236200,0.8474777696724556
window_lstm_hybrid_fixed_s1,14301000,0.8916888884228853
window_lstm_hybrid_fixed_s1,14303200,0.8314764149236058
window_lstm_hybrid_fixed_s1,14305500,0.8677269019767511
window_lstm_hybrid_fixed_s1,14306340,0.6398169347733063
window_lstm_hybrid_fixed_s1,14306500,0.8078986460358587
window_lstm_hybrid_fixed_s1,14308990,0.21769416564674293
window_lstm_hybrid_fixed_s1,14309500,0.6830259377740096
window_lstm_hybrid_fixed_s1,14316700,0.7896239597166952
window_lstm_hybrid_fixed_s1,14325000,0.7437529703243845
window_lstm_hybrid_fixed_s1,14362250,0.43406440927868084
window_lstm_hybrid_fixed_s1,14400000,0.8428641874198454
window_lstm_hybrid_fixed_s1,10259000,0.5714258341769578
window_lstm_hybrid_fixed_s1,11124500,0.6962390153289375
window_lstm_hybrid_fixed_s1,11141280,0.6794901569559104
window_lstm_hybrid_fixed_s1,11143000,0.7470632207657042
window_lstm_hybrid_fixed_s1,11148900,0.7319619478208952
window_lstm_hybrid_fixed_s1,11151300,0.6093294379031378
window_lstm_hybrid_fixed_s1,11176400,0.32525856011723664
window_lstm_hybrid_fixed_s1,11230500,0.7323499046268966
window_lstm_hybrid_fixed_s1,11237500,0.6574710081576411
window_lstm_hybrid_fixed_s1,11264500,0.8565387735540532
window_lstm_hybrid_fixed_s1,11266500,0.8567352006976178
window_lstm_hybrid_fixed_s1,11284400,0.5641023547598041
window_lstm_hybrid_fixed_s1,11381500,0.7508499490117322
window_lstm_hybrid_fixed_s1,11451100,0.5830578247196272
window_lstm_hybrid_fixed_s1,11468500,0.7858328625455041
window_lstm_hybrid_fixed_s1,11473900,0.7167839315561639
window_lstm_hybrid_fixed_s1,11475560,0.6636209446881671
window_lstm_hybrid_fixed_s1,11476600,0.692611269206691
window_lstm_hybrid_fixed_s1,11478500,0.7133194353300963
window_lstm_hybrid_fixed_s1,11480390,0.7096169937907884
window_lstm_hybrid_fixed_s1,11481200,0.7423278014371955
window_lstm_hybrid_fixed_s1,11482500,0.7661573608147982
window_lstm_hybrid_fixed_s1,11522500,0.7467226296493141
window_lstm_hybrid_fixed_s1,11523200,0.717487479855337
window_lstm_hybrid_fixed_s1,11528700,0.7204139148940052
window_lstm_hybrid_fixed_s1,11532500,0.8553663604035509
window_lstm_hybrid_daily_s1,01022500,0.8573140985771632
window_lstm_hybrid_daily_s1,01031500,0.870913212600458
window_lstm_hybrid_daily_s1,01047000,0.8451083085588575
window_lstm_hybrid_daily_s1,01052500,0.8005335766573114
window_lstm_hybrid_daily_s1,01054200,0.608504937806897
window_lstm_hybrid_daily_s1,01055000,0.6505313296187181
window_lstm_hybrid_daily_s1,01057000,0.8452721091569478
window_lstm_hybrid_daily_s1,01073000,0.8576824446300567
window_lstm_hybrid_daily_s1,01078000,0.8651330075228071
window_lstm_hybrid_daily_s1,01123000,0.8203147049550079
window_lstm_hybrid_daily_s1,01134500,0.814551231549574
window_lstm_hybrid_daily_s1,01137500,0.7237785735771467
window_lstm_hybrid_daily_s1,01139000,0.8178033618174347
window_lstm_hybrid_daily_s1,01139800,0.6979532309632992
window_lstm_hybrid_daily_s1,01142500,0.8094512647047326
window_lstm_hybrid_daily_s1,01144000,0.8492113005569852
window_lstm_hybrid_daily_s1,01162500,0.8183836098062554
window_lstm_hybrid_daily_s1,01169000,0.7123224185933239
window_lstm_hybrid_daily_s1,01170100,0.6928143172518904
window_lstm_hybrid_daily_s1,01181000,0.7159914854708109
window_lstm_hybrid_daily_s1,01187300,0.7127652273597376
window_lstm_hybrid_daily_s1,01195100,0.6874494403560524
window_lstm_hybrid_daily_s1,04296000,0.8108900755916515
window_lstm_hybrid_daily_s1,01333000,0.7085875708701247
window_lstm_hybrid_daily_s1,01350000,0.6725310861373219
window_lstm_hybrid_daily_s1,01350080,0.4680349581468767
window_lstm_hybrid_daily_s1,01350140,0.6171468958475506
window_lstm_hybrid_daily_s1,01365000,0.6935049446885483
window_lstm_hybrid_daily_s1,01411300,0.6944725759561234
window_lstm_hybrid_daily_s1,01413500,0.6833126233765023
window_lstm_hybrid_daily_s1,01414500,0.5864845384174484
window_lstm_hybrid_daily_s1,01415000,0.6025167431407459
window_lstm_hybrid_daily_s1,01423000,0.7511516270789214
window_lstm_hybrid_daily_s1,01434025,0.5836884697271583
window_lstm_hybrid_daily_s1,01435000,0.6695554212295786
window_lstm_hybrid_daily_s1,01439500,0.8097885429635159
window_lstm_hybrid_daily_s1,01440000,0.8156596383471127
window_lstm_hybrid_daily_s1,01440400,0.7360313723380841
window_lstm_hybrid_daily_s1,01451800,0.7485041558041675
window_lstm_hybrid_daily_s1,01466500,0.5027094325292104
window_lstm_hybrid_daily_s1,01484100,0.6319133315595546
window_lstm_hybrid_daily_s1,01487000,0.7287018510523802
window_lstm_hybrid_daily_s1,01491000,0.7443907533256893
window_lstm_hybrid_daily_s1,01510000,0.7877049674763064
window_lstm_hybrid_daily_s1,01516500,0.4558402613683086
window_lstm_hybrid_daily_s1,01518862,0.6091692882418429
window_lstm_hybrid_daily_s1,01532000,0.534115258536983
window_lstm_hybrid_daily_s1,01539000,0.8341998855373188
window_lstm_hybrid_daily_s1,01542810,0.7206186101287391
window_lstm_hybrid_daily_s1,01543000,0.8098722780774509
window_lstm_hybrid_daily_s1,01543500,0.84681006498091
window_lstm_hybrid_daily_s1,01544500,0.7977925500328769
window_lstm_hybrid_daily_s1,01545600,0.7790708993393115
window_lstm_hybrid_daily_s1,01547700,0.6291498587961377
window_lstm_hybrid_daily_s1,01548500,0.8345500516937254
window_lstm_hybrid_daily_s1,01549500,0.6566830075045986
window_lstm_hybrid_daily_s1,01550000,0.6934323677741125
window_lstm_hybrid_daily_s1,01552000,0.770100802795778
window_lstm_hybrid_daily_s1,01552500,0.7139308716085111
window_lstm_hybrid_daily_s1,01557500,0.701263196058659
window_lstm_hybrid_daily_s1,01567500,0.4834476370217321
window_lstm_hybrid_daily_s1,01568000,0.7451640855987222
window_lstm_hybrid_daily_s1,01580000,0.7703726011648648
window_lstm_hybrid_daily_s1,01583500,0.7072141328893535
window_lstm_hybrid_daily_s1,01586610,0.7188786718361841
window_lstm_hybrid_daily_s1,01591400,0.702769243937474
window_lstm_hybrid_daily_s1,01594950,0.43340624401322436
window_lstm_hybrid_daily_s1,01596500,0.7706882227153327
window_lstm_hybrid_daily_s1,01605500,0.755505655106686
window_lstm_hybrid_daily_s1,01606500,0.7071824241935251
window_lstm_hybrid_daily_s1,01632000,0.4344423858244332
window_lstm_hybrid_daily_s1,01632900,0.16014695232173115
window_lstm_hybrid_daily_s1,01634500,0.21786899856979702
window_lstm_hybrid_daily_s1,01638480,0.6793781013387086
window_lstm_hybrid_daily_s1,01639500,0.7454648458836948
window_lstm_hybrid_daily_s1,01644000,0.7563145533924465
window_lstm_hybrid_daily_s1,01664000,0.6688134712075241
window_lstm_hybrid_daily_s1,01666500,0.6456317595389307
window_lstm_hybrid_daily_s1,01667500,0.8465992728108654
window_lstm_hybrid_daily_s1,01669000,0.7843758365719169
window_lstm_hybrid_daily_s1,01669520,0.6756046666657165
window_lstm_hybrid_daily_s1,02011400,0.8182417291443296
window_lstm_hybrid_daily_s1,02013000,0.7180364008358651
window_lstm_hybrid_daily_s1,02014000,0.7585327237614863
window_lstm_hybrid_daily_s1,02015700,0.7732142339368997
window_lstm_hybrid_daily_s1,02016000,0.8580673479041115
window_lstm_hybrid_daily_s1,02017500,0.8040037003759568
window_lstm_hybrid_daily_s1,02018000,0.8443621736109888
window_lstm_hybrid_daily_s1,02027000,0.5934178347668693
window_lstm_hybrid_daily_s1,02027500,0.43538475344942695
window_lstm_hybrid_daily_s1,02028500,0.5845163905618764
window_lstm_hybrid_daily_s1,02038850,0.4505196405601791
window_lstm_hybrid_daily_s1,02046000,0.62100771344298
window_lstm_hybrid_daily_s1,02051500,0.7357469490186432
window_lstm_hybrid_daily_s1,02053200,0.8695151458250747
window_lstm_hybrid_daily_s1,02053800,0.6728899303854579
window_lstm_hybrid_daily_s1,02055100,0.5826147486653153
window_lstm_hybrid_daily_s1,02056900,0.7184807785410041
window_lstm_hybrid_daily_s1,02059500,0.6103243329300493
window_lstm_hybrid_daily_s1,02064000,0.5233543575477402
window_lstm_hybrid_daily_s1,02065500,0.683993176676887
window_lstm_hybrid_daily_s1,02069700,0.6351640655166055
window_lstm_hybrid_daily_s1,02070000,0.4599322877192594
window_lstm_hybrid_daily_s1,02074500,0.6368926378980662
window_lstm_hybrid_daily_s1,02077200,0.5298500326003155
window_lstm_hybrid_daily_s1,02081500,0.7767263660035711
window_lstm_hybrid_daily_s1,02082950,0.5701750547342809
window_lstm_hybrid_daily_s1,02092500,0.7213967305098328
window_lstm_hybrid_daily_s1,02096846,0.5012005826266616
window_lstm_hybrid_daily_s1,02102908,0.4514197869015629
window_lstm_hybrid_daily_s1,02108000,0.7592330388896826
window_lstm_hybrid_daily_s1,02111180,0.5770849831813731
window_lstm_hybrid_daily_s1,02111500,0.6547640660376653
window_lstm_hybrid_daily_s1,02112120,0.6847249768719194
window_lstm_hybrid_daily_s1,02112360,0.5990317213331549
window_lstm_hybrid_daily_s1,02118500,0.7514272032918178
window_lstm_hybrid_daily_s1,02125000,0.7094548738786625
window_lstm_hybrid_daily_s1,02128000,0.5289226156562898
window_lstm_hybrid_daily_s1,02137727,0.7213410385456027
window_lstm_hybrid_daily_s1,02140991,0.733648512026724
window_lstm_hybrid_daily_s1,02143000,0.7078456676356814
window_lstm_hybrid_daily_s1,02143040,0.7508724520493548
window_lstm_hybrid_daily_s1,02149000,0.7505592179737579
window_lstm_hybrid_daily_s1,02152100,0.7633614411688059
window_lstm_hybrid_daily_s1,02177000,0.8890149599289636
window_lstm_hybrid_daily_s1,02178400,0.8133479657149
window_lstm_hybrid_daily_s1,02193340,0.5356881254187174
window_lstm_hybrid_daily_s1,02196000,0.7281519256873432
window_lstm_hybrid_daily_s1,02198100,0.5661822168861954
window_lstm_hybrid_daily_s1,02202600,0.6592957346655055
window_lstm_hybrid_daily_s1,02212600,0.7655166381649675
window_lstm_hybrid_daily_s1,02215100,0.6631366915995053
window_lstm_hybrid_daily_s1,02216180,0.7692606996580802
window_lstm_hybrid_daily_s1,02221525,0.8095426916623563
window_lstm_hybrid_daily_s1,02231000,0.8420959586862922
window_lstm_hybrid_daily_s1,02245500,0.6777784136437972
window_lstm_hybrid_daily_s1,02246000,0.7273797950016234
window_lstm_hybrid_daily_s1,02296500,0.7625888118822935
window_lstm_hybrid_daily_s1,02297155,0.3778105668142011
window_lstm_hybrid_daily_s1,02297310,0.6868512461385142
window_lstm_hybrid_daily_s1,02298123,0.6967017995079163
window_lstm_hybrid_daily_s1,02298608,0.6472999368305704
window_lstm_hybrid_daily_s1,02299950,0.649170868483947
window_lstm_hybrid_daily_s1,02300700,0.5120684436331213
window_lstm_hybrid_daily_s1,02342933,0.680577958891958
window_lstm_hybrid_daily_s1,02349900,0.6735952919508468
window_lstm_hybrid_daily_s1,02350900,0.7735488486438937
window_lstm_hybrid_daily_s1,02361000,0.8584164913420425
window_lstm_hybrid_daily_s1,02363000,0.7070390440169139
window_lstm_hybrid_daily_s1,02369800,0.7673024501440779
window_lstm_hybrid_daily_s1,02371500,0.7417403583848898
window_lstm_hybrid_daily_s1,02372250,0.7720923957770951
window_lstm_hybrid_daily_s1,02374500,0.6533758699347041
window_lstm_hybrid_daily_s1,02381600,0.4780600606494415
window_lstm_hybrid_daily_s1,02384540,0.5027460569518449
window_lstm_hybrid_daily_s1,02395120,0.6451946633633621
window_lstm_hybrid_daily_s1,02415000,0.7410973799716991
window_lstm_hybrid_daily_s1,02427250,0.6440899069804502
window_lstm_hybrid_daily_s1,02430085,0.5224334493541549
window_lstm_hybrid_daily_s1,02450250,0.8053961546415717
window_lstm_hybrid_daily_s1,02464000,0.7835059564847047
window_lstm_hybrid_daily_s1,02464360,0.5360153512008452
window_lstm_hybrid_daily_s1,02465493,0.5867987160233823
window_lstm_hybrid_daily_s1,02469800,0.7504373650743639
window_lstm_hybrid_daily_s1,02472000,0.8748763703140693
window_lstm_hybrid_daily_s1,02472500,0.8275044404238651
window_lstm_hybrid_daily_s1,02479155,0.7379621345404022
window_lstm_hybrid_daily_s1,02479300,0.7289003616312166
window_lstm_hybrid_daily_s1,02479560,0.8158370302872863
window_lstm_hybrid_daily_s1,02481000,0.7138400598961803
window_lstm_hybrid_daily_s1,02481510,0.7768403069459735
window_lstm_hybrid_daily_s1,04015330,0.7083539331707998
window_lstm_hybrid_daily_s1,04024430,0.6791696026501277
window_lstm_hybrid_daily_s1,04027000,0.8445040725553652
window_lstm_hybrid_daily_s1,04040500,0.8801417859081786
window_lstm_hybrid_daily_s1,04043050,0.7922327833369696
window_lstm_hybrid_daily_s1,04045500,0.8853487795370808
window_lstm_hybrid_daily_s1,04057510,0.7565329669968966
window_lstm_hybrid_daily_s1,04057800,0.8519844655480541
window_lstm_hybrid_daily_s1,04059500,0.817750088398733
window_lstm_hybrid_daily_s1,04063700,0.7830400924659782
window_lstm_hybrid_daily_s1,04074950,0.8081399604037767
window_lstm_hybrid_daily_s1,04105700,0.7210066516239926
window_lstm_hybrid_daily_s1,04115265,-0.607483326075295
window_lstm_hybrid_daily_s1,04122200,0.7812649372478361
window_lstm_hybrid_daily_s1,04122500,0.7716243117998111
window_lstm_hybrid_daily_s1,04127918,0.479120196327124
window_lstm_hybrid_daily_s1,04127997,0.69238823464052
window_lstm_hybrid_daily_s1,04161580,0.6154238009592652
window_lstm_hybrid_daily_s1,04185000,0.8227147340077143
window_lstm_hybrid_daily_s1,04196800,0.7865436718597232
window_lstm_hybrid_daily_s1,04197100,0.7325935515525986
window_lstm_hybrid_daily_s1,04197170,0.5977048303542969
window_lstm_hybrid_daily_s1,04213000,0.679014732989833
window_lstm_hybrid_daily_s1,04213075,0.315256939112074
window_lstm_hybrid_daily_s1,04216418,0.6513237311586959
window_lstm_hybrid_daily_s1,04221000,0.7878703944459827
window_lstm_hybrid_daily_s1,04224775,0.6164048929806665
window_lstm_hybrid_daily_s1,04233000,0.588142931459853
window_lstm_hybrid_daily_s1,04256000,0.7941477026394266
window_lstm_hybrid_daily_s1,03010655,0.7869523881628123
window_lstm_hybrid_daily_s1,03011800,0.7979057161871759
window_lstm_hybrid_daily_s1,03015500,0.7807797066984052
window_lstm_hybrid_daily_s1,03021350,0.6664798381100563
window_lstm_hybrid_daily_s1,03026500,0.717159631843987
window_lstm_hybrid_daily_s1,03028000,0.7466690559618375
window_lstm_hybrid_daily_s1,03049000,0.6525326725953879
window_lstm_hybrid_daily_s1,03049800,0.2551794979184563
window_lstm_hybrid_daily_s1,03050000,0.12124125520109075
window_lstm_hybrid_daily_s1,03069500,0.8556726464236
window_lstm_hybrid_daily_s1,03070500,0.794469140567019
window_lstm_hybrid_daily_s1,03076600,0.648569437531821
window_lstm_hybrid_daily_s1,03078000,0.7303036898073088
window_lstm_hybrid_daily_s1,03140000,0.6857505049966314
window_lstm_hybrid_daily_s1,03144000,0.7633715937821919
window_lstm_hybrid_daily_s1,03170000,0.7188572702174068
window_lstm_hybrid_daily_s1,03173000,0.7840605771113498
window_lstm_hybrid_daily_s1,03180500,0.8279660806860881
window_lstm_hybrid_daily_s1,03182500,0.8590226445090436
window_lstm_hybrid_daily_s1,03186500,0.7525418250816521
window_lstm_hybrid_daily_s1,03237280,0.33472322815342415
window_lstm_hybrid_daily_s1,03237500,0.7222750621757519
window_lstm_hybrid_daily_s1,03238500,0.7351200703707026
window_lstm_hybrid_daily_s1,03241500,0.7893875399387459
window_lstm_hybrid_daily_s1,03280700,0.6664255698691455
window_lstm_hybrid_daily_s1,03281500,0.8690253463663087
window_lstm_hybrid_daily_s1,03285000,0.8067031503772356
window_lstm_hybrid_daily_s1,03291780,0.6150422360365355
window_lstm_hybrid_daily_s1,03338780,0.5529730800230686
window_lstm_hybrid_daily_s1,03340800,0.734488578106832
window_lstm_hybrid_daily_s1,03346000,0.8251566031666088
window_lstm_hybrid_daily_s1,03364500,0.6969744124200741
window_lstm_hybrid_daily_s1,03366500,0.8282974303427122
window_lstm_hybrid_daily_s1,03368000,0.5620978841408194
window_lstm_hybrid_daily_s1,03384450,0.6763928456638165
window_lstm_hybrid_daily_s1,03439000,0.8113229514817815
window_lstm_hybrid_daily_s1,03455500,0.6476799411175653
window_lstm_hybrid_daily_s1,03456500,0.7040992638639563
window_lstm_hybrid_daily_s1,03460000,0.7444131128328735
window_lstm_hybrid_daily_s1,03463300,0.6559248206323718
window_lstm_hybrid_daily_s1,03471500,0.5404753249154218
window_lstm_hybrid_daily_s1,03473000,0.7234659177734319
window_lstm_hybrid_daily_s1,03479000,0.798744062622738
window_lstm_hybrid_daily_s1,03488000,0.8014200825391538
window_lstm_hybrid_daily_s1,03498500,0.7890322025616051
window_lstm_hybrid_daily_s1,03500000,0.8744171679665954
window_lstm_hybrid_daily_s1,03500240,0.8434237433921737
window_lstm_hybrid_daily_s1,03504000,0.7924915151575798
window_lstm_hybrid_daily_s1,03574500,0.7838853564040573
window_lstm_hybrid_daily_s1,03592718,0.6650600527940804
window_lstm_hybrid_daily_s1,03604000,0.6811835140348105
window_lstm_hybrid_daily_s1,05291000,0.5854241819645601
window_lstm_hybrid_daily_s1,05362000,0.8081447113382711
window_lstm_hybrid_daily_s1,05393500,0.8363308809160471
window_lstm_hybrid_daily_s1,05399500,0.6983899740109635
window_lstm_hybrid_daily_s1,05408000,0.8077486186925003
window_lstm_hybrid_daily_s1,05413500,0.6483008812485527
window_lstm_hybrid_daily_s1,05414000,0.3930872062378207
window_lstm_hybrid_daily_s1,05444000,0.5226578926580367
window_lstm_hybrid_daily_s1,05454000,0.4137019108554746
window_lstm_hybrid_daily_s1,05458000,0.7405378598296057
window_lstm_hybrid_daily_s1,05466500,0.72454336611915
window_lstm_hybrid_daily_s1,05487980,0.7243411179870197
window_lstm_hybrid_daily_s1,05488200,0.5977078020094322
window_lstm_hybrid_daily_s1,05489000,0.7166807885958544
window_lstm_hybrid_daily_s1,05495000,0.7764513193774953
window_lstm_hybrid_daily_s1,05495500,0.7383943085539451
window_lstm_hybrid_daily_s1,05501000,0.7030611305620654
window_lstm_hybrid_daily_s1,05503800,0.6488361208974793
window_lstm_hybrid_daily_s1,05507600,0.7238533907862288
window_lstm_hybrid_daily_s1,05508805,0.7016966972202467
window_lstm_hybrid_daily_s1,05525500,0.788994690766714
window_lstm_hybrid_daily_s1,05556500,0.7711062809983456
window_lstm_hybrid_daily_s1,05584500,0.7467043392855
window_lstm_hybrid_daily_s1,05591550,0.6829534610888427
window_lstm_hybrid_daily_s1,05592050,0.7131573493470202
window_lstm_hybrid_daily_s1,05592575,0.377914263142075
window_lstm_hybrid_daily_s1,05593575,0.8058756542081615
window_lstm_hybrid_daily_s1,05593900,0.6747360396766469
window_lstm_hybrid_daily_s1,05595730,0.8101126762767649
window_lstm_hybrid_daily_s1,07291000,0.5570972969294727
window_lstm_hybrid_daily_s1,07359610,0.4684064546291775
window_lstm_hybrid_daily_s1,07362100,0.7721121310971343
window_lstm_hybrid_daily_s1,07362587,0.4229155902883902
window_lstm_hybrid_daily_s1,07375000,0.6486969970417076
window_lstm_hybrid_daily_s1,08013000,0.6821838665971666
window_lstm_hybrid_daily_s1,08014500,0.7274496048370159
window_lstm_hybrid_daily_s1,05057200,0.5165159483249087
window_lstm_hybrid_daily_s1,05120500,0.4094728098920415
window_lstm_hybrid_daily_s1,06221400,0.6979855207839192
window_lstm_hybrid_daily_s1,06224000,0.8061730844535254
window_lstm_hybrid_daily_s1,06278300,0.7403947414659852
window_lstm_hybrid_daily_s1,06280300,0.8835318547769722
window_lstm_hybrid_daily_s1,06289000,0.7933309449515324
window_lstm_hybrid_daily_s1,06291500,0.6819669295578266
window_lstm_hybrid_daily_s1,06311000,0.6698590121827765
window_lstm_hybrid_daily_s1,06332515,-0.11536228081722877
window_lstm_hybrid_daily_s1,06339100,0.21642108152279593
window_lstm_hybrid_daily_s1,06344600,0.12808939976834544
window_lstm_hybrid_daily_s1,06350000,0.43944482094106085
window_lstm_hybrid_daily_s1,06352000,0.5031862836502665
window_lstm_hybrid_daily_s1,06404000,0.6530569603280449
window_lstm_hybrid_daily_s1,06406000,0.2683965003885217
window_lstm_hybrid_daily_s1,06409000,0.27419335554294266
window_lstm_hybrid_daily_s1,06431500,0.003472935029278923
window_lstm_hybrid_daily_s1,06440200,0.049846542829525387
window_lstm_hybrid_daily_s1,06447500,0.38362228371768226
window_lstm_hybrid_daily_s1,06470800,0.2378722001129535
window_lstm_hybrid_daily_s1,06477500,0.40363348244691466
window_lstm_hybrid_daily_s1,06479215,0.2166292122412472
window_lstm_hybrid_daily_s1,06601000,0.05776379513155183
window_lstm_hybrid_daily_s1,06614800,0.8447977581343983
window_lstm_hybrid_daily_s1,06622700,0.8913874822386303
window_lstm_hybrid_daily_s1,06623800,0.90664214078037
window_lstm_hybrid_daily_s1,06632400,0.8859270614120077
window_lstm_hybrid_daily_s1,06746095,0.7567969105960651
window_lstm_hybrid_daily_s1,06803510,0.5913468024188752
window_lstm_hybrid_daily_s1,06803530,0.5914839349405501
window_lstm_hybrid_daily_s1,06814000,0.727424389739538
window_lstm_hybrid_daily_s1,06847900,0.18878112944012937
window_lstm_hybrid_daily_s1,06853800,0.3136761841892475
window_lstm_hybrid_daily_s1,06876700,0.5575341468532666
window_lstm_hybrid_daily_s1,06878000,0.6040509456774832
window_lstm_hybrid_daily_s1,06879650,0.34915793087296043
window_lstm_hybrid_daily_s1,06885500,0.7130197085258478
window_lstm_hybrid_daily_s1,06888500,0.6700832213903847
window_lstm_hybrid_daily_s1,06889200,0.46689234092220266
window_lstm_hybrid_daily_s1,06889500,0.6679429523448275
window_lstm_hybrid_daily_s1,06892000,0.783066841862578
window_lstm_hybrid_daily_s1,06903400,0.6264272425414396
window_lstm_hybrid_daily_s1,06906800,0.5574919963987156
window_lstm_hybrid_daily_s1,06910800,0.702917319541638
window_lstm_hybrid_daily_s1,06911900,0.7320181654035487
window_lstm_hybrid_daily_s1,06917000,0.7827893458046596
window_lstm_hybrid_daily_s1,06918460,0.42094851213032447
window_lstm_hybrid_daily_s1,06919500,0.804978097819256
window_lstm_hybrid_daily_s1,06921070,0.6386216935345015
window_lstm_hybrid_daily_s1,06921200,0.5233464135981757
window_lstm_hybrid_daily_s1,07057500,0.8234581394458631
window_lstm_hybrid_daily_s1,07060710,0.52783348118319
window_lstm_hybrid_daily_s1,07066000,0.7008273376011267
window_lstm_hybrid_daily_s1,07083000,0.893301567077818
window_lstm_hybrid_daily_s1,07142300,0.13019994690373393
window_lstm_hybrid_daily_s1,07145700,0.7277321073580785
window_lstm_hybrid_daily_s1,07167500,0.6530496789405627
window_lstm_hybrid_daily_s1,07180500,0.7244583177423389
window_lstm_hybrid_daily_s1,07184000,0.6603253885018606
window_lstm_hybrid_daily_s1,07195800,0.44014583781233385
window_lstm_hybrid_daily_s1,07196900,0.4449763893765498
window_lstm_hybrid_daily_s1,07197000,0.7845209145865006
window_lstm_hybrid_daily_s1,07208500,0.36570458707434395
window_lstm_hybrid_daily_s1,07261000,0.7729471863670182
window_lstm_hybrid_daily_s1,07263295,0.4745531309770148
window_lstm_hybrid_daily_s1,07299670,0.3728842257986461
window_lstm_hybrid_daily_s1,07301410,0.06912309402281658
window_lstm_hybrid_daily_s1,07315200,0.35566133716525206
window_lstm_hybrid_daily_s1,07315700,0.5296171668456607
window_lstm_hybrid_daily_s1,07335700,0.46461018591587244
window_lstm_hybrid_daily_s1,07340300,0.6993619302689535
window_lstm_hybrid_daily_s1,07346045,0.8741657094513191
window_lstm_hybrid_daily_s1,08023080,0.7270192578584318
window_lstm_hybrid_daily_s1,08050800,0.5989604968758095
window_lstm_hybrid_daily_s1,08066200,0.4586202189129055
window_lstm_hybrid_daily_s1,08066300,0.20428129375392245
window_lstm_hybrid_daily_s1,08070000,0.5822865996820632
window_lstm_hybrid_daily_s1,08070200,0.7068398174194042
window_lstm_hybrid_daily_s1,08082700,0.25114367958356165
window_lstm_hybrid_daily_s1,08086212,0.3807087000142356
window_lstm_hybrid_daily_s1,08086290,0.558464016342462
window_lstm_hybrid_daily_s1,08101000,0.6394524269986595
window_lstm_hybrid_daily_s1,08103900,0.41630874065293355
window_lstm_hybrid_daily_s1,08104900,0.47246051441371195
window_lstm_hybrid_daily_s1,08109700,0.6687767757379648
window_lstm_hybrid_daily_s1,08150800,-0.6020557327924023
window_lstm_hybrid_daily_s1,08158700,0.2476877473647382
window_lstm_hybrid_daily_s1,08158810,0.2999246007368088
window_lstm_hybrid_daily_s1,08164300,0.7304943480624912
window_lstm_hybrid_daily_s1,08164600,0.7351470081231868
window_lstm_hybrid_daily_s1,08165300,-4.724794704385686
window_lstm_hybrid_daily_s1,08171300,0.6222515106855153
window_lstm_hybrid_daily_s1,08175000,0.7403274892789237
window_lstm_hybrid_daily_s1,08176900,0.5048762708734236
window_lstm_hybrid_daily_s1,08178880,0.47491532576850204
window_lstm_hybrid_daily_s1,08189500,0.7795270559499047
window_lstm_hybrid_daily_s1,08190000,0.4797987985095912
window_lstm_hybrid_daily_s1,08190500,0.3847841298896614
window_lstm_hybrid_daily_s1,08194200,0.1491562157614117
window_lstm_hybrid_daily_s1,08195000,0.3771315650654504
window_lstm_hybrid_daily_s1,08196000,0.02291653992090703
window_lstm_hybrid_daily_s1,08198500,0.41794208106683894
window_lstm_hybrid_daily_s1,08200000,0.49577782552700245
window_lstm_hybrid_daily_s1,08202700,0.3824467801808672
window_lstm_hybrid_daily_s1,08267500,0.7446336939563447
window_lstm_hybrid_daily_s1,08269000,0.7116288343988043
window_lstm_hybrid_daily_s1,08271000,0.8337830115191532
window_lstm_hybrid_daily_s1,08324000,0.7388376225275499
window_lstm_hybrid_daily_s1,08377900,0.8259200069486383
window_lstm_hybrid_daily_s1,08378500,0.8349538514873974
window_lstm_hybrid_daily_s1,08380500,0.5142308087052274
window_lstm_hybrid_daily_s1,09035800,0.8979558095727795
window_lstm_hybrid_daily_s1,09035900,0.9139922015448593
window_lstm_hybrid_daily_s1,09047700,0.77634713028379
window_lstm_hybrid_daily_s1,09065500,0.8809884988586814
window_lstm_hybrid_daily_s1,09066000,0.9112084588648399
window_lstm_hybrid_daily_s1,09066200,0.8640081615262796
window_lstm_hybrid_daily_s1,09066300,0.898475361036845
window_lstm_hybrid_daily_s1,09081600,0.9171868839602075
window_lstm_hybrid_daily_s1,09107000,0.6794138531241319
window_lstm_hybrid_daily_s1,09210500,0.8146277608904695
window_lstm_hybrid_daily_s1,09223000,0.9151137470693131
window_lstm_hybrid_daily_s1,09306242,0.29777715080846434
window_lstm_hybrid_daily_s1,09312600,0.7563167735933406
window_lstm_hybrid_daily_s1,09352900,0.8482036557579042
window_lstm_hybrid_daily_s1,09378170,0.5700030750972651
window_lstm_hybrid_daily_s1,09386900,0.38428902108095375
window_lstm_hybrid_daily_s1,09404450,0.7875321820320831
window_lstm_hybrid_daily_s1,09430600,0.2819051093364755
window_lstm_hybrid_daily_s1,09447800,-1.3490475559532635
window_lstm_hybrid_daily_s1,09484600,0.09203421649237398
window_lstm_hybrid_daily_s1,09492400,0.6460617589498715
window_lstm_hybrid_daily_s1,09494000,0.6505326100345316
window_lstm_hybrid_daily_s1,09497980,0.7701730736954961
window_lstm_hybrid_daily_s1,09505350,0.262675232341833
window_lstm_hybrid_daily_s1,09505800,0.31835429404252036
window_lstm_hybrid_daily_s1,09508300,0.661457315447153
window_lstm_hybrid_daily_s1,09510200,0.7568540364119759
window_lstm_hybrid_daily_s1,09512280,0.5029705786820817
window_lstm_hybrid_daily_s1,09513780,0.49795532534341524
window_lstm_hybrid_daily_s1,10234500,0.8477454013428998
window_lstm_hybrid_daily_s1,10244950,0.7711651403692258
window_lstm_hybrid_daily_s1,10336645,0.8289551503658048
window_lstm_hybrid_daily_s1,10336660,0.8203811699421133
window_lstm_hybrid_daily_s1,10343500,0.7950194002363885
window_lstm_hybrid_daily_s1,12010000,0.8758585712213202
window_lstm_hybrid_daily_s1,12013500,0.8651040812864507
window_lstm_hybrid_daily_s1,12020000,0.611347847671301
window_lstm_hybrid_daily_s1,12025700,0.8147080115081009
window_lstm_hybrid_daily_s1,12035000,0.9047685866001268
window_lstm_hybrid_daily_s1,12040500,0.8220564605849502
window_lstm_hybrid_daily_s1,12041200,0.7401810745237289
window_lstm_hybrid_daily_s1,12048000,0.6069529712842945
window_lstm_hybrid_daily_s1,12054000,0.7056226159672823
window_lstm_hybrid_daily_s1,12056500,0.6795717187314538
window_lstm_hybrid_daily_s1,12073500,0.7332235527456266
window_lstm_hybrid_daily_s1,12082500,0.8010741149291939
window_lstm_hybrid_daily_s1,12092000,0.7443590418427385
window_lstm_hybrid_daily_s1,12114500,0.7507918612287798
window_lstm_hybrid_daily_s1,12115000,0.7635975276805953
window_lstm_hybrid_daily_s1,12117000,0.8575221543953683
window_lstm_hybrid_daily_s1,12143600,0.7672136776129805
window_lstm_hybrid_daily_s1,12144000,0.7432170111230226
window_lstm_hybrid_daily_s1,12145500,0.8573213208350388
window_lstm_hybrid_daily_s1,12147500,0.6343217929539151
window_lstm_hybrid_daily_s1,12167000,0.7392392253061832
window_lstm_hybrid_daily_s1,12175500,0.7747006408596282
window_lstm_hybrid_daily_s1,12178100,0.780295531526495
window_lstm_hybrid_daily_s1,12186000,0.6955581344947942
window_lstm_hybrid_daily_s1,12189500,0.815136931988091
window_lstm_hybrid_daily_s1,12375900,0.8199225710873649
window_lstm_hybrid_daily_s1,12377150,0.8585924309060938
window_lstm_hybrid_daily_s1,12381400,0.7764710260168189
window_lstm_hybrid_daily_s1,12383500,0.6755370406920775
window_lstm_hybrid_daily_s1,12390700,0.7937575981907076
window_lstm_hybrid_daily_s1,12411000,0.7394529170262372
window_lstm_hybrid_daily_s1,12447390,0.8108170341288004
window_lstm_hybrid_daily_s1,12451000,0.8583080232823495
window_lstm_hybrid_daily_s1,12488500,0.7342451030898247
window_lstm_hybrid_daily_s1,13011500,0.8527610925245563
window_lstm_hybrid_daily_s1,13011900,0.8861859212532646
window_lstm_hybrid_daily_s1,13018300,0.8666953937177216
window_lstm_hybrid_daily_s1,13023000,0.9551634591763967
window_lstm_hybrid_daily_s1,13161500,0.7798526872287589
window_lstm_hybrid_daily_s1,13235000,0.8780519965441641
window_lstm_hybrid_daily_s1,13240000,0.8456700524301077
window_lstm_hybrid_daily_s1,13313000,0.8676389341549845
window_lstm_hybrid_daily_s1,13331500,0.8752382846262364
window_lstm_hybrid_daily_s1,14020000,0.7841266158730431
window_lstm_hybrid_daily_s1,14096850,-0.10937229948873117
window_lstm_hybrid_daily_s1,14137000,0.8146279740174446
window_lstm_hybrid_daily_s1,14138800,0.8267888009309683
window_lstm_hybrid_daily_s1,14138870,0.8229581449084691
window_lstm_hybrid_daily_s1,14138900,0.8540852862407259
window_lstm_hybrid_daily_s1,14139800,0.852259025099875
window_lstm_hybrid_daily_s1,14141500,0.8202123383848523
window_lstm_hybrid_daily_s1,14154500,0.8947586779837226
window_lstm_hybrid_daily_s1,14158790,0.7964187300857857
window_lstm_hybrid_daily_s1,14166500,0.8651529103574528
window_lstm_hybrid_daily_s1,14182500,0.8120054237994893
window_lstm_hybrid_daily_s1,14185000,0.8988114962632494
window_lstm_hybrid_daily_s1,14185900,0.8724861435747524
window_lstm_hybrid_daily_s1,14187000,0.17084664553610418
window_lstm_hybrid_daily_s1,14216500,0.7513942338124786
window_lstm_hybrid_daily_s1,14222500,0.9012803461726461
window_lstm_hybrid_daily_s1,14236200,0.8822812838314755
window_lstm_hybrid_daily_s1,14301000,0.9264078927211948
window_lstm_hybrid_daily_s1,14303200,0.8277845812206406
window_lstm_hybrid_daily_s1,14305500,0.8942568299091314
window_lstm_hybrid_daily_s1,14306340,0.7205738685993165
window_lstm_hybrid_daily_s1,14306500,0.8336711749464317
window_lstm_hybrid_daily_s1,14308990,0.20232096298540225
window_lstm_hybrid_daily_s1,14309500,0.802322098089191
window_lstm_hybrid_daily_s1,14316700,0.8826738137379194
window_lstm_hybrid_daily_s1,14325000,0.8342277225667561
window_lstm_hybrid_daily_s1,14362250,0.21740374265647555
window_lstm_hybrid_daily_s1,14400000,0.8761931910366999
window_lstm_hybrid_daily_s1,10259000,0.7243581784353059
window_lstm_hybrid_daily_s1,11124500,0.8273714345235864
window_lstm_hybrid_daily_s1,11141280,0.6937741715088773
window_lstm_hybrid_daily_s1,11143000,0.7885126300218531
window_lstm_hybrid_daily_s1,11148900,0.7572447970368721
window_lstm_hybrid_daily_s1,11151300,0.7110124036225802
window_lstm_hybrid_daily_s1,11176400,0.0634917583734228
window_lstm_hybrid_daily_s1,11230500,0.7859272269046396
window_lstm_hybrid_daily_s1,11237500,0.7786450189076041
window_lstm_hybrid_daily_s1,11264500,0.8843909653103474
window_lstm_hybrid_daily_s1,11266500,0.8786058085101244
window_lstm_hybrid_daily_s1,11284400,0.6808540979466104
window_lstm_hybrid_daily_s1,11381500,0.8072772929406835
window_lstm_hybrid_daily_s1,11451100,0.6912252048733927
window_lstm_hybrid_daily_s1,11468500,0.8550457402738497
window_lstm_hybrid_daily_s1,11473900,0.7886685125955203
window_lstm_hybrid_daily_s1,11475560,0.6587911811195868
window_lstm_hybrid_daily_s1,11476600,0.7356461887677748
window_lstm_hybrid_daily_s1,11478500,0.7980492634662766
window_lstm_hybrid_daily_s1,11480390,0.7389346242626265
window_lstm_hybrid_daily_s1,11481200,0.7627889727735091
window_lstm_hybrid_daily_s1,11482500,0.8038760633684287
window_lstm_hybrid_daily_s1,11522500,0.8269967689301372
window_lstm_hybrid_daily_s1,11523200,0.7694070563439888
window_lstm_hybrid_daily_s1,11528700,0.7823878877437804
window_lstm_hybrid_daily_s1,11532500,0.8941094473869097
window_tcn_hybrid_fixed_s1,01022500,0.7624222996999057
window_tcn_hybrid_fixed_s1,01031500,0.799312649725889
window_tcn_hybrid_fixed_s1,01047000,0.7503147739747089
window_tcn_hybrid_fixed_s1,01052500,0.7024236027236175
window_tcn_hybrid_fixed_s1,01054200,0.6009323006479783
window_tcn_hybrid_fixed_s1,01055000,0.6155740556566585
window_tcn_hybrid_fixed_s1,01057000,0.7642751273531465
window_tcn_hybrid_fixed_s1,01073000,0.8025280809487927
window_tcn_hybrid_fixed_s1,01078000,0.8161477320933702
window_tcn_hybrid_fixed_s1,01123000,0.7696802714308268
window_tcn_hybrid_fixed_s1,01134500,0.7238143460903059
window_tcn_hybrid_fixed_s1,01137500,0.6169784823068454
window_tcn_hybrid_fixed_s1,01139000,0.708650039454843
window_tcn_hybrid_fixed_s1,01139800,0.7036323535216775
window_tcn_hybrid_fixed_s1,01142500,0.7090173979922378
window_tcn_hybrid_fixed_s1,01144000,0.7621188074458853
window_tcn_hybrid_fixed_s1,01162500,0.7456091483295886
window_tcn_hybrid_fixed_s1,01169000,0.6448568687561302
window_tcn_hybrid_fixed_s1,01170100,0.6366850444821115
window_tcn_hybrid_fixed_s1,01181000,0.6475946438146242
window_tcn_hybrid_fixed_s1,01187300,0.6973021705455587
window_tcn_hybrid_fixed_s1,01195100,0.6929799147714863
window_tcn_hybrid_fixed_s1,04296000,0.6913344973594049
window_tcn_hybrid_fixed_s1,01333000,0.6069331123247161
window_tcn_hybrid_fixed_s1,01350000,0.6419084380247183
window_tcn_hybrid_fixed_s1,01350080,0.34498503339246833
window_tcn_hybrid_fixed_s1,01350140,0.5164778920613826
window_tcn_hybrid_fixed_s1,01365000,0.6540977837693673
window_tcn_hybrid_fixed_s1,01411300,0.6176084025716083
window_tcn_hybrid_fixed_s1,01413500,0.6464229753951912
window_tcn_hybrid_fixed_s1,01414500,0.5694551074716243
window_tcn_hybrid_fixed_s1,01415000,0.6194721761513359
window_tcn_hybrid_fixed_s1,01423000,0.718221242519292
window_tcn_hybrid_fixed_s1,01434025,0.4566736452273432
window_tcn_hybrid_fixed_s1,01435000,0.6620176556063226
window_tcn_hybrid_fixed_s1,01439500,0.7774499655980166
window_tcn_hybrid_fixed_s1,01440000,0.7899382775600715
window_tcn_hybrid_fixed_s1,01440400,0.7160615374660702
window_tcn_hybrid_fixed_s1,01451800,0.7497470307700991
window_tcn_hybrid_fixed_s1,01466500,0.5623971217997099
window_tcn_hybrid_fixed_s1,01484100,0.48166484216794725
window_tcn_hybrid_fixed_s1,01487000,0.5986233887776212
window_tcn_hybrid_fixed_s1,01491000,0.6867730110778881
window_tcn_hybrid_fixed_s1,01510000,0.672411469107505
window_tcn_hybrid_fixed_s1,01516500,0.4952275104614946
window_tcn_hybrid_fixed_s1,01518862,0.5634152615270975
window_tcn_hybrid_fixed_s1,01532000,0.5269956213074901
window_tcn_hybrid_fixed_s1,01539000,0.7948014890815381
window_tcn_hybrid_fixed_s1,01542810,0.5915615105034177
window_tcn_hybrid_fixed_s1,01543000,0.7171301361763789
window_tcn_hybrid_fixed_s1,01543500,0.757335177400126
window_tcn_hybrid_fixed_s1,01544500,0.6909774085639082
window_tcn_hybrid_fixed_s1,01545600,0.7100971514516069
window_tcn_hybrid_fixed_s1,01547700,0.5664620853759105
window_tcn_hybrid_fixed_s1,01548500,0.7760089270901878
window_tcn_hybrid_fixed_s1,01549500,0.6373785182945103
window_tcn_hybrid_fixed_s1,01550000,0.62137171506082
window_tcn_hybrid_fixed_s1,01552000,0.7432186591062082
window_tcn_hybrid_fixed_s1,01552500,0.6448114518324493
window_tcn_hybrid_fixed_s1,01557500,0.7058897855773568
window_tcn_hybrid_fixed_s1,01567500,0.4051910332117937
window_tcn_hybrid_fixed_s1,01568000,0.6799271675937787
window_tcn_hybrid_fixed_s1,01580000,0.6025476563727696
window_tcn_hybrid_fixed_s1,01583500,0.5605397674568549
window_tcn_hybrid_fixed_s1,01586610,0.5902868172984439
window_tcn_hybrid_fixed_s1,01591400,0.45173748125357427
window_tcn_hybrid_fixed_s1,01594950,0.2963597797836113
window_tcn_hybrid_fixed_s1,01596500,0.7056109395113355
window_tcn_hybrid_fixed_s1,01605500,0.5817514012563976
window_tcn_hybrid_fixed_s1,01606500,0.6934818247860481
window_tcn_hybrid_fixed_s1,01632000,0.5320653197283667
window_tcn_hybrid_fixed_s1,01632900,0.6319364671750388
window_tcn_hybrid_fixed_s1,01634500,0.45203630738452694
window_tcn_hybrid_fixed_s1,01638480,0.470169409618586
window_tcn_hybrid_fixed_s1,01639500,0.6804154048296307
window_tcn_hybrid_fixed_s1,01644000,0.6970643449426439
window_tcn_hybrid_fixed_s1,01664000,0.7518968036463887
window_tcn_hybrid_fixed_s1,01666500,0.5933230023138749
window_tcn_hybrid_fixed_s1,01667500,0.7890868319148505
window_tcn_hybrid_fixed_s1,01669000,0.6980397571625543
window_tcn_hybrid_fixed_s1,01669520,0.5988246721242739
window_tcn_hybrid_fixed_s1,02011400,0.7237149507093794
window_tcn_hybrid_fixed_s1,02013000,0.6545938510274124
window_tcn_hybrid_fixed_s1,02014000,0.7307942132474855
window_tcn_hybrid_fixed_s1,02015700,0.648588851878568
window_tcn_hybrid_fixed_s1,02016000,0.7949741032416466
window_tcn_hybrid_fixed_s1,02017500,0.7584218804026617
window_tcn_hybrid_fixed_s1,02018000,0.7834269482742503
window_tcn_hybrid_fixed_s1,02027000,0.5970015589848461
window_tcn_hybrid_fixed_s1,02027500,0.48661404434974387
window_tcn_hybrid_fixed_s1,02028500,0.650222104279945
window_tcn_hybrid_fixed_s1,02038850,0.37322201633364016
window_tcn_hybrid_fixed_s1,02046000,0.6736125617375218
window_tcn_hybrid_fixed_s1,02051500,0.702054328925688
window_tcn_hybrid_fixed_s1,02053200,0.7437237108554793
window_tcn_hybrid_fixed_s1,02053800,0.6549570259940047
window_tcn_hybrid_fixed_s1,02055100,0.5495190412391953
window_tcn_hybrid_fixed_s1,02056900,0.7047233861996338
window_tcn_hybrid_fixed_s1,02059500,0.6744562089518806
window_tcn_hybrid_fixed_s1,02064000,0.4512255832867913
window_tcn_hybrid_fixed_s1,02065500,0.7352616525637354
window_tcn_hybrid_fixed_s1,02069700,0.7281046471966435
window_tcn_hybrid_fixed_s1,02070000,0.6476310759505903
window_tcn_hybrid_fixed_s1,02074500,0.6863548879815622
window_tcn_hybrid_fixed_s1,02077200,0.6647642025792613
window_tcn_hybrid_fixed_s1,02081500,0.763817746594039
window_tcn_hybrid_fixed_s1,02082950,0.6160184197534637
window_tcn_hybrid_fixed_s1,02092500,0.6225937931385331
window_tcn_hybrid_fixed_s1,02096846,0.2088211808663889
window_tcn_hybrid_fixed_s1,02102908,0.34038683639160616
window_tcn_hybrid_fixed_s1,02108000,0.5833016786585945
window_tcn_hybrid_fixed_s1,02111180,0.5013873923283152
window_tcn_hybrid_fixed_s1,02111500,0.6520092545708477
window_tcn_hybrid_fixed_s1,02112120,0.6605801553975675
window_tcn_hybrid_fixed_s1,02112360,0.6731066413751061
window_tcn_hybrid_fixed_s1,02118500,0.6630173505073984
window_tcn_hybrid_fixed_s1,02125000,0.6606472077605388
window_tcn_hybrid_fixed_s1,02128000,0.5113011031707285
window_tcn_hybrid_fixed_s1,02137727,0.6433530764956508
window_tcn_hybrid_fixed_s1,02140991,0.2740886098035976
window_tcn_hybrid_fixed_s1,02143000,0.6414328120861927
window_tcn_hybrid_fixed_s1,02143040,0.7192714829148573
window_tcn_hybrid_fixed_s1,02149000,0.7192216622618495
window_tcn_hybrid_fixed_s1,02152100,0.687256889176405
window_tcn_hybrid_fixed_s1,02177000,0.7151998421451009
window_tcn_hybrid_fixed_s1,02178400,0.7226459700996956
window_tcn_hybrid_fixed_s1,02193340,0.41677720380730965
window_tcn_hybrid_fixed_s1,02196000,0.7119389633947679
window_tcn_hybrid_fixed_s1,02198100,0.45855378379440825
window_tcn_hybrid_fixed_s1,02202600,0.5525393037763228
window_tcn_hybrid_fixed_s1,02212600,0.7483298550015194
window_tcn_hybrid_fixed_s1,02215100,0.4696442005274074
window_tcn_hybrid_fixed_s1,02216180,0.5832055196800212
window_tcn_hybrid_fixed_s1,02221525,0.7149374712943781
window_tcn_hybrid_fixed_s1,02231000,0.7606559348888151
window_tcn_hybrid_fixed_s1,02245500,0.6116889385684704
window_tcn_hybrid_fixed_s1,02246000,0.7369834520061853
window_tcn_hybrid_fixed_s1,02296500,0.6819864046052021
window_tcn_hybrid_fixed_s1,02297155,0.6290936458778509
window_tcn_hybrid_fixed_s1,02297310,0.6941193436559487
window_tcn_hybrid_fixed_s1,02298123,0.6518458216723371
window_tcn_hybrid_fixed_s1,02298608,0.6453994856026952
window_tcn_hybrid_fixed_s1,02299950,0.6066254734176523
window_tcn_hybrid_fixed_s1,02300700,0.4902326191144655
window_tcn_hybrid_fixed_s1,02342933,0.6598966784039413
window_tcn_hybrid_fixed_s1,02349900,0.7187107225820669
window_tcn_hybrid_fixed_s1,02350900,0.5234143602268868
window_tcn_hybrid_fixed_s1,02361000,0.7182282167857577
window_tcn_hybrid_fixed_s1,02363000,0.23687814165734555
window_tcn_hybrid_fixed_s1,02369800,0.6751031301005413
window_tcn_hybrid_fixed_s1,02371500,0.7730698830354354
window_tcn_hybrid_fixed_s1,02372250,0.7540236405825301
window_tcn_hybrid_fixed_s1,02374500,0.7759048948363115
window_tcn_hybrid_fixed_s1,02381600,0.4778431493387918
window_tcn_hybrid_fixed_s1,02384540,0.558143419210803
window_tcn_hybrid_fixed_s1,02395120,0.5118100691585192
window_tcn_hybrid_fixed_s1,02415000,0.3584435706895912
window_tcn_hybrid_fixed_s1,02427250,0.4736434210560281
window_tcn_hybrid_fixed_s1,02430085,0.48219383868587484
window_tcn_hybrid_fixed_s1,02450250,0.7433020552180799
window_tcn_hybrid_fixed_s1,02464000,0.7814413762862942
window_tcn_hybrid_fixed_s1,02464360,0.6508564421174221
window_tcn_hybrid_fixed_s1,02465493,0.5765612290641543
window_tcn_hybrid_fixed_s1,02469800,0.759295041710659
window_tcn_hybrid_fixed_s1,02472000,0.8019040055417479
window_tcn_hybrid_fixed_s1,02472500,0.7319584665626515
window_tcn_hybrid_fixed_s1,02479155,0.6054854868806863
window_tcn_hybrid_fixed_s1,02479300,0.6249143357864444
window_tcn_hybrid_fixed_s1,02479560,0.7455169716553649
window_tcn_hybrid_fixed_s1,02481000,0.6742111931314264
window_tcn_hybrid_fixed_s1,02481510,0.6824525388532986
window_tcn_hybrid_fixed_s1,04015330,0.6157681484731425
window_tcn_hybrid_fixed_s1,04024430,0.7297267519886959
window_tcn_hybrid_fixed_s1,04027000,0.7857033339573752
window_tcn_hybrid_fixed_s1,04040500,0.7571536452057922
window_tcn_hybrid_fixed_s1,04043050,0.6840071440188835
window_tcn_hybrid_fixed_s1,04045500,0.7935282237045413
window_tcn_hybrid_fixed_s1,04057510,0.6486545921597773
window_tcn_hybrid_fixed_s1,04057800,0.6743603885297895
window_tcn_hybrid_fixed_s1,04059500,0.7218131157518799
window_tcn_hybrid_fixed_s1,04063700,0.6419939858305586
window_tcn_hybrid_fixed_s1,04074950,0.7116828068017365
window_tcn_hybrid_fixed_s1,04105700,0.6991547752059419
window_tcn_hybrid_fixed_s1,04115265,-0.6117567102566073
window_tcn_hybrid_fixed_s1,04122200,0.6822178198523904
window_tcn_hybrid_fixed_s1,04122500,0.5807106700045361
window_tcn_hybrid_fixed_s1,04127918,0.6926153892421891
window_tcn_hybrid_fixed_s1,04127997,0.6108743075663171
window_tcn_hybrid_fixed_s1,04161580,0.5663428714432532
window_tcn_hybrid_fixed_s1,04185000,0.7906775662628629
window_tcn_hybrid_fixed_s1,04196800,0.7427902878965038
window_tcn_hybrid_fixed_s1,04197100,0.6223342839262203
window_tcn_hybrid_fixed_s1,04197170,0.5136192137453427
window_tcn_hybrid_fixed_s1,04213000,0.6616828361439979
window_tcn_hybrid_fixed_s1,04213075,-0.07631182192866137
window_tcn_hybrid_fixed_s1,04216418,0.6603095027031138
window_tcn_hybrid_fixed_s1,04221000,0.6875458332352122
window_tcn_hybrid_fixed_s1,04224775,0.5584511112037218
window_tcn_hybrid_fixed_s1,04233000,0.5645821082688949
window_tcn_hybrid_fixed_s1,04256000,0.687093908253577
window_tcn_hybrid_fixed_s1,03010655,0.7189006716728104
window_tcn_hybrid_fixed_s1,03011800,0.7076003119598062
window_tcn_hybrid_fixed_s1,03015500,0.7353997903791092
window_tcn_hybrid_fixed_s1,03021350,0.6422888936042683
window_tcn_hybrid_fixed_s1,03026500,0.6710304680638624
window_tcn_hybrid_fixed_s1,03028000,0.6810493762236571
window_tcn_hybrid_fixed_s1,03049000,0.6825493810824284
window_tcn_hybrid_fixed_s1,03049800,0.2586096854839791
window_tcn_hybrid_fixed_s1,03050000,0.4222411401686067
window_tcn_hybrid_fixed_s1,03069500,0.77173083621968
window_tcn_hybrid_fixed_s1,03070500,0.7303305279089607
window_tcn_hybrid_fixed_s1,03076600,0.6282939385049242
window_tcn_hybrid_fixed_s1,03078000,0.7012908952224571
window_tcn_hybrid_fixed_s1,03140000,0.5421043232821854
window_tcn_hybrid_fixed_s1,03144000,0.6849307966712981
window_tcn_hybrid_fixed_s1,03170000,0.7180440321505428
window_tcn_hybrid_fixed_s1,03173000,0.7658014906270025
window_tcn_hybrid_fixed_s1,03180500,0.7195452382965037
window_tcn_hybrid_fixed_s1,03182500,0.7517807433837174
window_tcn_hybrid_fixed_s1,03186500,0.6939304978302019
window_tcn_hybrid_fixed_s1,03237280,0.37488657740386466
window_tcn_hybrid_fixed_s1,03237500,0.7532811111130837
window_tcn_hybrid_fixed_s1,03238500,0.6682272140542234
window_tcn_hybrid_fixed_s1,03241500,0.699195752621683
window_tcn_hybrid_fixed_s1,03280700,0.6095672802132592
window_tcn_hybrid_fixed_s1,03281500,0.8279520903801801
window_tcn_hybrid_fixed_s1,03285000,0.7655596008288027
window_tcn_hybrid_fixed_s1,03291780,0.6448687332717926
window_tcn_hybrid_fixed_s1,03338780,0.5758808118582255
window_tcn_hybrid_fixed_s1,03340800,0.6792350274630382
window_tcn_hybrid_fixed_s1,03346000,0.7823331203006334
window_tcn_hybrid_fixed_s1,03364500,0.6834858636441272
window_tcn_hybrid_fixed_s1,03366500,0.8032573651542352
window_tcn_hybrid_fixed_s1,03368000,0.5869438918610306
window_tcn_hybrid_fixed_s1,03384450,0.6774989238920535
window_tcn_hybrid_fixed_s1,03439000,0.7320770211000729
window_tcn_hybrid_fixed_s1,03455500,0.5466921082024658
window_tcn_hybrid_fixed_s1,03456500,0.6371476107313185
window_tcn_hybrid_fixed_s1,03460000,0.7151746071755405
window_tcn_hybrid_fixed_s1,03463300,0.6237785630830177
window_tcn_hybrid_fixed_s1,03471500,0.6594898956813096
window_tcn_hybrid_fixed_s1,03473000,0.7625226298979402
window_tcn_hybrid_fixed_s1,03479000,0.6551544015879662
window_tcn_hybrid_fixed_s1,03488000,0.7402599578033979
window_tcn_hybrid_fixed_s1,03498500,0.8101183247064415
window_tcn_hybrid_fixed_s1,03500000,0.7983199779557424
window_tcn_hybrid_fixed_s1,03500240,0.7653082873933168
window_tcn_hybrid_fixed_s1,03504000,0.6868174140869765
window_tcn_hybrid_fixed_s1,03574500,0.8175779362116233
window_tcn_hybrid_fixed_s1,03592718,0.6286521457907315
window_tcn_hybrid_fixed_s1,03604000,0.7500947827981114
window_tcn_hybrid_fixed_s1,05291000,0.5437518683161751
window_tcn_hybrid_fixed_s1,05362000,0.6838523794811051
window_tcn_hybrid_fixed_s1,05393500,0.6524806866946484
window_tcn_hybrid_fixed_s1,05399500,0.5577487574136772
window_tcn_hybrid_fixed_s1,05408000,0.4793400746086388
window_tcn_hybrid_fixed_s1,05413500,0.527098922466948
window_tcn_hybrid_fixed_s1,05414000,0.36293764000110806
window_tcn_hybrid_fixed_s1,05444000,0.45069358619386757
window_tcn_hybrid_fixed_s1,05454000,0.5152380381277661
window_tcn_hybrid_fixed_s1,05458000,0.6882171077418211
window_tcn_hybrid_fixed_s1,05466500,0.5856689451255008
window_tcn_hybrid_fixed_s1,05487980,0.6877141084893834
window_tcn_hybrid_fixed_s1,05488200,0.32761741985968207
window_tcn_hybrid_fixed_s1,05489000,0.5065265922327159
window_tcn_hybrid_fixed_s1,05495000,0.7498540925616436
window_tcn_hybrid_fixed_s1,05495500,0.7440997338135549
window_tcn_hybrid_fixed_s1,05501000,0.7523381123550176
window_tcn_hybrid_fixed_s1,05503800,0.615205902065016
window_tcn_hybrid_fixed_s1,05507600,0.6953976118661329
window_tcn_hybrid_fixed_s1,05508805,0.7244259754263865
window_tcn_hybrid_fixed_s1,05525500,0.7465818758383578
window_tcn_hybrid_fixed_s1,05556500,0.7309300727741042
window_tcn_hybrid_fixed_s1,05584500,0.7266639343983188
window_tcn_hybrid_fixed_s1,05591550,0.6080826437949223
window_tcn_hybrid_fixed_s1,05592050,0.6920074075317793
window_tcn_hybrid_fixed_s1,05592575,0.3505598519488463
window_tcn_hybrid_fixed_s1,05593575,0.7806156459817813
window_tcn_hybrid_fixed_s1,05593900,0.6325913846164319
window_tcn_hybrid_fixed_s1,05595730,0.7383933140589729
window_tcn_hybrid_fixed_s1,07291000,0.5807210131865572
window_tcn_hybrid_fixed_s1,07359610,0.5149991587471636
window_tcn_hybrid_fixed_s1,07362100,0.6697581993626038
window_tcn_hybrid_fixed_s1,07362587,0.2827572918282877
window_tcn_hybrid_fixed_s1,07375000,0.5474111048747892
window_tcn_hybrid_fixed_s1,08013000,0.6053252474228894
window_tcn_hybrid_fixed_s1,08014500,0.6674752870076712
window_tcn_hybrid_fixed_s1,05057200,0.3165528025950568
window_tcn_hybrid_fixed_s1,05120500,0.4812279044356602
window_tcn_hybrid_fixed_s1,06221400,0.6908637505767885
window_tcn_hybrid_fixed_s1,06224000,0.8370101102589097
window_tcn_hybrid_fixed_s1,06278300,0.7522908089857974
window_tcn_hybrid_fixed_s1,06280300,0.8294518750268319
window_tcn_hybrid_fixed_s1,06289000,0.7430242563108097
window_tcn_hybrid_fixed_s1,06291500,0.6111765914611669
window_tcn_hybrid_fixed_s1,06311000,0.7263637803463738
window_tcn_hybrid_fixed_s1,06332515,0.2461412067323293
window_tcn_hybrid_fixed_s1,06339100,0.25010402704883195
window_tcn_hybrid_fixed_s1,06344600,0.2882091660392696
window_tcn_hybrid_fixed_s1,06350000,0.2442256064463989
window_tcn_hybrid_fixed_s1,06352000,0.26667830771847056
window_tcn_hybrid_fixed_s1,06404000,0.5773024210222016
window_tcn_hybrid_fixed_s1,06406000,0.40832592495235187
window_tcn_hybrid_fixed_s1,06409000,-0.102927551980321
window_tcn_hybrid_fixed_s1,06431500,-0.6627693921602453
window_tcn_hybrid_fixed_s1,06440200,0.19194771353354656
window_tcn_hybrid_fixed_s1,06447500,0.2322921444620123
window_tcn_hybrid_fixed_s1,06470800,0.18656452499326526
window_tcn_hybrid_fixed_s1,06477500,0.3314273509631689
window_tcn_hybrid_fixed_s1,06479215,0.2848755796998379
window_tcn_hybrid_fixed_s1,06601000,0.40573025493035275
window_tcn_hybrid_fixed_s1,06614800,0.8319828428917035
window_tcn_hybrid_fixed_s1,06622700,0.8317958860880305
window_tcn_hybrid_fixed_s1,06623800,0.8344605509580074
window_tcn_hybrid_fixed_s1,06632400,0.8479797408946657
window_tcn_hybrid_fixed_s1,06746095,0.6242599527151325
window_tcn_hybrid_fixed_s1,06803510,0.39552071151802604
window_tcn_hybrid_fixed_s1,06803530,0.5594425506520022
window_tcn_hybrid_fixed_s1,06814000,0.656518909084009
window_tcn_hybrid_fixed_s1,06847900,0.13922525382112305
window_tcn_hybrid_fixed_s1,06853800,0.3484689105478602
window_tcn_hybrid_fixed_s1,06876700,0.37314750154565846
window_tcn_hybrid_fixed_s1,06878000,0.6454034610601656
window_tcn_hybrid_fixed_s1,06879650,-0.38953064032693985
window_tcn_hybrid_fixed_s1,06885500,0.7138420476625881
window_tcn_hybrid_fixed_s1,06888500,0.7384885832781432
window_tcn_hybrid_fixed_s1,06889200,0.7282871598860701
window_tcn_hybrid_fixed_s1,06889500,0.7983552899916246
window_tcn_hybrid_fixed_s1,06892000,0.8104498396538847
window_tcn_hybrid_fixed_s1,06903400,0.6762573595478258
window_tcn_hybrid_fixed_s1,06906800,0.4690449686263538
window_tcn_hybrid_fixed_s1,06910800,0.7747273399267085
window_tcn_hybrid_fixed_s1,06911900,0.7377481138422746
window_tcn_hybrid_fixed_s1,06917000,0.7392973113701469
window_tcn_hybrid_fixed_s1,06918460,0.5505498491793781
window_tcn_hybrid_fixed_s1,06919500,0.7157349844267897
window_tcn_hybrid_fixed_s1,06921070,0.5556664148874046
window_tcn_hybrid_fixed_s1,06921200,0.46486001655859954
window_tcn_hybrid_fixed_s1,07057500,0.8037929721978367
window_tcn_hybrid_fixed_s1,07060710,0.4925025922019004
window_tcn_hybrid_fixed_s1,07066000,0.7470003995444121
window_tcn_hybrid_fixed_s1,07083000,0.8565711073653812
window_tcn_hybrid_fixed_s1,07142300,0.20758848850170974
window_tcn_hybrid_fixed_s1,07145700,0.6141970390784385
window_tcn_hybrid_fixed_s1,07167500,0.632836193175898
window_tcn_hybrid_fixed_s1,07180500,0.6476977130240953
window_tcn_hybrid_fixed_s1,07184000,0.5947324564389658
window_tcn_hybrid_fixed_s1,07195800,0.43359389854473773
window_tcn_hybrid_fixed_s1,07196900,0.4570455616287856
window_tcn_hybrid_fixed_s1,07197000,0.7023076643138533
window_tcn_hybrid_fixed_s1,07208500,0.6611935515131415
window_tcn_hybrid_fixed_s1,07261000,0.63087618611591
window_tcn_hybrid_fixed_s1,07263295,0.2722215413459378
window_tcn_hybrid_fixed_s1,07299670,0.09636214667129206
window_tcn_hybrid_fixed_s1,07301410,0.09862329152548421
window_tcn_hybrid_fixed_s1,07315200,0.38367405268502586
window_tcn_hybrid_fixed_s1,07315700,0.6423160877076859
window_tcn_hybrid_fixed_s1,07335700,0.33606450933095744
window_tcn_hybrid_fixed_s1,07340300,0.6668905226545047
window_tcn_hybrid_fixed_s1,07346045,0.7843228956065175
window_tcn_hybrid_fixed_s1,08023080,0.6844926005538355
window_tcn_hybrid_fixed_s1,08050800,0.4368633596328042
window_tcn_hybrid_fixed_s1,08066200,0.5245323955644383
window_tcn_hybrid_fixed_s1,08066300,0.4467527616030994
window_tcn_hybrid_fixed_s1,08070000,0.38718183445729015
window_tcn_hybrid_fixed_s1,08070200,0.3876614122311859
window_tcn_hybrid_fixed_s1,08082700,0.21262464544090187
window_tcn_hybrid_fixed_s1,08086212,0.48502216181075797
window_tcn_hybrid_fixed_s1,08086290,0.6178506677456427
window_tcn_hybrid_fixed_s1,08101000,0.6844167650377998
window_tcn_hybrid_fixed_s1,08103900,0.47136702191578317
window_tcn_hybrid_fixed_s1,08104900,0.5770285960067956
window_tcn_hybrid_fixed_s1,08109700,0.4630439868656818
window_tcn_hybrid_fixed_s1,08150800,-0.26940342157118535
window_tcn_hybrid_fixed_s1,08158700,0.24370409139249072
window_tcn_hybrid_fixed_s1,08158810,0.32585337716787066
window_tcn_hybrid_fixed_s1,08164300,0.7468062823322075
window_tcn_hybrid_fixed_s1,08164600,0.6699487678145397
window_tcn_hybrid_fixed_s1,08165300,-1.7414449027827508
window_tcn_hybrid_fixed_s1,08171300,0.699054402143952
window_tcn_hybrid_fixed_s1,08175000,0.7056418471284783
window_tcn_hybrid_fixed_s1,08176900,0.6228082563619612
window_tcn_hybrid_fixed_s1,08178880,0.3068146242784814
window_tcn_hybrid_fixed_s1,08189500,0.6438972773306038
window_tcn_hybrid_fixed_s1,08190000,0.5890399743620428
window_tcn_hybrid_fixed_s1,08190500,0.46612325493457074
window_tcn_hybrid_fixed_s1,08194200,0.213328521535038
window_tcn_hybrid_fixed_s1,08195000,0.43770630221232953
window_tcn_hybrid_fixed_s1,08196000,0.3024788894307989
window_tcn_hybrid_fixed_s1,08198500,0.4239120753805037
window_tcn_hybrid_fixed_s1,08200000,0.3726296213611392
window_tcn_hybrid_fixed_s1,08202700,0.38189648136279253
window_tcn_hybrid_fixed_s1,08267500,0.723001383657096
window_tcn_hybrid_fixed_s1,08269000,0.6325576430842282
window_tcn_hybrid_fixed_s1,08271000,0.7970194958182243
window_tcn_hybrid_fixed_s1,08324000,0.7897839806165485
window_tcn_hybrid_fixed_s1,08377900,0.7832794506196412
window_tcn_hybrid_fixed_s1,08378500,0.8008113211881921
window_tcn_hybrid_fixed_s1,08380500,0.38512474865957647
window_tcn_hybrid_fixed_s1,09035800,0.8316349546059103
window_tcn_hybrid_fixed_s1,09035900,0.8449658524059688
window_tcn_hybrid_fixed_s1,09047700,0.6781993993663311
window_tcn_hybrid_fixed_s1,09065500,0.8450193514300353
window_tcn_hybrid_fixed_s1,09066000,0.8531724599842175
window_tcn_hybrid_fixed_s1,09066200,0.8116966409869608
window_tcn_hybrid_fixed_s1,09066300,0.8253860050134305
window_tcn_hybrid_fixed_s1,09081600,0.8966708697314272
window_tcn_hybrid_fixed_s1,09107000,0.5507384108608739
window_tcn_hybrid_fixed_s1,09210500,0.6529264021097503
window_tcn_hybrid_fixed_s1,09223000,0.8179589305957078
window_tcn_hybrid_fixed_s1,09306242,0.2397450830102842
window_tcn_hybrid_fixed_s1,09312600,0.5576990792703471
window_tcn_hybrid_fixed_s1,09352900,0.7699807960391694
window_tcn_hybrid_fixed_s1,09378170,0.41084048169524157
window_tcn_hybrid_fixed_s1,09386900,0.42436404508499037
window_tcn_hybrid_fixed_s1,09404450,0.521171560358609
window_tcn_hybrid_fixed_s1,09430600,0.2599207208601819
window_tcn_hybrid_fixed_s1,09447800,-1.5545291508141887
window_tcn_hybrid_fixed_s1,09484600,0.06170265912522355
window_tcn_hybrid_fixed_s1,09492400,0.557287616021451
window_tcn_hybrid_fixed_s1,09494000,0.5851233166121396
window_tcn_hybrid_fixed_s1,09497980,0.539283345364411
window_tcn_hybrid_fixed_s1,09505350,0.4331144827677219
window_tcn_hybrid_fixed_s1,09505800,0.4552058169962374
window_tcn_hybrid_fixed_s1,09508300,0.5679365708638219
window_tcn_hybrid_fixed_s1,09510200,0.6788668171618044
window_tcn_hybrid_fixed_s1,09512280,0.363672986410448
window_tcn_hybrid_fixed_s1,09513780,0.27813491668955526
window_tcn_hybrid_fixed_s1,10234500,0.682322564885514
window_tcn_hybrid_fixed_s1,10244950,0.42577153732032835
window_tcn_hybrid_fixed_s1,10336645,0.7717717374291794
window_tcn_hybrid_fixed_s1,10336660,0.6530067917273259
window_tcn_hybrid_fixed_s1,10343500,0.614276110409148
window_tcn_hybrid_fixed_s1,12010000,0.8567160028559885
window_tcn_hybrid_fixed_s1,12013500,0.8649081565618186
window_tcn_hybrid_fixed_s1,12020000,0.6034584883777162
window_tcn_hybrid_fixed_s1,12025700,0.77794520679348
window_tcn_hybrid_fixed_s1,12035000,0.8510837550545981
window_tcn_hybrid_fixed_s1,12040500,0.7751024092005079
window_tcn_hybrid_fixed_s1,12041200,0.6914977792246141
window_tcn_hybrid_fixed_s1,12048000,0.5013370060607357
window_tcn_hybrid_fixed_s1,12054000,0.6466300934245611
window_tcn_hybrid_fixed_s1,12056500,0.6288488054588044
window_tcn_hybrid_fixed_s1,12073500,0.7804507473568572
window_tcn_hybrid_fixed_s1,12082500,0.6888243991383525
window_tcn_hybrid_fixed_s1,12092000,0.6375278747017556
window_tcn_hybrid_fixed_s1,12114500,0.7328216176915806
window_tcn_hybrid_fixed_s1,12115000,0.7673330395829836
window_tcn_hybrid_fixed_s1,12117000,0.8102104384998975
window_tcn_hybrid_fixed_s1,12143600,0.687056265683911
window_tcn_hybrid_fixed_s1,12144000,0.5928496734635957
window_tcn_hybrid_fixed_s1,12145500,0.873728807154631
window_tcn_hybrid_fixed_s1,12147500,0.7124062787467628
window_tcn_hybrid_fixed_s1,12167000,0.7387470680570167
window_tcn_hybrid_fixed_s1,12175500,0.7450786082544105
window_tcn_hybrid_fixed_s1,12178100,0.7026199329163945
window_tcn_hybrid_fixed_s1,12186000,0.6400604342550076
window_tcn_hybrid_fixed_s1,12189500,0.7357080671418591
window_tcn_hybrid_fixed_s1,12375900,0.7656052564738549
window_tcn_hybrid_fixed_s1,12377150,0.785123696951019
window_tcn_hybrid_fixed_s1,12381400,0.6395004450293075
window_tcn_hybrid_fixed_s1,12383500,0.457178499061791
window_tcn_hybrid_fixed_s1,12390700,0.6680296153964593
window_tcn_hybrid_fixed_s1,12411000,0.6447230776386664
window_tcn_hybrid_fixed_s1,12447390,0.7526234791541732
window_tcn_hybrid_fixed_s1,12451000,0.788750636405902
window_tcn_hybrid_fixed_s1,12488500,0.713642091168978
window_tcn_hybrid_fixed_s1,13011500,0.7429528705180748
window_tcn_hybrid_fixed_s1,13011900,0.7952622133260394
window_tcn_hybrid_fixed_s1,13018300,0.7687742929837862
window_tcn_hybrid_fixed_s1,13023000,0.8633849805760514
window_tcn_hybrid_fixed_s1,13161500,0.8012848626396497
window_tcn_hybrid_fixed_s1,13235000,0.6654126470949324
window_tcn_hybrid_fixed_s1,13240000,0.7765357580226364
window_tcn_hybrid_fixed_s1,13313000,0.7263556627178471
window_tcn_hybrid_fixed_s1,13331500,0.8548489550565577
window_tcn_hybrid_fixed_s1,14020000,0.724396828972725
window_tcn_hybrid_fixed_s1,14096850,0.5504130517858025
window_tcn_hybrid_fixed_s1,14137000,0.7337517194534966
window_tcn_hybrid_fixed_s1,14138800,0.741148905158437
window_tcn_hybrid_fixed_s1,14138870,0.7397661043722256
window_tcn_hybrid_fixed_s1,14138900,0.7775761382329118
window_tcn_hybrid_fixed_s1,14139800,0.7935893520665123
window_tcn_hybrid_fixed_s1,14141500,0.7599960311496993
window_tcn_hybrid_fixed_s1,14154500,0.8735991190542776
window_tcn_hybrid_fixed_s1,14158790,0.7275332841840249
window_tcn_hybrid_fixed_s1,14166500,0.8822869307643684
window_tcn_hybrid_fixed_s1,14182500,0.7801825489760602
window_tcn_hybrid_fixed_s1,14185000,0.8649090099367305
window_tcn_hybrid_fixed_s1,14185900,0.8268019561999473
window_tcn_hybrid_fixed_s1,14187000,-0.08310549181377702
window_tcn_hybrid_fixed_s1,14216500,0.693556351476393
window_tcn_hybrid_fixed_s1,14222500,0.8737317895536689
window_tcn_hybrid_fixed_s1,14236200,0.8437266582236262
window_tcn_hybrid_fixed_s1,14301000,0.9105910230497947
window_tcn_hybrid_fixed_s1,14303200,0.7612049160235548
window_tcn_hybrid_fixed_s1,14305500,0.8659412934523814
window_tcn_hybrid_fixed_s1,14306340,0.7560593152962506
window_tcn_hybrid_fixed_s1,14306500,0.8529134693775975
window_tcn_hybrid_fixed_s1,14308990,0.14791870902625082
window_tcn_hybrid_fixed_s1,14309500,0.8064454126149223
window_tcn_hybrid_fixed_s1,14316700,0.837644259334609
window_tcn_hybrid_fixed_s1,14325000,0.8250254028313906
window_tcn_hybrid_fixed_s1,14362250,0.2424629427681123
window_tcn_hybrid_fixed_s1,14400000,0.8624960007500575
window_tcn_hybrid_fixed_s1,10259000,0.7389553316970288
window_tcn_hybrid_fixed_s1,11124500,0.715560999295948
window_tcn_hybrid_fixed_s1,11141280,0.5924774680343501
window_tcn_hybrid_fixed_s1,11143000,0.7887400515595778
window_tcn_hybrid_fixed_s1,11148900,0.7692496762702755
window_tcn_hybrid_fixed_s1,11151300,0.5896588922673042
window_tcn_hybrid_fixed_s1,11176400,0.45875448737632785
window_tcn_hybrid_fixed_s1,11230500,0.44775450923841564
window_tcn_hybrid_fixed_s1,11237500,0.5295938675306617
window_tcn_hybrid_fixed_s1,11264500,0.7557908815283726
window_tcn_hybrid_fixed_s1,11266500,0.764179331197064
window_tcn_hybrid_fixed_s1,11284400,0.6819282778025129
window_tcn_hybrid_fixed_s1,11381500,0.715836789761634
window_tcn_hybrid_fixed_s1,11451100,0.6844628445739076
window_tcn_hybrid_fixed_s1,11468500,0.8397709164410104
window_tcn_hybrid_fixed_s1,11473900,0.7107094345413054
window_tcn_hybrid_fixed_s1,11475560,0.6819154010838088
window_tcn_hybrid_fixed_s1,11476600,0.7520201481355767
window_tcn_hybrid_fixed_s1,11478500,0.7671301753009446
window_tcn_hybrid_fixed_s1,11480390,0.6752597848184436
window_tcn_hybrid_fixed_s1,11481200,0.7594817934941029
window_tcn_hybrid_fixed_s1,11482500,0.7901855496784341
window_tcn_hybrid_fixed_s1,11522500,0.6614341028038264
window_tcn_hybrid_fixed_s1,11523200,0.7699557669665278
window_tcn_hybrid_fixed_s1,11528700,0.612276783469306
window_tcn_hybrid_fixed_s1,11532500,0.865423076635441
window_tcn_hybrid_daily_s1,01022500,0.8367914307072077
window_tcn_hybrid_daily_s1,01031500,0.8760988134249407
window_tcn_hybrid_daily_s1,01047000,0.8158483988098995
window_tcn_hybrid_daily_s1,01052500,0.7866596290142078
window_tcn_hybrid_daily_s1,01054200,0.6568088392454213
window_tcn_hybrid_daily_s1,01055000,0.6919636573160393
window_tcn_hybrid_daily_s1,01057000,0.8252676752609204
window_tcn_hybrid_daily_s1,01073000,0.8828064173034063
window_tcn_hybrid_daily_s1,01078000,0.8595989264874904
window_tcn_hybrid_daily_s1,01123000,0.8157453868849889
window_tcn_hybrid_daily_s1,01134500,0.8207066177086851
window_tcn_hybrid_daily_s1,01137500,0.7161925260424724
window_tcn_hybrid_daily_s1,01139000,0.8188148423559202
window_tcn_hybrid_daily_s1,01139800,0.7410506659949854
window_tcn_hybrid_daily_s1,01142500,0.8028304270230749
window_tcn_hybrid_daily_s1,01144000,0.8597403454031021
window_tcn_hybrid_daily_s1,01162500,0.8113033492156496
window_tcn_hybrid_daily_s1,01169000,0.6894484268036809
window_tcn_hybrid_daily_s1,01170100,0.6818737120198675
window_tcn_hybrid_daily_s1,01181000,0.716410704103954
window_tcn_hybrid_daily_s1,01187300,0.7014696608590161
window_tcn_hybrid_daily_s1,01195100,0.6952194726098033
window_tcn_hybrid_daily_s1,04296000,0.7872153637798417
window_tcn_hybrid_daily_s1,01333000,0.6856770215622795
window_tcn_hybrid_daily_s1,01350000,0.7155275748155059
window_tcn_hybrid_daily_s1,01350080,0.5268851686789969
window_tcn_hybrid_daily_s1,01350140,0.6498131246018861
window_tcn_hybrid_daily_s1,01365000,0.6929615672301255
window_tcn_hybrid_daily_s1,01411300,0.708976505766715
window_tcn_hybrid_daily_s1,01413500,0.7107797603460455
window_tcn_hybrid_daily_s1,01414500,0.6246603038639642
window_tcn_hybrid_daily_s1,01415000,0.6869363968638658
window_tcn_hybrid_daily_s1,01423000,0.8134787822394268
window_tcn_hybrid_daily_s1,01434025,0.6380177573160971
window_tcn_hybrid_daily_s1,01435000,0.7097789777643286
window_tcn_hybrid_daily_s1,01439500,0.8308366292853573
window_tcn_hybrid_daily_s1,01440000,0.8373377770469591
window_tcn_hybrid_daily_s1,01440400,0.7361908344553271
window_tcn_hybrid_daily_s1,01451800,0.799311705039952
window_tcn_hybrid_daily_s1,01466500,0.5543706899039245
window_tcn_hybrid_daily_s1,01484100,0.5679731475301265
window_tcn_hybrid_daily_s1,01487000,0.6526048973205973
window_tcn_hybrid_daily_s1,01491000,0.6483474326708526
window_tcn_hybrid_daily_s1,01510000,0.783419183998601
window_tcn_hybrid_daily_s1,01516500,0.5713273443184765
window_tcn_hybrid_daily_s1,01518862,0.5912576182740642
window_tcn_hybrid_daily_s1,01532000,0.6187691979033538
window_tcn_hybrid_daily_s1,01539000,0.7942218493482394
window_tcn_hybrid_daily_s1,01542810,0.7083087032852036
window_tcn_hybrid_daily_s1,01543000,0.8078274634085597
window_tcn_hybrid_daily_s1,01543500,0.8203310814743195
window_tcn_hybrid_daily_s1,01544500,0.7835876971427673
window_tcn_hybrid_daily_s1,01545600,0.7578613657204328
window_tcn_hybrid_daily_s1,01547700,0.6633438927947617
window_tcn_hybrid_daily_s1,01548500,0.811814657032988
window_tcn_hybrid_daily_s1,01549500,0.6818129579747076
window_tcn_hybrid_daily_s1,01550000,0.7071868645045252
window_tcn_hybrid_daily_s1,01552000,0.7617764445394252
window_tcn_hybrid_daily_s1,01552500,0.7243060373347745
window_tcn_hybrid_daily_s1,01557500,0.7546293443399104
window_tcn_hybrid_daily_s1,01567500,0.5626994084072909
window_tcn_hybrid_daily_s1,01568000,0.7502365196992034
window_tcn_hybrid_daily_s1,01580000,0.7344557905959367
window_tcn_hybrid_daily_s1,01583500,0.6840884105486781
window_tcn_hybrid_daily_s1,01586610,0.6223761227555359
window_tcn_hybrid_daily_s1,01591400,0.5547731291622732
window_tcn_hybrid_daily_s1,01594950,0.43520594437363835
window_tcn_hybrid_daily_s1,01596500,0.7706968202544312
window_tcn_hybrid_daily_s1,01605500,0.7017732688736826
window_tcn_hybrid_daily_s1,01606500,0.7302260944941703
window_tcn_hybrid_daily_s1,01632000,0.6148246280056027
window_tcn_hybrid_daily_s1,01632900,0.5970447941498018
window_tcn_hybrid_daily_s1,01634500,0.3974841429851339
window_tcn_hybrid_daily_s1,01638480,0.569196725320208
window_tcn_hybrid_daily_s1,01639500,0.7223581899983607
window_tcn_hybrid_daily_s1,01644000,0.710598362380223
window_tcn_hybrid_daily_s1,01664000,0.7852419673473842
window_tcn_hybrid_daily_s1,01666500,0.7170038425077677
window_tcn_hybrid_daily_s1,01667500,0.8282186454838276
window_tcn_hybrid_daily_s1,01669000,0.7432073160360038
window_tcn_hybrid_daily_s1,01669520,0.6376296387216696
window_tcn_hybrid_daily_s1,02011400,0.7608593924711394
window_tcn_hybrid_daily_s1,02013000,0.7103069279372298
window_tcn_hybrid_daily_s1,02014000,0.7595564872962495
window_tcn_hybrid_daily_s1,02015700,0.6761165074346784
window_tcn_hybrid_daily_s1,02016000,0.8428142701677445
window_tcn_hybrid_daily_s1,02017500,0.7762051921543884
window_tcn_hybrid_daily_s1,02018000,0.8246121826147792
window_tcn_hybrid_daily_s1,02027000,0.5849383757160289
window_tcn_hybrid_daily_s1,02027500,0.4154898070681964
window_tcn_hybrid_daily_s1,02028500,0.7178337200372487
window_tcn_hybrid_daily_s1,02038850,0.46559572037147134
window_tcn_hybrid_daily_s1,02046000,0.7368482881907672
window_tcn_hybrid_daily_s1,02051500,0.753508461996219
window_tcn_hybrid_daily_s1,02053200,0.8169691205089573
window_tcn_hybrid_daily_s1,02053800,0.7200826755447991
window_tcn_hybrid_daily_s1,02055100,0.6678889937176506
window_tcn_hybrid_daily_s1,02056900,0.7021889872067779
window_tcn_hybrid_daily_s1,02059500,0.6524758216049078
window_tcn_hybrid_daily_s1,02064000,0.5382955727674575
window_tcn_hybrid_daily_s1,02065500,0.7685956588458829
window_tcn_hybrid_daily_s1,02069700,0.7194276409645795
window_tcn_hybrid_daily_s1,02070000,0.6478002666705855
window_tcn_hybrid_daily_s1,02074500,0.6855314153576437
window_tcn_hybrid_daily_s1,02077200,0.5506962237732521
window_tcn_hybrid_daily_s1,02081500,0.8359010709402431
window_tcn_hybrid_daily_s1,02082950,0.5788477824448999
window_tcn_hybrid_daily_s1,02092500,0.7712141430724384
window_tcn_hybrid_daily_s1,02096846,0.39311812696420134
window_tcn_hybrid_daily_s1,02102908,0.5078716557959266
window_tcn_hybrid_daily_s1,02108000,0.7158015034140557
window_tcn_hybrid_daily_s1,02111180,0.6121002951585244
window_tcn_hybrid_daily_s1,02111500,0.6392909226908862
window_tcn_hybrid_daily_s1,02112120,0.692175901655065
window_tcn_hybrid_daily_s1,02112360,0.6994902203869771
window_tcn_hybrid_daily_s1,02118500,0.7678893094493207
window_tcn_hybrid_daily_s1,02125000,0.654682233569114
window_tcn_hybrid_daily_s1,02128000,0.5515361870965609
window_tcn_hybrid_daily_s1,02137727,0.751872976571632
window_tcn_hybrid_daily_s1,02140991,0.6698494692901946
window_tcn_hybrid_daily_s1,02143000,0.8071310208574144
window_tcn_hybrid_daily_s1,02143040,0.7802102593962126
window_tcn_hybrid_daily_s1,02149000,0.8024436051949433
window_tcn_hybrid_daily_s1,02152100,0.7409874396030198
window_tcn_hybrid_daily_s1,02177000,0.8394817575723655
window_tcn_hybrid_daily_s1,02178400,0.754296401106097
window_tcn_hybrid_daily_s1,02193340,0.4112730975339701
window_tcn_hybrid_daily_s1,02196000,0.7156270812294152
window_tcn_hybrid_daily_s1,02198100,0.5567032889331429
window_tcn_hybrid_daily_s1,02202600,0.6449418022410327
window_tcn_hybrid_daily_s1,02212600,0.7745240662745771
window_tcn_hybrid_daily_s1,02215100,0.676753431590128
window_tcn_hybrid_daily_s1,02216180,0.768593947674028
window_tcn_hybrid_daily_s1,02221525,0.7485027105510146
window_tcn_hybrid_daily_s1,02231000,0.7909458355756703
window_tcn_hybrid_daily_s1,02245500,0.6542853371600962
window_tcn_hybrid_daily_s1,02246000,0.7958890702270602
window_tcn_hybrid_daily_s1,02296500,0.7993466989853192
window_tcn_hybrid_daily_s1,02297155,0.48385629070840763
window_tcn_hybrid_daily_s1,02297310,0.6869624452017632
window_tcn_hybrid_daily_s1,02298123,0.7135346078043043
window_tcn_hybrid_daily_s1,02298608,0.6763499376088805
window_tcn_hybrid_daily_s1,02299950,0.6142373090617367
window_tcn_hybrid_daily_s1,02300700,0.5960966627139876
window_tcn_hybrid_daily_s1,02342933,0.6622993831520115
window_tcn_hybrid_daily_s1,02349900,0.758411301058627
window_tcn_hybrid_daily_s1,02350900,0.7216810309660242
window_tcn_hybrid_daily_s1,02361000,0.7908498247336406
window_tcn_hybrid_daily_s1,02363000,0.5251190657356669
window_tcn_hybrid_daily_s1,02369800,0.8026625463814097
window_tcn_hybrid_daily_s1,02371500,0.8014796105115212
window_tcn_hybrid_daily_s1,02372250,0.6969050225391022
window_tcn_hybrid_daily_s1,02374500,0.40684403776571987
window_tcn_hybrid_daily_s1,02381600,0.4539806700383231
window_tcn_hybrid_daily_s1,02384540,0.5728021031920234
window_tcn_hybrid_daily_s1,02395120,0.6511169204590613
window_tcn_hybrid_daily_s1,02415000,0.5764397310768296
window_tcn_hybrid_daily_s1,02427250,0.4826366049951323
window_tcn_hybrid_daily_s1,02430085,0.3632149180609543
window_tcn_hybrid_daily_s1,02450250,0.8045142860618444
window_tcn_hybrid_daily_s1,02464000,0.806196252956441
window_tcn_hybrid_daily_s1,02464360,0.6408342061223573
window_tcn_hybrid_daily_s1,02465493,0.544411256817598
window_tcn_hybrid_daily_s1,02469800,0.6389647821145764
window_tcn_hybrid_daily_s1,02472000,0.8753013034849946
window_tcn_hybrid_daily_s1,02472500,0.8088246091129815
window_tcn_hybrid_daily_s1,02479155,0.6701584993811112
window_tcn_hybrid_daily_s1,02479300,0.7539179466143896
window_tcn_hybrid_daily_s1,02479560,0.8011406192581066
window_tcn_hybrid_daily_s1,02481000,0.7223618537154977
window_tcn_hybrid_daily_s1,02481510,0.771920139092312
window_tcn_hybrid_daily_s1,04015330,0.7256169077480562
window_tcn_hybrid_daily_s1,04024430,0.762266221609749
window_tcn_hybrid_daily_s1,04027000,0.8489492410064514
window_tcn_hybrid_daily_s1,04040500,0.8003981301575817
window_tcn_hybrid_daily_s1,04043050,0.7858175962971451
window_tcn_hybrid_daily_s1,04045500,0.8925770432593125
window_tcn_hybrid_daily_s1,04057510,0.76280884426451
window_tcn_hybrid_daily_s1,04057800,0.7685378058986947
window_tcn_hybrid_daily_s1,04059500,0.8181551128486433
window_tcn_hybrid_daily_s1,04063700,0.7439478581420538
window_tcn_hybrid_daily_s1,04074950,0.8020113454014313
window_tcn_hybrid_daily_s1,04105700,0.7277602020071774
window_tcn_hybrid_daily_s1,04115265,0.11094862431803176
window_tcn_hybrid_daily_s1,04122200,0.7757102770896749
window_tcn_hybrid_daily_s1,04122500,0.7425627094979284
window_tcn_hybrid_daily_s1,04127918,0.6544542357253769
window_tcn_hybrid_daily_s1,04127997,0.6993313399317425
window_tcn_hybrid_daily_s1,04161580,0.5968907650429001
window_tcn_hybrid_daily_s1,04185000,0.7810588554108484
window_tcn_hybrid_daily_s1,04196800,0.7711061198060453
window_tcn_hybrid_daily_s1,04197100,0.7181743312931665
window_tcn_hybrid_daily_s1,04197170,0.6596134328648574
window_tcn_hybrid_daily_s1,04213000,0.7154090107453803
window_tcn_hybrid_daily_s1,04213075,0.2825031200900727
window_tcn_hybrid_daily_s1,04216418,0.6843636620539706
window_tcn_hybrid_daily_s1,04221000,0.7724988067627523
window_tcn_hybrid_daily_s1,04224775,0.6346606473585057
window_tcn_hybrid_daily_s1,04233000,0.6654938998326401
window_tcn_hybrid_daily_s1,04256000,0.7929299897703816
window_tcn_hybrid_daily_s1,03010655,0.763887898542352
window_tcn_hybrid_daily_s1,03011800,0.7483035599953551
window_tcn_hybrid_daily_s1,03015500,0.7728063664844883
window_tcn_hybrid_daily_s1,03021350,0.6328531519248225
window_tcn_hybrid_daily_s1,03026500,0.7084400457625408
window_tcn_hybrid_daily_s1,03028000,0.7352120521435688
window_tcn_hybrid_daily_s1,03049000,0.6946574710627897
window_tcn_hybrid_daily_s1,03049800,0.35475765218093636
window_tcn_hybrid_daily_s1,03050000,0.365498554706548
window_tcn_hybrid_daily_s1,03069500,0.8505615677849107
window_tcn_hybrid_daily_s1,03070500,0.7841035744028635
window_tcn_hybrid_daily_s1,03076600,0.6618655097127253
window_tcn_hybrid_daily_s1,03078000,0.7308358547781282
window_tcn_hybrid_daily_s1,03140000,0.7333382912987909
window_tcn_hybrid_daily_s1,03144000,0.7233124019090971
window_tcn_hybrid_daily_s1,03170000,0.8096923241281797
window_tcn_hybrid_daily_s1,03173000,0.7955520678639088
window_tcn_hybrid_daily_s1,03180500,0.7586438779290301
window_tcn_hybrid_daily_s1,03182500,0.8411736435369742
window_tcn_hybrid_daily_s1,03186500,0.7536453989358767
window_tcn_hybrid_daily_s1,03237280,0.47443086026558035
window_tcn_hybrid_daily_s1,03237500,0.7654365720290678
window_tcn_hybrid_daily_s1,03238500,0.6732819737875961
window_tcn_hybrid_daily_s1,03241500,0.7952162646350127
window_tcn_hybrid_daily_s1,03280700,0.6607484586320456
window_tcn_hybrid_daily_s1,03281500,0.8528408203703837
window_tcn_hybrid_daily_s1,03285000,0.7405777030905947
window_tcn_hybrid_daily_s1,03291780,0.6631076170759214
window_tcn_hybrid_daily_s1,03338780,0.6630407428538925
window_tcn_hybrid_daily_s1,03340800,0.7283195575983772
window_tcn_hybrid_daily_s1,03346000,0.8082160276497009
window_tcn_hybrid_daily_s1,03364500,0.6936768240046909
window_tcn_hybrid_daily_s1,03366500,0.8094666443505453
window_tcn_hybrid_daily_s1,03368000,0.5797793288658046
window_tcn_hybrid_daily_s1,03384450,0.6922791198486703
window_tcn_hybrid_daily_s1,03439000,0.8219640740470386
window_tcn_hybrid_daily_s1,03455500,0.576334977428512
window_tcn_hybrid_daily_s1,03456500,0.7313183732175106
window_tcn_hybrid_daily_s1,03460000,0.7478886232049291
window_tcn_hybrid_daily_s1,03463300,0.620567905546959
window_tcn_hybrid_daily_s1,03471500,0.6594235706299957
window_tcn_hybrid_daily_s1,03473000,0.7782359287551047
window_tcn_hybrid_daily_s1,03479000,0.7179778583704625
window_tcn_hybrid_daily_s1,03488000,0.8150821555377095
window_tcn_hybrid_daily_s1,03498500,0.8516301880406419
window_tcn_hybrid_daily_s1,03500000,0.8812169653349121
window_tcn_hybrid_daily_s1,03500240,0.8020888537944538
window_tcn_hybrid_daily_s1,03504000,0.7381449712354068
window_tcn_hybrid_daily_s1,03574500,0.7289528865593928
window_tcn_hybrid_daily_s1,03592718,0.5789758490034306
window_tcn_hybrid_daily_s1,03604000,0.699487680436663
window_tcn_hybrid_daily_s1,05291000,0.67334238719555
window_tcn_hybrid_daily_s1,05362000,0.8223382387044484
window_tcn_hybrid_daily_s1,05393500,0.813525572426056
window_tcn_hybrid_daily_s1,05399500,0.6403406830384671
window_tcn_hybrid_daily_s1,05408000,0.6333391383674359
window_tcn_hybrid_daily_s1,05413500,0.5742543940273287
window_tcn_hybrid_daily_s1,05414000,0.45412524535680165
window_tcn_hybrid_daily_s1,05444000,0.5588950853227391
window_tcn_hybrid_daily_s1,05454000,0.5357565167655687
window_tcn_hybrid_daily_s1,05458000,0.6920333322219403
window_tcn_hybrid_daily_s1,05466500,0.7723881316403332
window_tcn_hybrid_daily_s1,05487980,0.7692679744118306
window_tcn_hybrid_daily_s1,05488200,0.5728452117457206
window_tcn_hybrid_daily_s1,05489000,0.6633424560474293
window_tcn_hybrid_daily_s1,05495000,0.7886150119226916
window_tcn_hybrid_daily_s1,05495500,0.7880177349538359
window_tcn_hybrid_daily_s1,05501000,0.7496854428738172
window_tcn_hybrid_daily_s1,05503800,0.6687778126323716
window_tcn_hybrid_daily_s1,05507600,0.6854419562606567
window_tcn_hybrid_daily_s1,05508805,0.7259428328962085
window_tcn_hybrid_daily_s1,05525500,0.773351063611722
window_tcn_hybrid_daily_s1,05556500,0.739525855593812
window_tcn_hybrid_daily_s1,05584500,0.7785707198863725
window_tcn_hybrid_daily_s1,05591550,0.6684855778985603
window_tcn_hybrid_daily_s1,05592050,0.7127205053137428
window_tcn_hybrid_daily_s1,05592575,0.4301409332265995
window_tcn_hybrid_daily_s1,05593575,0.7752209026145603
window_tcn_hybrid_daily_s1,05593900,0.6736600980031084
window_tcn_hybrid_daily_s1,05595730,0.8045327104619489
window_tcn_hybrid_daily_s1,07291000,0.544180143145117
window_tcn_hybrid_daily_s1,07359610,0.545012851149342
window_tcn_hybrid_daily_s1,07362100,0.743312610868986
window_tcn_hybrid_daily_s1,07362587,0.4276249882772226
window_tcn_hybrid_daily_s1,07375000,0.1993704464749253
window_tcn_hybrid_daily_s1,08013000,0.426682586926623
window_tcn_hybrid_daily_s1,08014500,0.5722452716375
window_tcn_hybrid_daily_s1,05057200,0.3099696372287549
window_tcn_hybrid_daily_s1,05120500,0.5383848452981137
window_tcn_hybrid_daily_s1,06221400,0.6231543151573864
window_tcn_hybrid_daily_s1,06224000,0.8292587552861457
window_tcn_hybrid_daily_s1,06278300,0.8050365469437761
window_tcn_hybrid_daily_s1,06280300,0.8353611578263934
window_tcn_hybrid_daily_s1,06289000,0.7106240351152995
window_tcn_hybrid_daily_s1,06291500,0.6462444737971844
window_tcn_hybrid_daily_s1,06311000,0.7265597931208664
window_tcn_hybrid_daily_s1,06332515,0.2135361335254793
window_tcn_hybrid_daily_s1,06339100,0.23098862426435074
window_tcn_hybrid_daily_s1,06344600,0.16246645798611825
window_tcn_hybrid_daily_s1,06350000,0.28936931687674283
window_tcn_hybrid_daily_s1,06352000,0.28396259831254167
window_tcn_hybrid_daily_s1,06404000,0.6442369655088099
window_tcn_hybrid_daily_s1,06406000,0.4048801714796325
window_tcn_hybrid_daily_s1,06409000,0.10920983408852769
window_tcn_hybrid_daily_s1,06431500,-0.30803707998083385
window_tcn_hybrid_daily_s1,06440200,0.28376444077592355
window_tcn_hybrid_daily_s1,06447500,0.3905866485392774
window_tcn_hybrid_daily_s1,06470800,0.25882010218990814
window_tcn_hybrid_daily_s1,06477500,0.43471806422962367
window_tcn_hybrid_daily_s1,06479215,0.36147419765191746
window_tcn_hybrid_daily_s1,06601000,0.4007625669707875
window_tcn_hybrid_daily_s1,06614800,0.8453106424067472
window_tcn_hybrid_daily_s1,06622700,0.8749235905653454
window_tcn_hybrid_daily_s1,06623800,0.9075515215521126
window_tcn_hybrid_daily_s1,06632400,0.8802873034395592
window_tcn_hybrid_daily_s1,06746095,0.7287847085482363
window_tcn_hybrid_daily_s1,06803510,0.457196157510358
window_tcn_hybrid_daily_s1,06803530,0.5999191333713021
window_tcn_hybrid_daily_s1,06814000,0.6595242650724961
window_tcn_hybrid_daily_s1,06847900,0.44247993248262874
window_tcn_hybrid_daily_s1,06853800,0.3574074087424737
window_tcn_hybrid_daily_s1,06876700,0.42550766385846317
window_tcn_hybrid_daily_s1,06878000,0.6421267983239816
window_tcn_hybrid_daily_s1,06879650,0.0986620061339879
window_tcn_hybrid_daily_s1,06885500,0.7424427035463439
window_tcn_hybrid_daily_s1,06888500,0.6972876830084058
window_tcn_hybrid_daily_s1,06889200,0.4889580334242901
window_tcn_hybrid_daily_s1,06889500,0.6766386755480309
window_tcn_hybrid_daily_s1,06892000,0.7840635615513825
window_tcn_hybrid_daily_s1,06903400,0.5108516996127412
window_tcn_hybrid_daily_s1,06906800,0.5993502559213981
window_tcn_hybrid_daily_s1,06910800,0.5338641856909603
window_tcn_hybrid_daily_s1,06911900,0.7848418934653625
window_tcn_hybrid_daily_s1,06917000,0.816854446625987
window_tcn_hybrid_daily_s1,06918460,0.43104671535071926
window_tcn_hybrid_daily_s1,06919500,0.7819829914784382
window_tcn_hybrid_daily_s1,06921070,0.6772839629681354
window_tcn_hybrid_daily_s1,06921200,0.6362208858177395
window_tcn_hybrid_daily_s1,07057500,0.7835708560203598
window_tcn_hybrid_daily_s1,07060710,0.55262082477724
window_tcn_hybrid_daily_s1,07066000,0.7338248918301727
window_tcn_hybrid_daily_s1,07083000,0.8684186766691446
window_tcn_hybrid_daily_s1,07142300,-0.10304277711756393
window_tcn_hybrid_daily_s1,07145700,0.6954623538710751
window_tcn_hybrid_daily_s1,07167500,0.557640410741224
window_tcn_hybrid_daily_s1,07180500,0.6325588155669581
window_tcn_hybrid_daily_s1,07184000,0.61228515037104
window_tcn_hybrid_daily_s1,07195800,0.507005166213751
window_tcn_hybrid_daily_s1,07196900,0.4813509947200194
window_tcn_hybrid_daily_s1,07197000,0.7315874670640803
window_tcn_hybrid_daily_s1,07208500,0.454838181500547
window_tcn_hybrid_daily_s1,07261000,0.6717799838138008
window_tcn_hybrid_daily_s1,07263295,0.4699082373140744
window_tcn_hybrid_daily_s1,07299670,0.36411505963740554
window_tcn_hybrid_daily_s1,07301410,-0.1933610114171176
window_tcn_hybrid_daily_s1,07315200,0.4329059716161143
window_tcn_hybrid_daily_s1,07315700,0.5599539781358759
window_tcn_hybrid_daily_s1,07335700,0.4108467526166727
window_tcn_hybrid_daily_s1,07340300,0.6950587544947195
window_tcn_hybrid_daily_s1,07346045,0.814523856205926
window_tcn_hybrid_daily_s1,08023080,0.6829289318735627
window_tcn_hybrid_daily_s1,08050800,0.7094017520527143
window_tcn_hybrid_daily_s1,08066200,0.6751345874373615
window_tcn_hybrid_daily_s1,08066300,0.2819169136398024
window_tcn_hybrid_daily_s1,08070000,0.46467559601982056
window_tcn_hybrid_daily_s1,08070200,0.6564040619299507
window_tcn_hybrid_daily_s1,08082700,0.2557502854185064
window_tcn_hybrid_daily_s1,08086212,0.539382773740168
window_tcn_hybrid_daily_s1,08086290,0.5176286148902876
window_tcn_hybrid_daily_s1,08101000,0.6148322163704134
window_tcn_hybrid_daily_s1,08103900,0.437329851907414
window_tcn_hybrid_daily_s1,08104900,0.4900804138907814
window_tcn_hybrid_daily_s1,08109700,0.5901794934408471
window_tcn_hybrid_daily_s1,08150800,-0.159683697708199
window_tcn_hybrid_daily_s1,08158700,0.40630070902449666
window_tcn_hybrid_daily_s1,08158810,0.5173981214367984
window_tcn_hybrid_daily_s1,08164300,0.7314973336908628
window_tcn_hybrid_daily_s1,08164600,0.7339037727536122
window_tcn_hybrid_daily_s1,08165300,-1.7887512736330389
window_tcn_hybrid_daily_s1,08171300,0.7321727340691074
window_tcn_hybrid_daily_s1,08175000,0.4540162047298617
window_tcn_hybrid_daily_s1,08176900,0.5558696703303883
window_tcn_hybrid_daily_s1,08178880,0.3984600871637587
window_tcn_hybrid_daily_s1,08189500,0.5535151590159318
window_tcn_hybrid_daily_s1,08190000,0.5899672712942957
window_tcn_hybrid_daily_s1,08190500,0.3220482868325235
window_tcn_hybrid_daily_s1,08194200,0.17983817991545858
window_tcn_hybrid_daily_s1,08195000,0.5038850432738391
window_tcn_hybrid_daily_s1,08196000,0.3622756364793619
window_tcn_hybrid_daily_s1,08198500,0.5054177922835547
window_tcn_hybrid_daily_s1,08200000,0.4470434289243024
window_tcn_hybrid_daily_s1,08202700,0.4315120933684775
window_tcn_hybrid_daily_s1,08267500,0.7047236754875057
window_tcn_hybrid_daily_s1,08269000,0.6521880860518439
window_tcn_hybrid_daily_s1,08271000,0.7915531824533966
window_tcn_hybrid_daily_s1,08324000,0.7768646122433656
window_tcn_hybrid_daily_s1,08377900,0.8251858674195386
window_tcn_hybrid_daily_s1,08378500,0.8310649997834166
window_tcn_hybrid_daily_s1,08380500,0.5320306148168691
window_tcn_hybrid_daily_s1,09035800,0.8598680960480594
window_tcn_hybrid_daily_s1,09035900,0.8797607434557537
window_tcn_hybrid_daily_s1,09047700,0.6976801628769456
window_tcn_hybrid_daily_s1,09065500,0.8909513154406936
window_tcn_hybrid_daily_s1,09066000,0.9035507253854097
window_tcn_hybrid_daily_s1,09066200,0.8722683633570191
window_tcn_hybrid_daily_s1,09066300,0.8692769553349142
window_tcn_hybrid_daily_s1,09081600,0.9312856663264876
window_tcn_hybrid_daily_s1,09107000,0.5338307715034699
window_tcn_hybrid_daily_s1,09210500,0.7591045777919699
window_tcn_hybrid_daily_s1,09223000,0.8982042457428918
window_tcn_hybrid_daily_s1,09306242,0.12698100110900512
window_tcn_hybrid_daily_s1,09312600,0.6190326438603289
window_tcn_hybrid_daily_s1,09352900,0.8390719063363363
window_tcn_hybrid_daily_s1,09378170,0.3636165533699478
window_tcn_hybrid_daily_s1,09386900,0.35366187808334626
window_tcn_hybrid_daily_s1,09404450,0.8041155432735704
window_tcn_hybrid_daily_s1,09430600,0.27172145449385643
window_tcn_hybrid_daily_s1,09447800,-0.9794602629892002
window_tcn_hybrid_daily_s1,09484600,0.07221036834072014
window_tcn_hybrid_daily_s1,09492400,0.6686308611352035
window_tcn_hybrid_daily_s1,09494000,0.6246996923835324
window_tcn_hybrid_daily_s1,09497980,0.7125751344488882
window_tcn_hybrid_daily_s1,09505350,0.44210024558290517
window_tcn_hybrid_daily_s1,09505800,0.28514356337175917
window_tcn_hybrid_daily_s1,09508300,0.6706151247094605
window_tcn_hybrid_daily_s1,09510200,0.6655026562035289
window_tcn_hybrid_daily_s1,09512280,0.3861652190050433
window_tcn_hybrid_daily_s1,09513780,0.29370850340163146
window_tcn_hybrid_daily_s1,10234500,0.7343473244387164
window_tcn_hybrid_daily_s1,10244950,0.5062565220873307
window_tcn_hybrid_daily_s1,10336645,0.8281861761563218
window_tcn_hybrid_daily_s1,10336660,0.7395994561088409
window_tcn_hybrid_daily_s1,10343500,0.6301905857794252
window_tcn_hybrid_daily_s1,12010000,0.8940864522673478
window_tcn_hybrid_daily_s1,12013500,0.8854134416552344
window_tcn_hybrid_daily_s1,12020000,0.6350390189854519
window_tcn_hybrid_daily_s1,12025700,0.798119522640941
window_tcn_hybrid_daily_s1,12035000,0.8989244606663799
window_tcn_hybrid_daily_s1,12040500,0.8381357700342896
window_tcn_hybrid_daily_s1,12041200,0.7356611830740964
window_tcn_hybrid_daily_s1,12048000,0.4539501861474087
window_tcn_hybrid_daily_s1,12054000,0.7164311075883467
window_tcn_hybrid_daily_s1,12056500,0.6849099106769385
window_tcn_hybrid_daily_s1,12073500,0.7974730068408107
window_tcn_hybrid_daily_s1,12082500,0.7692807574780347
window_tcn_hybrid_daily_s1,12092000,0.6918050545084315
window_tcn_hybrid_daily_s1,12114500,0.8033700652862689
window_tcn_hybrid_daily_s1,12115000,0.8170807195584446
window_tcn_hybrid_daily_s1,12117000,0.8295105293946543
window_tcn_hybrid_daily_s1,12143600,0.7873683104390018
window_tcn_hybrid_daily_s1,12144000,0.7228111814499258
window_tcn_hybrid_daily_s1,12145500,0.9045657284800181
window_tcn_hybrid_daily_s1,12147500,0.6113241352875585
window_tcn_hybrid_daily_s1,12167000,0.7695153719165566
window_tcn_hybrid_daily_s1,12175500,0.804980868193667
window_tcn_hybrid_daily_s1,12178100,0.7742277350524196
window_tcn_hybrid_daily_s1,12186000,0.6895507615012865
window_tcn_hybrid_daily_s1,12189500,0.8062903806279088
window_tcn_hybrid_daily_s1,12375900,0.8211189321851945
window_tcn_hybrid_daily_s1,12377150,0.877195569583428
window_tcn_hybrid_daily_s1,12381400,0.7294118653463103
window_tcn_hybrid_daily_s1,12383500,0.6579434662455296
window_tcn_hybrid_daily_s1,12390700,0.747847799680259
window_tcn_hybrid_daily_s1,12411000,0.7188868748144789
window_tcn_hybrid_daily_s1,12447390,0.7902577224850192
window_tcn_hybrid_daily_s1,12451000,0.8303479063973039
window_tcn_hybrid_daily_s1,12488500,0.7495568382489808
window_tcn_hybrid_daily_s1,13011500,0.8093617977266547
window_tcn_hybrid_daily_s1,13011900,0.8323502031486237
window_tcn_hybrid_daily_s1,13018300,0.7660948307512442
window_tcn_hybrid_daily_s1,13023000,0.9141358105485422
window_tcn_hybrid_daily_s1,13161500,0.8292243551107916
window_tcn_hybrid_daily_s1,13235000,0.7946199910777149
window_tcn_hybrid_daily_s1,13240000,0.8364551022083837
window_tcn_hybrid_daily_s1,13313000,0.8335158833624822
window_tcn_hybrid_daily_s1,13331500,0.8934683125605659
window_tcn_hybrid_daily_s1,14020000,0.7364737939457368
window_tcn_hybrid_daily_s1,14096850,0.3625619339300926
window_tcn_hybrid_daily_s1,14137000,0.7957780188753774
window_tcn_hybrid_daily_s1,14138800,0.8038431493948862
window_tcn_hybrid_daily_s1,14138870,0.7833654575785759
window_tcn_hybrid_daily_s1,14138900,0.8309079505553859
window_tcn_hybrid_daily_s1,14139800,0.8339372301814083
window_tcn_hybrid_daily_s1,14141500,0.8099272820591522
window_tcn_hybrid_daily_s1,14154500,0.8789717714046723
window_tcn_hybrid_daily_s1,14158790,0.7694062574578044
window_tcn_hybrid_daily_s1,14166500,0.8995130567931214
window_tcn_hybrid_daily_s1,14182500,0.8111927034525513
window_tcn_hybrid_daily_s1,14185000,0.9024050693285846
window_tcn_hybrid_daily_s1,14185900,0.8633469316325822
window_tcn_hybrid_daily_s1,14187000,0.04024899721676123
window_tcn_hybrid_daily_s1,14216500,0.7216276785800129
window_tcn_hybrid_daily_s1,14222500,0.9027014352444045
window_tcn_hybrid_daily_s1,14236200,0.8788724869312554
window_tcn_hybrid_daily_s1,14301000,0.9049169970704434
window_tcn_hybrid_daily_s1,14303200,0.5594189115643133
window_tcn_hybrid_daily_s1,14305500,0.88742577724564
window_tcn_hybrid_daily_s1,14306340,0.28449722379191766
window_tcn_hybrid_daily_s1,14306500,0.8713157127580962
window_tcn_hybrid_daily_s1,14308990,0.08687775910820872
window_tcn_hybrid_daily_s1,14309500,0.8066923413102729
window_tcn_hybrid_daily_s1,14316700,0.8520151682496551
window_tcn_hybrid_daily_s1,14325000,0.8464890319737406
window_tcn_hybrid_daily_s1,14362250,0.14610169710670695
window_tcn_hybrid_daily_s1,14400000,0.8847357881534327
window_tcn_hybrid_daily_s1,10259000,0.6011160070828423
window_tcn_hybrid_daily_s1,11124500,0.7474317848781874
window_tcn_hybrid_daily_s1,11141280,0.680142579217858
window_tcn_hybrid_daily_s1,11143000,0.7497546425599453
window_tcn_hybrid_daily_s1,11148900,0.7785327460037348
window_tcn_hybrid_daily_s1,11151300,0.6273611812559025
window_tcn_hybrid_daily_s1,11176400,0.49888309596838787
window_tcn_hybrid_daily_s1,11230500,0.8437776468455381
window_tcn_hybrid_daily_s1,11237500,0.728468256041316
window_tcn_hybrid_daily_s1,11264500,0.8467991833988254
window_tcn_hybrid_daily_s1,11266500,0.8313185893709323
window_tcn_hybrid_daily_s1,11284400,0.6514798121411917
window_tcn_hybrid_daily_s1,11381500,0.7424851351862531
window_tcn_hybrid_daily_s1,11451100,0.703391762489318
window_tcn_hybrid_daily_s1,11468500,0.86296890724266
window_tcn_hybrid_daily_s1,11473900,0.7280990838868389
window_tcn_hybrid_daily_s1,11475560,0.6966475809270365
window_tcn_hybrid_daily_s1,11476600,0.7302819714524474
window_tcn_hybrid_daily_s1,11478500,0.7963931844145546
window_tcn_hybrid_daily_s1,11480390,0.7274655262650433
window_tcn_hybrid_daily_s1,11481200,0.8079465616991864
window_tcn_hybrid_daily_s1,11482500,0.8033914214285772
window_tcn_hybrid_daily_s1,11522500,0.6991207940892472
window_tcn_hybrid_daily_s1,11523200,0.7560504298391966
window_tcn_hybrid_daily_s1,11528700,0.6771344828537782
window_tcn_hybrid_daily_s1,11532500,0.8868937955934266
window_patch_latent_fixed_s1,01022500,0.7367448776067904
window_patch_latent_fixed_s1,01031500,0.7425824891806343
window_patch_latent_fixed_s1,01047000,0.7096173945761168
window_patch_latent_fixed_s1,01052500,0.6615218708698611
window_patch_latent_fixed_s1,01054200,0.5176073775706467
window_patch_latent_fixed_s1,01055000,0.5291042761379137
window_patch_latent_fixed_s1,01057000,0.7004708752583296
window_patch_latent_fixed_s1,01073000,0.6679249838845807
window_patch_latent_fixed_s1,01078000,0.7316233941164009
window_patch_latent_fixed_s1,01123000,0.7185061769037732
window_patch_latent_fixed_s1,01134500,0.6814781936461503
window_patch_latent_fixed_s1,01137500,0.6000211257512673
window_patch_latent_fixed_s1,01139000,0.6832270786371735
window_patch_latent_fixed_s1,01139800,0.6398342215722927
window_patch_latent_fixed_s1,01142500,0.7011016289931771
window_patch_latent_fixed_s1,01144000,0.7311681776205231
window_patch_latent_fixed_s1,01162500,0.6306017174239582
window_patch_latent_fixed_s1,01169000,0.5553231754545325
window_patch_latent_fixed_s1,01170100,0.5853331758235976
window_patch_latent_fixed_s1,01181000,0.5956854689977465
window_patch_latent_fixed_s1,01187300,0.6122132549675992
window_patch_latent_fixed_s1,01195100,0.6265335373434575
window_patch_latent_fixed_s1,04296000,0.6846199013897815
window_patch_latent_fixed_s1,01333000,0.5604806374251432
window_patch_latent_fixed_s1,01350000,0.4817425003329059
window_patch_latent_fixed_s1,01350080,0.132380250156507
window_patch_latent_fixed_s1,01350140,0.4447758561249012
window_patch_latent_fixed_s1,01365000,0.5262611943483595
window_patch_latent_fixed_s1,01411300,0.4079778068461125
window_patch_latent_fixed_s1,01413500,0.5327289241397342
window_patch_latent_fixed_s1,01414500,0.3813059048023003
window_patch_latent_fixed_s1,01415000,0.4428524830111983
window_patch_latent_fixed_s1,01423000,0.5325515124222449
window_patch_latent_fixed_s1,01434025,0.27316047581899816
window_patch_latent_fixed_s1,01435000,0.5231669783253677
window_patch_latent_fixed_s1,01439500,0.6680660759521517
window_patch_latent_fixed_s1,01440000,0.6735417064272953
window_patch_latent_fixed_s1,01440400,0.6203694759204498
window_patch_latent_fixed_s1,01451800,0.6175643388491607
window_patch_latent_fixed_s1,01466500,0.3367594447575949
window_patch_latent_fixed_s1,01484100,0.2880429962528739
window_patch_latent_fixed_s1,01487000,0.5771638250901282
window_patch_latent_fixed_s1,01491000,0.5792961798864644
window_patch_latent_fixed_s1,01510000,0.6019710929907152
window_patch_latent_fixed_s1,01516500,0.2730283816233724
window_patch_latent_fixed_s1,01518862,0.42535967946934994
window_patch_latent_fixed_s1,01532000,0.44110684485523033
window_patch_latent_fixed_s1,01539000,0.7315683531336566
window_patch_latent_fixed_s1,01542810,0.5259799022678446
window_patch_latent_fixed_s1,01543000,0.630107322870465
window_patch_latent_fixed_s1,01543500,0.6469775197379568
window_patch_latent_fixed_s1,01544500,0.6125896062873305
window_patch_latent_fixed_s1,01545600,0.6166740258462925
window_patch_latent_fixed_s1,01547700,0.47414223688372037
window_patch_latent_fixed_s1,01548500,0.695015419019569
window_patch_latent_fixed_s1,01549500,0.5169924812924935
window_patch_latent_fixed_s1,01550000,0.5329171084735762
window_patch_latent_fixed_s1,01552000,0.6182878306593216
window_patch_latent_fixed_s1,01552500,0.5820854888061046
window_patch_latent_fixed_s1,01557500,0.5917986076661803
window_patch_latent_fixed_s1,01567500,0.36541058649015934
window_patch_latent_fixed_s1,01568000,0.5943717892301114
window_patch_latent_fixed_s1,01580000,-0.033889436356493
window_patch_latent_fixed_s1,01583500,-0.08877733972232904
window_patch_latent_fixed_s1,01586610,0.4319075967154017
window_patch_latent_fixed_s1,01591400,0.27354472046579403
window_patch_latent_fixed_s1,01594950,0.34788728444795136
window_patch_latent_fixed_s1,01596500,0.621597347291037
window_patch_latent_fixed_s1,01605500,0.47286143360461264
window_patch_latent_fixed_s1,01606500,0.6119569014686954
window_patch_latent_fixed_s1,01632000,0.3962755755084235
window_patch_latent_fixed_s1,01632900,0.5043974335946484
window_patch_latent_fixed_s1,01634500,0.4035194582449263
window_patch_latent_fixed_s1,01638480,0.44448956334247136
window_patch_latent_fixed_s1,01639500,0.5519574590867643
window_patch_latent_fixed_s1,01644000,0.5227024732230325
window_patch_latent_fixed_s1,01664000,0.6542765038707397
window_patch_latent_fixed_s1,01666500,0.5726416817215152
window_patch_latent_fixed_s1,01667500,0.6696824136921956
window_patch_latent_fixed_s1,01669000,0.6077065658961636
window_patch_latent_fixed_s1,01669520,0.40106299453104655
window_patch_latent_fixed_s1,02011400,0.6242906344975245
window_patch_latent_fixed_s1,02013000,0.5579853197687621
window_patch_latent_fixed_s1,02014000,0.5525677871341016
window_patch_latent_fixed_s1,02015700,0.5931352541948102
window_patch_latent_fixed_s1,02016000,0.6948389829617726
window_patch_latent_fixed_s1,02017500,0.6560169980265409
window_patch_latent_fixed_s1,02018000,0.6864243068973055
window_patch_latent_fixed_s1,02027000,0.5447957724824375
window_patch_latent_fixed_s1,02027500,0.4116400521730169
window_patch_latent_fixed_s1,02028500,0.6247232248698771
window_patch_latent_fixed_s1,02038850,0.4240811454939608
window_patch_latent_fixed_s1,02046000,0.5652374107161555
window_patch_latent_fixed_s1,02051500,0.6995832151828894
window_patch_latent_fixed_s1,02053200,0.5117129394463795
window_patch_latent_fixed_s1,02053800,0.567026091621872
window_patch_latent_fixed_s1,02055100,0.512615561447194
window_patch_latent_fixed_s1,02056900,0.6186206296609289
window_patch_latent_fixed_s1,02059500,0.5999567296173587
window_patch_latent_fixed_s1,02064000,0.6810206957898821
window_patch_latent_fixed_s1,02065500,0.5739086343991909
window_patch_latent_fixed_s1,02069700,0.5619700045982577
window_patch_latent_fixed_s1,02070000,0.6425790999919205
window_patch_latent_fixed_s1,02074500,0.5310438951391481
window_patch_latent_fixed_s1,02077200,0.27846539849581586
window_patch_latent_fixed_s1,02081500,0.5087295734092071
window_patch_latent_fixed_s1,02082950,0.4150212357347959
window_patch_latent_fixed_s1,02092500,0.4534195916134557
window_patch_latent_fixed_s1,02096846,0.29825833570447935
window_patch_latent_fixed_s1,02102908,0.10179695257882349
window_patch_latent_fixed_s1,02108000,0.4483614171852309
window_patch_latent_fixed_s1,02111180,0.6475393807547862
window_patch_latent_fixed_s1,02111500,0.5838216899615526
window_patch_latent_fixed_s1,02112120,0.5985011341101633
window_patch_latent_fixed_s1,02112360,0.675063575999659
window_patch_latent_fixed_s1,02118500,0.6365286650552016
window_patch_latent_fixed_s1,02125000,0.6416657112493793
window_patch_latent_fixed_s1,02128000,0.4287230216700578
window_patch_latent_fixed_s1,02137727,0.3441063353432434
window_patch_latent_fixed_s1,02140991,0.2456595194147423
window_patch_latent_fixed_s1,02143000,0.6941466089649614
window_patch_latent_fixed_s1,02143040,0.7189969671645309
window_patch_latent_fixed_s1,02149000,0.5449470365205583
window_patch_latent_fixed_s1,02152100,0.5269510129261035
window_patch_latent_fixed_s1,02177000,0.5297412621573143
window_patch_latent_fixed_s1,02178400,0.5928702147848847
window_patch_latent_fixed_s1,02193340,0.2975759879383062
window_patch_latent_fixed_s1,02196000,0.6179588105235727
window_patch_latent_fixed_s1,02198100,0.5738940275121294
window_patch_latent_fixed_s1,02202600,0.4936802938393745
window_patch_latent_fixed_s1,02212600,0.5504246410646774
window_patch_latent_fixed_s1,02215100,0.6328625054763294
window_patch_latent_fixed_s1,02216180,0.6151844099036571
window_patch_latent_fixed_s1,02221525,0.6574256721529854
window_patch_latent_fixed_s1,02231000,0.6912371487807563
window_patch_latent_fixed_s1,02245500,0.5817754577104804
window_patch_latent_fixed_s1,02246000,0.5482383159399147
window_patch_latent_fixed_s1,02296500,0.6233319885388788
window_patch_latent_fixed_s1,02297155,0.29546499574399276
window_patch_latent_fixed_s1,02297310,0.617168227011271
window_patch_latent_fixed_s1,02298123,0.5415864664936856
window_patch_latent_fixed_s1,02298608,0.6389161849414708
window_patch_latent_fixed_s1,02299950,0.6525659855622895
window_patch_latent_fixed_s1,02300700,0.5193714223613907
window_patch_latent_fixed_s1,02342933,0.5926618185952144
window_patch_latent_fixed_s1,02349900,0.6770303044190916
window_patch_latent_fixed_s1,02350900,0.553113502584911
window_patch_latent_fixed_s1,02361000,0.6400816405286789
window_patch_latent_fixed_s1,02363000,0.3360502993959974
window_patch_latent_fixed_s1,02369800,0.32511645074865547
window_patch_latent_fixed_s1,02371500,0.571220813135261
window_patch_latent_fixed_s1,02372250,0.5343161284233562
window_patch_latent_fixed_s1,02374500,0.6226184294189756
window_patch_latent_fixed_s1,02381600,0.44477704951810415
window_patch_latent_fixed_s1,02384540,0.5103991973429519
window_patch_latent_fixed_s1,02395120,0.5844085211309649
window_patch_latent_fixed_s1,02415000,0.7089721077671955
window_patch_latent_fixed_s1,02427250,0.3780824453239968
window_patch_latent_fixed_s1,02430085,0.4992092029841614
window_patch_latent_fixed_s1,02450250,0.6773649112724154
window_patch_latent_fixed_s1,02464000,0.7523106902437796
window_patch_latent_fixed_s1,02464360,0.6258874174254142
window_patch_latent_fixed_s1,02465493,0.5368287078156834
window_patch_latent_fixed_s1,02469800,0.7173907228565887
window_patch_latent_fixed_s1,02472000,0.6511817913833529
window_patch_latent_fixed_s1,02472500,0.5715824478086013
window_patch_latent_fixed_s1,02479155,0.3322113519390435
window_patch_latent_fixed_s1,02479300,0.4814893003844155
window_patch_latent_fixed_s1,02479560,0.5281287125727764
window_patch_latent_fixed_s1,02481000,0.3506736517898582
window_patch_latent_fixed_s1,02481510,0.4040610321710816
window_patch_latent_fixed_s1,04015330,0.5944415695370315
window_patch_latent_fixed_s1,04024430,0.4041249097974875
window_patch_latent_fixed_s1,04027000,0.6367047273289812
window_patch_latent_fixed_s1,04040500,0.5743238992785626
window_patch_latent_fixed_s1,04043050,0.6287415575742081
window_patch_latent_fixed_s1,04045500,0.7920798773602157
window_patch_latent_fixed_s1,04057510,0.7328016427748784
window_patch_latent_fixed_s1,04057800,0.5131051059046331
window_patch_latent_fixed_s1,04059500,0.6606535106764675
window_patch_latent_fixed_s1,04063700,0.48899932458232553
window_patch_latent_fixed_s1,04074950,0.6166938788641521
window_patch_latent_fixed_s1,04105700,0.4088173105959245
window_patch_latent_fixed_s1,04115265,-0.42255630536188193
window_patch_latent_fixed_s1,04122200,0.5901968221676178
window_patch_latent_fixed_s1,04122500,0.5537120436325986
window_patch_latent_fixed_s1,04127918,0.6122898178109878
window_patch_latent_fixed_s1,04127997,0.529050775518918
window_patch_latent_fixed_s1,04161580,0.4501093658737617
window_patch_latent_fixed_s1,04185000,0.6934414828864623
window_patch_latent_fixed_s1,04196800,0.6331350212416944
window_patch_latent_fixed_s1,04197100,0.5095612079126418
window_patch_latent_fixed_s1,04197170,0.555543096061
window_patch_latent_fixed_s1,04213000,0.5679102282647609
window_patch_latent_fixed_s1,04213075,0.023990592245930475
window_patch_latent_fixed_s1,04216418,0.5376267493213915
window_patch_latent_fixed_s1,04221000,0.570005739944552
window_patch_latent_fixed_s1,04224775,0.4990143159142383
window_patch_latent_fixed_s1,04233000,0.4833066889297646
window_patch_latent_fixed_s1,04256000,0.6658160231197532
window_patch_latent_fixed_s1,03010655,0.5977128165760259
window_patch_latent_fixed_s1,03011800,0.5728829553336328
window_patch_latent_fixed_s1,03015500,0.6014169508976297
window_patch_latent_fixed_s1,03021350,0.5053497963581425
window_patch_latent_fixed_s1,03026500,0.5091439777569565
window_patch_latent_fixed_s1,03028000,0.581028735926909
window_patch_latent_fixed_s1,03049000,0.5784012357760495
window_patch_latent_fixed_s1,03049800,0.24920773150738984
window_patch_latent_fixed_s1,03050000,0.3898396028746496
window_patch_latent_fixed_s1,03069500,0.6489308720917378
window_patch_latent_fixed_s1,03070500,0.6766194535235805
window_patch_latent_fixed_s1,03076600,0.5569011052812135
window_patch_latent_fixed_s1,03078000,0.633140734693989
window_patch_latent_fixed_s1,03140000,0.5641371740305383
window_patch_latent_fixed_s1,03144000,0.6625301253521084
window_patch_latent_fixed_s1,03170000,0.6513218718892437
window_patch_latent_fixed_s1,03173000,0.6494421799507573
window_patch_latent_fixed_s1,03180500,0.6771498797613786
window_patch_latent_fixed_s1,03182500,0.6970827264388951
window_patch_latent_fixed_s1,03186500,0.6088768156613726
window_patch_latent_fixed_s1,03237280,0.22168734654565925
window_patch_latent_fixed_s1,03237500,0.7153259015814082
window_patch_latent_fixed_s1,03238500,0.5522044141336246
window_patch_latent_fixed_s1,03241500,0.5708570098954387
window_patch_latent_fixed_s1,03280700,0.607716448217859
window_patch_latent_fixed_s1,03281500,0.7901674381571003
window_patch_latent_fixed_s1,03285000,0.7484009676002644
window_patch_latent_fixed_s1,03291780,0.5657633321197477
window_patch_latent_fixed_s1,03338780,0.48085327962232527
window_patch_latent_fixed_s1,03340800,0.612668230547862
window_patch_latent_fixed_s1,03346000,0.7200884651341373
window_patch_latent_fixed_s1,03364500,0.6503932701427596
window_patch_latent_fixed_s1,03366500,0.755834969209599
window_patch_latent_fixed_s1,03368000,0.5230011700579776
window_patch_latent_fixed_s1,03384450,0.5067864458105894
window_patch_latent_fixed_s1,03439000,0.5151605609097651
window_patch_latent_fixed_s1,03455500,0.366012794460704
window_patch_latent_fixed_s1,03456500,0.3995233236286547
window_patch_latent_fixed_s1,03460000,0.6483029258471118
window_patch_latent_fixed_s1,03463300,0.28553062321885614
window_patch_latent_fixed_s1,03471500,0.4829818059182187
window_patch_latent_fixed_s1,03473000,0.6601951371087758
window_patch_latent_fixed_s1,03479000,0.4052793541060937
window_patch_latent_fixed_s1,03488000,0.7764893345232597
window_patch_latent_fixed_s1,03498500,0.751141109298697
window_patch_latent_fixed_s1,03500000,0.6546229435996826
window_patch_latent_fixed_s1,03500240,0.5720939764769888
window_patch_latent_fixed_s1,03504000,0.5260174818274559
window_patch_latent_fixed_s1,03574500,0.6744121631571006
window_patch_latent_fixed_s1,03592718,0.5638120328554275
window_patch_latent_fixed_s1,03604000,0.7389579654184939
window_patch_latent_fixed_s1,05291000,0.30045585270637687
window_patch_latent_fixed_s1,05362000,0.6824168584561805
window_patch_latent_fixed_s1,05393500,0.6545763383868031
window_patch_latent_fixed_s1,05399500,0.4241507096919448
window_patch_latent_fixed_s1,05408000,0.690414956300407
window_patch_latent_fixed_s1,05413500,0.04398893639149204
window_patch_latent_fixed_s1,05414000,-0.029914604633234143
window_patch_latent_fixed_s1,05444000,0.31774392737591683
window_patch_latent_fixed_s1,05454000,0.24131346006544652
window_patch_latent_fixed_s1,05458000,-0.14746421927660314
window_patch_latent_fixed_s1,05466500,0.559771342091593
window_patch_latent_fixed_s1,05487980,0.5459950458557867
window_patch_latent_fixed_s1,05488200,0.2296966389486481
window_patch_latent_fixed_s1,05489000,0.4000815470460546
window_patch_latent_fixed_s1,05495000,0.6114072421169519
window_patch_latent_fixed_s1,05495500,0.7029830830584626
window_patch_latent_fixed_s1,05501000,0.6415469157397538
window_patch_latent_fixed_s1,05503800,0.5658307564875431
window_patch_latent_fixed_s1,05507600,0.6171015181179803
window_patch_latent_fixed_s1,05508805,0.6631250793351957
window_patch_latent_fixed_s1,05525500,0.6597969454146639
window_patch_latent_fixed_s1,05556500,0.6941392166489434
window_patch_latent_fixed_s1,05584500,0.6987524531308581
window_patch_latent_fixed_s1,05591550,0.6238749199154945
window_patch_latent_fixed_s1,05592050,0.540129963513533
window_patch_latent_fixed_s1,05592575,0.2572534058826328
window_patch_latent_fixed_s1,05593575,0.6979324501943504
window_patch_latent_fixed_s1,05593900,0.6127212070712547
window_patch_latent_fixed_s1,05595730,0.6530931631124286
window_patch_latent_fixed_s1,07291000,0.4843274167120897
window_patch_latent_fixed_s1,07359610,0.38241132282219925
window_patch_latent_fixed_s1,07362100,0.6188581689874337
window_patch_latent_fixed_s1,07362587,0.20683295338476704
window_patch_latent_fixed_s1,07375000,0.3064334431074557
window_patch_latent_fixed_s1,08013000,0.5034065597948816
window_patch_latent_fixed_s1,08014500,0.2913248474997796
window_patch_latent_fixed_s1,05057200,0.18508773276939994
window_patch_latent_fixed_s1,05120500,0.43255375803934626
window_patch_latent_fixed_s1,06221400,0.616980151113788
window_patch_latent_fixed_s1,06224000,0.8161212360347019
window_patch_latent_fixed_s1,06278300,0.707226679163959
window_patch_latent_fixed_s1,06280300,0.7694103454931772
window_patch_latent_fixed_s1,06289000,0.7160373616163738
window_patch_latent_fixed_s1,06291500,0.5532065052104368
window_patch_latent_fixed_s1,06311000,0.6542928430135582
window_patch_latent_fixed_s1,06332515,0.08326624018582018
window_patch_latent_fixed_s1,06339100,0.31193639965422204
window_patch_latent_fixed_s1,06344600,0.3214518302012196
window_patch_latent_fixed_s1,06350000,0.16785596634504418
window_patch_latent_fixed_s1,06352000,0.17836677294734482
window_patch_latent_fixed_s1,06404000,0.4944942598726323
window_patch_latent_fixed_s1,06406000,0.366421502015451
window_patch_latent_fixed_s1,06409000,0.12679549202340012
window_patch_latent_fixed_s1,06431500,-0.2962774230572045
window_patch_latent_fixed_s1,06440200,0.16932363723300337
window_patch_latent_fixed_s1,06447500,0.19357199684459414
window_patch_latent_fixed_s1,06470800,0.10330652000341523
window_patch_latent_fixed_s1,06477500,0.13591151799825862
window_patch_latent_fixed_s1,06479215,0.3054633394665027
window_patch_latent_fixed_s1,06601000,0.058171748518362154
window_patch_latent_fixed_s1,06614800,0.8370346880821005
window_patch_latent_fixed_s1,06622700,0.8336484675040786
window_patch_latent_fixed_s1,06623800,0.8549613122758619
window_patch_latent_fixed_s1,06632400,0.7978852922557409
window_patch_latent_fixed_s1,06746095,0.7291939373544272
window_patch_latent_fixed_s1,06803510,0.11234728831460239
window_patch_latent_fixed_s1,06803530,0.29433399794174664
window_patch_latent_fixed_s1,06814000,0.5586615738393699
window_patch_latent_fixed_s1,06847900,-0.06586279862691113
window_patch_latent_fixed_s1,06853800,-0.08058940688366834
window_patch_latent_fixed_s1,06876700,0.039997418648376026
window_patch_latent_fixed_s1,06878000,0.6297554238548422
window_patch_latent_fixed_s1,06879650,0.09453409662406964
window_patch_latent_fixed_s1,06885500,0.7484488714730189
window_patch_latent_fixed_s1,06888500,0.6359518554029331
window_patch_latent_fixed_s1,06889200,0.6462286405416857
window_patch_latent_fixed_s1,06889500,0.7664645125040823
window_patch_latent_fixed_s1,06892000,0.7123718237488639
window_patch_latent_fixed_s1,06903400,0.47911373251057665
window_patch_latent_fixed_s1,06906800,0.4268463396816198
window_patch_latent_fixed_s1,06910800,0.6386817452791639
window_patch_latent_fixed_s1,06911900,0.6299863893234273
window_patch_latent_fixed_s1,06917000,0.7195974654762042
window_patch_latent_fixed_s1,06918460,-0.20036514542037231
window_patch_latent_fixed_s1,06919500,0.6783932557482802
window_patch_latent_fixed_s1,06921070,0.4046502631955087
window_patch_latent_fixed_s1,06921200,0.39530769800828314
window_patch_latent_fixed_s1,07057500,0.6276825770048211
window_patch_latent_fixed_s1,07060710,0.36811175382914674
window_patch_latent_fixed_s1,07066000,0.5770403992003378
window_patch_latent_fixed_s1,07083000,0.8607204547098802
window_patch_latent_fixed_s1,07142300,-0.19980438790870214
window_patch_latent_fixed_s1,07145700,0.09834440161379676
window_patch_latent_fixed_s1,07167500,0.47669592591874077
window_patch_latent_fixed_s1,07180500,0.414244011179295
window_patch_latent_fixed_s1,07184000,0.4515829943961751
window_patch_latent_fixed_s1,07195800,0.20957584064166845
window_patch_latent_fixed_s1,07196900,0.37006294348210866
window_patch_latent_fixed_s1,07197000,0.558240469191996
window_patch_latent_fixed_s1,07208500,0.40714759929499333
window_patch_latent_fixed_s1,07261000,0.6472482813779328
window_patch_latent_fixed_s1,07263295,0.24052929577462978
window_patch_latent_fixed_s1,07299670,0.2698443299641351
window_patch_latent_fixed_s1,07301410,-0.3433777728126246
window_patch_latent_fixed_s1,07315200,0.19276713901651676
window_patch_latent_fixed_s1,07315700,0.4758848975673696
window_patch_latent_fixed_s1,07335700,0.21083399486742516
window_patch_latent_fixed_s1,07340300,0.5867045268151587
window_patch_latent_fixed_s1,07346045,0.631951640529312
window_patch_latent_fixed_s1,08023080,0.5838551002729249
window_patch_latent_fixed_s1,08050800,0.16556361707931067
window_patch_latent_fixed_s1,08066200,-0.14332891337982723
window_patch_latent_fixed_s1,08066300,0.13325374417398705
window_patch_latent_fixed_s1,08070000,0.09359289539657611
window_patch_latent_fixed_s1,08070200,0.2927364823070491
window_patch_latent_fixed_s1,08082700,0.006585874568378558
window_patch_latent_fixed_s1,08086212,0.09208486880390332
window_patch_latent_fixed_s1,08086290,0.09239954931260053
window_patch_latent_fixed_s1,08101000,0.6076222304829182
window_patch_latent_fixed_s1,08103900,0.25798436651974666
window_patch_latent_fixed_s1,08104900,0.15094633180731976
window_patch_latent_fixed_s1,08109700,0.4904424638567949
window_patch_latent_fixed_s1,08150800,-0.7370755887935825
window_patch_latent_fixed_s1,08158700,-0.021047546991904476
window_patch_latent_fixed_s1,08158810,0.07238424862868031
window_patch_latent_fixed_s1,08164300,0.6147524651912353
window_patch_latent_fixed_s1,08164600,0.6308130353637716
window_patch_latent_fixed_s1,08165300,-0.4147247736892552
window_patch_latent_fixed_s1,08171300,0.41117076577003764
window_patch_latent_fixed_s1,08175000,0.4405067413454964
window_patch_latent_fixed_s1,08176900,0.4360169185365882
window_patch_latent_fixed_s1,08178880,0.07290482772554063
window_patch_latent_fixed_s1,08189500,0.28184660795034144
window_patch_latent_fixed_s1,08190000,0.45190828634728464
window_patch_latent_fixed_s1,08190500,0.27832507243568927
window_patch_latent_fixed_s1,08194200,-0.05062841118453498
window_patch_latent_fixed_s1,08195000,0.38940282337999965
window_patch_latent_fixed_s1,08196000,0.34813939128747673
window_patch_latent_fixed_s1,08198500,0.03184338790167751
window_patch_latent_fixed_s1,08200000,0.1442525668605742
window_patch_latent_fixed_s1,08202700,0.2003660151026836
window_patch_latent_fixed_s1,08267500,0.6582059222096852
window_patch_latent_fixed_s1,08269000,0.6222931390168931
window_patch_latent_fixed_s1,08271000,0.717475013259646
window_patch_latent_fixed_s1,08324000,0.5591671143417315
window_patch_latent_fixed_s1,08377900,0.7339361545412817
window_patch_latent_fixed_s1,08378500,0.7715082247665623
window_patch_latent_fixed_s1,08380500,0.4390615986298406
window_patch_latent_fixed_s1,09035800,0.8167100698367582
window_patch_latent_fixed_s1,09035900,0.8590456295126307
window_patch_latent_fixed_s1,09047700,0.6704590754276489
window_patch_latent_fixed_s1,09065500,0.8836903435730723
window_patch_latent_fixed_s1,09066000,0.8724406598739628
window_patch_latent_fixed_s1,09066200,0.8647670422071132
window_patch_latent_fixed_s1,09066300,0.8179911736488598
window_patch_latent_fixed_s1,09081600,0.9061130686033352
window_patch_latent_fixed_s1,09107000,0.5951662861069453
window_patch_latent_fixed_s1,09210500,0.7039263706289582
window_patch_latent_fixed_s1,09223000,0.8197868165559392
window_patch_latent_fixed_s1,09306242,-2.946281073816154
window_patch_latent_fixed_s1,09312600,0.576298393180257
window_patch_latent_fixed_s1,09352900,0.7846416825471682
window_patch_latent_fixed_s1,09378170,0.22499424967828907
window_patch_latent_fixed_s1,09386900,0.2169194570431111
window_patch_latent_fixed_s1,09404450,0.11244150848554435
window_patch_latent_fixed_s1,09430600,0.2431263966486299
window_patch_latent_fixed_s1,09447800,-1.361773581879448
window_patch_latent_fixed_s1,09484600,-0.07888147890662411
window_patch_latent_fixed_s1,09492400,0.6209095017236186
window_patch_latent_fixed_s1,09494000,0.49540665621789726
window_patch_latent_fixed_s1,09497980,0.35576917929173046
window_patch_latent_fixed_s1,09505350,-0.12756752150027562
window_patch_latent_fixed_s1,09505800,-0.11393709915940153
window_patch_latent_fixed_s1,09508300,0.5055778194973155
window_patch_latent_fixed_s1,09510200,0.5472779112269983
window_patch_latent_fixed_s1,09512280,0.01445271916984514
window_patch_latent_fixed_s1,09513780,0.20318895299503115
window_patch_latent_fixed_s1,10234500,0.6557411013099332
window_patch_latent_fixed_s1,10244950,0.49772518218648376
window_patch_latent_fixed_s1,10336645,0.6274680091361547
window_patch_latent_fixed_s1,10336660,0.5439832344058493
window_patch_latent_fixed_s1,10343500,0.44819788175204955
window_patch_latent_fixed_s1,12010000,0.7874842433627486
window_patch_latent_fixed_s1,12013500,0.7998619273684326
window_patch_latent_fixed_s1,12020000,0.6069353442722025
window_patch_latent_fixed_s1,12025700,0.6603508369388701
window_patch_latent_fixed_s1,12035000,0.7986880526401321
window_patch_latent_fixed_s1,12040500,0.7021991989896762
window_patch_latent_fixed_s1,12041200,0.609006034736852
window_patch_latent_fixed_s1,12048000,0.40467474197278874
window_patch_latent_fixed_s1,12054000,0.6241866047561028
window_patch_latent_fixed_s1,12056500,0.6011769873830349
window_patch_latent_fixed_s1,12073500,0.5599462584594017
window_patch_latent_fixed_s1,12082500,0.6626099499886478
window_patch_latent_fixed_s1,12092000,0.6247154326018005
window_patch_latent_fixed_s1,12114500,0.6774040761712901
window_patch_latent_fixed_s1,12115000,0.7055817891391716
window_patch_latent_fixed_s1,12117000,0.7893353096637676
window_patch_latent_fixed_s1,12143600,0.7199816820039657
window_patch_latent_fixed_s1,12144000,0.6005921732865054
window_patch_latent_fixed_s1,12145500,0.7630463682043224
window_patch_latent_fixed_s1,12147500,0.5532674955076337
window_patch_latent_fixed_s1,12167000,0.7116479668298594
window_patch_latent_fixed_s1,12175500,0.6529069500730453
window_patch_latent_fixed_s1,12178100,0.6304727426953132
window_patch_latent_fixed_s1,12186000,0.5860793522164125
window_patch_latent_fixed_s1,12189500,0.700794671205124
window_patch_latent_fixed_s1,12375900,0.7623543616896356
window_patch_latent_fixed_s1,12377150,0.7979592030158402
window_patch_latent_fixed_s1,12381400,0.6995923828811146
window_patch_latent_fixed_s1,12383500,0.6048177872432987
window_patch_latent_fixed_s1,12390700,0.7073013885717863
window_patch_latent_fixed_s1,12411000,0.6346352046147469
window_patch_latent_fixed_s1,12447390,0.7618036348322519
window_patch_latent_fixed_s1,12451000,0.7928191151505265
window_patch_latent_fixed_s1,12488500,0.7062499136830358
window_patch_latent_fixed_s1,13011500,0.7330000279835638
window_patch_latent_fixed_s1,13011900,0.7754867713785317
window_patch_latent_fixed_s1,13018300,0.6944796996540396
window_patch_latent_fixed_s1,13023000,0.8314940640230979
window_patch_latent_fixed_s1,13161500,0.7668371050513519
window_patch_latent_fixed_s1,13235000,0.6807889631537294
window_patch_latent_fixed_s1,13240000,0.790262788102805
window_patch_latent_fixed_s1,13313000,0.7359985335018772
window_patch_latent_fixed_s1,13331500,0.8216661140370901
window_patch_latent_fixed_s1,14020000,0.6468236047015774
window_patch_latent_fixed_s1,14096850,0.5478779658129709
window_patch_latent_fixed_s1,14137000,0.5637026176412039
window_patch_latent_fixed_s1,14138800,0.63600598993816
window_patch_latent_fixed_s1,14138870,0.602984950099839
window_patch_latent_fixed_s1,14138900,0.6564059979444247
window_patch_latent_fixed_s1,14139800,0.6903619785196777
window_patch_latent_fixed_s1,14141500,0.6408471298380317
window_patch_latent_fixed_s1,14154500,0.7860242045905539
window_patch_latent_fixed_s1,14158790,0.6476805793431647
window_patch_latent_fixed_s1,14166500,0.8363171870996554
window_patch_latent_fixed_s1,14182500,0.7038122108477047
window_patch_latent_fixed_s1,14185000,0.7987873752970497
window_patch_latent_fixed_s1,14185900,0.7548188992729638
window_patch_latent_fixed_s1,14187000,0.13397767039380026
window_patch_latent_fixed_s1,14216500,0.6357013550672661
window_patch_latent_fixed_s1,14222500,0.788312357153353
window_patch_latent_fixed_s1,14236200,0.7811107395666947
window_patch_latent_fixed_s1,14301000,0.8645566958276186
window_patch_latent_fixed_s1,14303200,0.6644736956973992
window_patch_latent_fixed_s1,14305500,0.7935709134407163
window_patch_latent_fixed_s1,14306340,0.5026549825908837
window_patch_latent_fixed_s1,14306500,0.7765395920854201
window_patch_latent_fixed_s1,14308990,0.2189393599573991
window_patch_latent_fixed_s1,14309500,0.7083820050247264
window_patch_latent_fixed_s1,14316700,0.762332201426963
window_patch_latent_fixed_s1,14325000,0.7547880437993103
window_patch_latent_fixed_s1,14362250,0.3370011856544143
window_patch_latent_fixed_s1,14400000,0.820792565303962
window_patch_latent_fixed_s1,10259000,0.6992409917958966
window_patch_latent_fixed_s1,11124500,0.44205235650473507
window_patch_latent_fixed_s1,11141280,0.5692231895160483
window_patch_latent_fixed_s1,11143000,0.665375464046094
window_patch_latent_fixed_s1,11148900,0.5978128364854107
window_patch_latent_fixed_s1,11151300,0.3942707233792959
window_patch_latent_fixed_s1,11176400,0.15081582261007043
window_patch_latent_fixed_s1,11230500,0.038718756569436574
window_patch_latent_fixed_s1,11237500,0.4977075586578561
window_patch_latent_fixed_s1,11264500,0.4875419328963314
window_patch_latent_fixed_s1,11266500,0.5491048868286119
window_patch_latent_fixed_s1,11284400,0.2593605639195323
window_patch_latent_fixed_s1,11381500,0.6399378550959207
window_patch_latent_fixed_s1,11451100,0.5386181214651637
window_patch_latent_fixed_s1,11468500,0.7039567889987135
window_patch_latent_fixed_s1,11473900,0.6502012014903145
window_patch_latent_fixed_s1,11475560,0.5577303377925329
window_patch_latent_fixed_s1,11476600,0.6657681773144914
window_patch_latent_fixed_s1,11478500,0.7180818493515473
window_patch_latent_fixed_s1,11480390,0.5975403461306172
window_patch_latent_fixed_s1,11481200,0.6860550401236187
window_patch_latent_fixed_s1,11482500,0.7261642721504002
window_patch_latent_fixed_s1,11522500,0.6778879656879344
window_patch_latent_fixed_s1,11523200,0.7197629577999664
window_patch_latent_fixed_s1,11528700,0.5771482440196771
window_patch_latent_fixed_s1,11532500,0.7787170473920153
window_patch_latent_daily_s1,01022500,0.7898865989491588
window_patch_latent_daily_s1,01031500,0.7980381093412725
window_patch_latent_daily_s1,01047000,0.7653687198524537
window_patch_latent_daily_s1,01052500,0.763396498642296
window_patch_latent_daily_s1,01054200,0.6291735634976847
window_patch_latent_daily_s1,01055000,0.6400201669417189
window_patch_latent_daily_s1,01057000,0.7568396268295725
window_patch_latent_daily_s1,01073000,0.7581887681457817
window_patch_latent_daily_s1,01078000,0.8275156018568528
window_patch_latent_daily_s1,01123000,0.7932336483216311
window_patch_latent_daily_s1,01134500,0.7362962905464335
window_patch_latent_daily_s1,01137500,0.6812642489883246
window_patch_latent_daily_s1,01139000,0.7714397976346079
window_patch_latent_daily_s1,01139800,0.6791797820050207
window_patch_latent_daily_s1,01142500,0.773470488011965
window_patch_latent_daily_s1,01144000,0.7891930942951524
window_patch_latent_daily_s1,01162500,0.7623036326938926
window_patch_latent_daily_s1,01169000,0.6683554919531133
window_patch_latent_daily_s1,01170100,0.6788725470296808
window_patch_latent_daily_s1,01181000,0.6736119069855192
window_patch_latent_daily_s1,01187300,0.7353051073433323
window_patch_latent_daily_s1,01195100,0.7159300896737213
window_patch_latent_daily_s1,04296000,0.7682028947745935
window_patch_latent_daily_s1,01333000,0.6448157629496083
window_patch_latent_daily_s1,01350000,0.6094690282926978
window_patch_latent_daily_s1,01350080,0.4928762738601252
window_patch_latent_daily_s1,01350140,0.5403029629043792
window_patch_latent_daily_s1,01365000,0.6466984672516263
window_patch_latent_daily_s1,01411300,0.543937196152602
window_patch_latent_daily_s1,01413500,0.5451766676244183
window_patch_latent_daily_s1,01414500,0.5039531150516312
window_patch_latent_daily_s1,01415000,0.5852741856025216
window_patch_latent_daily_s1,01423000,0.6568809011031902
window_patch_latent_daily_s1,01434025,0.5032144701148665
window_patch_latent_daily_s1,01435000,0.6720455650347937
window_patch_latent_daily_s1,01439500,0.7507418521959833
window_patch_latent_daily_s1,01440000,0.7860583106667617
window_patch_latent_daily_s1,01440400,0.7199779697015325
window_patch_latent_daily_s1,01451800,0.7737499583814225
window_patch_latent_daily_s1,01466500,0.5239159497010006
window_patch_latent_daily_s1,01484100,0.47682751396039214
window_patch_latent_daily_s1,01487000,0.64925363813501
window_patch_latent_daily_s1,01491000,0.619465520486475
window_patch_latent_daily_s1,01510000,0.7011968492148587
window_patch_latent_daily_s1,01516500,0.48626483425586087
window_patch_latent_daily_s1,01518862,0.5689240229669399
window_patch_latent_daily_s1,01532000,0.5648242207778605
window_patch_latent_daily_s1,01539000,0.8014080351897336
window_patch_latent_daily_s1,01542810,0.6716651260568247
window_patch_latent_daily_s1,01543000,0.7516222211286985
window_patch_latent_daily_s1,01543500,0.7351871568240678
window_patch_latent_daily_s1,01544500,0.6838331383322245
window_patch_latent_daily_s1,01545600,0.6582960003525178
window_patch_latent_daily_s1,01547700,0.6131101811245823
window_patch_latent_daily_s1,01548500,0.71083676141775
window_patch_latent_daily_s1,01549500,0.5267132252067945
window_patch_latent_daily_s1,01550000,0.6130763341646612
window_patch_latent_daily_s1,01552000,0.7263646622098165
window_patch_latent_daily_s1,01552500,0.7091088375256369
window_patch_latent_daily_s1,01557500,0.7181956814477003
window_patch_latent_daily_s1,01567500,0.582367477970527
window_patch_latent_daily_s1,01568000,0.7191921740188194
window_patch_latent_daily_s1,01580000,0.5336260475470869
window_patch_latent_daily_s1,01583500,0.5587303172677293
window_patch_latent_daily_s1,01586610,0.5628073500160946
window_patch_latent_daily_s1,01591400,0.5430633790878088
window_patch_latent_daily_s1,01594950,0.5614074839794309
window_patch_latent_daily_s1,01596500,0.7141813837664057
window_patch_latent_daily_s1,01605500,0.7220667602361746
window_patch_latent_daily_s1,01606500,0.7272806581424733
window_patch_latent_daily_s1,01632000,0.5096762959359602
window_patch_latent_daily_s1,01632900,0.6494437870206642
window_patch_latent_daily_s1,01634500,0.547665414991302
window_patch_latent_daily_s1,01638480,0.5939886109428805
window_patch_latent_daily_s1,01639500,0.6671547081263711
window_patch_latent_daily_s1,01644000,0.6721137107642623
window_patch_latent_daily_s1,01664000,0.7830479634648442
window_patch_latent_daily_s1,01666500,0.7067224978914382
window_patch_latent_daily_s1,01667500,0.7709007163140851
window_patch_latent_daily_s1,01669000,0.622063919174062
window_patch_latent_daily_s1,01669520,0.46516906065566666
window_patch_latent_daily_s1,02011400,0.7612406269913219
window_patch_latent_daily_s1,02013000,0.703362989714351
window_patch_latent_daily_s1,02014000,0.7322463216738597
window_patch_latent_daily_s1,02015700,0.7020613363206061
window_patch_latent_daily_s1,02016000,0.8013115826654948
window_patch_latent_daily_s1,02017500,0.7768375597520014
window_patch_latent_daily_s1,02018000,0.7997352966631159
window_patch_latent_daily_s1,02027000,0.6271013751067884
window_patch_latent_daily_s1,02027500,0.489084004980762
window_patch_latent_daily_s1,02028500,0.7009979297529574
window_patch_latent_daily_s1,02038850,0.6331347580147964
window_patch_latent_daily_s1,02046000,0.6777900104897923
window_patch_latent_daily_s1,02051500,0.7229812125239503
window_patch_latent_daily_s1,02053200,0.5476758084585471
window_patch_latent_daily_s1,02053800,0.6665587042877988
window_patch_latent_daily_s1,02055100,0.6341906311842828
window_patch_latent_daily_s1,02056900,0.7056052981065837
window_patch_latent_daily_s1,02059500,0.6598333055241039
window_patch_latent_daily_s1,02064000,0.6205261508426521
window_patch_latent_daily_s1,02065500,0.5985531277703345
window_patch_latent_daily_s1,02069700,0.6543810555195938
window_patch_latent_daily_s1,02070000,0.7041638780131527
window_patch_latent_daily_s1,02074500,0.7501521625229851
window_patch_latent_daily_s1,02077200,0.6276073284935808
window_patch_latent_daily_s1,02081500,0.793858597272638
window_patch_latent_daily_s1,02082950,0.304114795395546
window_patch_latent_daily_s1,02092500,0.4986738027415011
window_patch_latent_daily_s1,02096846,0.4569821224349586
window_patch_latent_daily_s1,02102908,0.5245435180769258
window_patch_latent_daily_s1,02108000,0.49702270405596327
window_patch_latent_daily_s1,02111180,0.7199470493703009
window_patch_latent_daily_s1,02111500,0.6557814968017311
window_patch_latent_daily_s1,02112120,0.6810804413131657
window_patch_latent_daily_s1,02112360,0.6956305979946691
window_patch_latent_daily_s1,02118500,0.7406944000966973
window_patch_latent_daily_s1,02125000,0.6542546903641568
window_patch_latent_daily_s1,02128000,0.555691011926303
window_patch_latent_daily_s1,02137727,0.42000384748715436
window_patch_latent_daily_s1,02140991,0.434308581365179
window_patch_latent_daily_s1,02143000,0.7009264346103483
window_patch_latent_daily_s1,02143040,0.7151462217666047
window_patch_latent_daily_s1,02149000,0.5769300831793931
window_patch_latent_daily_s1,02152100,0.6806598176877019
window_patch_latent_daily_s1,02177000,0.5530510972357561
window_patch_latent_daily_s1,02178400,0.6635778764812502
window_patch_latent_daily_s1,02193340,0.5533690908612594
window_patch_latent_daily_s1,02196000,0.7466737979805408
window_patch_latent_daily_s1,02198100,0.5586941525765854
window_patch_latent_daily_s1,02202600,0.5502939241529075
window_patch_latent_daily_s1,02212600,0.7652242672843449
window_patch_latent_daily_s1,02215100,0.705587443388942
window_patch_latent_daily_s1,02216180,0.7059132705550983
window_patch_latent_daily_s1,02221525,0.7537736355016899
window_patch_latent_daily_s1,02231000,0.816897108608948
window_patch_latent_daily_s1,02245500,0.6347206614962541
window_patch_latent_daily_s1,02246000,0.777286107658846
window_patch_latent_daily_s1,02296500,0.7299167834490169
window_patch_latent_daily_s1,02297155,0.4425277084325828
window_patch_latent_daily_s1,02297310,0.7058197055920072
window_patch_latent_daily_s1,02298123,0.6632333005803739
window_patch_latent_daily_s1,02298608,0.680875980411048
window_patch_latent_daily_s1,02299950,0.6786361093384545
window_patch_latent_daily_s1,02300700,0.5710559128150297
window_patch_latent_daily_s1,02342933,0.6814026797834147
window_patch_latent_daily_s1,02349900,0.7490980662360842
window_patch_latent_daily_s1,02350900,0.7620467321559052
window_patch_latent_daily_s1,02361000,0.7472956842317876
window_patch_latent_daily_s1,02363000,0.5814387282973097
window_patch_latent_daily_s1,02369800,0.4408637643722868
window_patch_latent_daily_s1,02371500,0.6998754186576205
window_patch_latent_daily_s1,02372250,0.7078647790780036
window_patch_latent_daily_s1,02374500,0.7147375897311814
window_patch_latent_daily_s1,02381600,0.47514279150398075
window_patch_latent_daily_s1,02384540,0.5836039294272704
window_patch_latent_daily_s1,02395120,0.7192122042911187
window_patch_latent_daily_s1,02415000,0.7230335221310735
window_patch_latent_daily_s1,02427250,0.4039967507988008
window_patch_latent_daily_s1,02430085,0.6270105835867865
window_patch_latent_daily_s1,02450250,0.7617728761685092
window_patch_latent_daily_s1,02464000,0.8246097736991139
window_patch_latent_daily_s1,02464360,0.6970228395356426
window_patch_latent_daily_s1,02465493,0.5845935205888324
window_patch_latent_daily_s1,02469800,0.7614707567325174
window_patch_latent_daily_s1,02472000,0.7327276848501467
window_patch_latent_daily_s1,02472500,0.6821892902829512
window_patch_latent_daily_s1,02479155,0.47564302581159035
window_patch_latent_daily_s1,02479300,0.5988822389198654
window_patch_latent_daily_s1,02479560,0.6596513714376564
window_patch_latent_daily_s1,02481000,0.6602344373877915
window_patch_latent_daily_s1,02481510,0.7082022910190939
window_patch_latent_daily_s1,04015330,0.6207220324045302
window_patch_latent_daily_s1,04024430,0.5702984378991528
window_patch_latent_daily_s1,04027000,0.7539072565462903
window_patch_latent_daily_s1,04040500,0.7611902050321078
window_patch_latent_daily_s1,04043050,0.7236305922868975
window_patch_latent_daily_s1,04045500,0.843521275933945
window_patch_latent_daily_s1,04057510,0.7719901101607936
window_patch_latent_daily_s1,04057800,0.6714963279837443
window_patch_latent_daily_s1,04059500,0.7337869627601279
window_patch_latent_daily_s1,04063700,0.5829041310504702
window_patch_latent_daily_s1,04074950,0.7308717852999214
window_patch_latent_daily_s1,04105700,0.5074006423371651
window_patch_latent_daily_s1,04115265,0.2706133952251306
window_patch_latent_daily_s1,04122200,0.5924182305494181
window_patch_latent_daily_s1,04122500,0.6442836083643029
window_patch_latent_daily_s1,04127918,0.6457343645508331
window_patch_latent_daily_s1,04127997,0.56313870435694
window_patch_latent_daily_s1,04161580,0.5586322734988505
window_patch_latent_daily_s1,04185000,0.6729538660025239
window_patch_latent_daily_s1,04196800,0.7021961884903725
window_patch_latent_daily_s1,04197100,0.5942420877977336
window_patch_latent_daily_s1,04197170,0.6212564810397465
window_patch_latent_daily_s1,04213000,0.6705527794285782
window_patch_latent_daily_s1,04213075,0.24443574994917106
window_patch_latent_daily_s1,04216418,0.6437126984659061
window_patch_latent_daily_s1,04221000,0.6869756836551641
window_patch_latent_daily_s1,04224775,0.5593197582707276
window_patch_latent_daily_s1,04233000,0.6287735332317121
window_patch_latent_daily_s1,04256000,0.7690514206688563
window_patch_latent_daily_s1,03010655,0.6267129417773798
window_patch_latent_daily_s1,03011800,0.6715558225729443
window_patch_latent_daily_s1,03015500,0.7016509790195431
window_patch_latent_daily_s1,03021350,0.593683377292757
window_patch_latent_daily_s1,03026500,0.6294266818771179
window_patch_latent_daily_s1,03028000,0.6853540972898104
window_patch_latent_daily_s1,03049000,0.652931778038004
window_patch_latent_daily_s1,03049800,0.35483511212228525
window_patch_latent_daily_s1,03050000,0.4583456509113957
window_patch_latent_daily_s1,03069500,0.8178319215194872
window_patch_latent_daily_s1,03070500,0.7674085088653483
window_patch_latent_daily_s1,03076600,0.6355422521919214
window_patch_latent_daily_s1,03078000,0.7136034137572782
window_patch_latent_daily_s1,03140000,0.7047849516216969
window_patch_latent_daily_s1,03144000,0.7548463936065465
window_patch_latent_daily_s1,03170000,0.7360035089478385
window_patch_latent_daily_s1,03173000,0.746962311680673
window_patch_latent_daily_s1,03180500,0.7830473830369487
window_patch_latent_daily_s1,03182500,0.8158823840374192
window_patch_latent_daily_s1,03186500,0.7562238401779424
window_patch_latent_daily_s1,03237280,0.4279687379104288
window_patch_latent_daily_s1,03237500,0.7537156925249366
window_patch_latent_daily_s1,03238500,0.6685767631424258
window_patch_latent_daily_s1,03241500,0.7391575758519151
window_patch_latent_daily_s1,03280700,0.6760209266712123
window_patch_latent_daily_s1,03281500,0.825902983012728
window_patch_latent_daily_s1,03285000,0.7476278254557427
window_patch_latent_daily_s1,03291780,0.7122674223929595
window_patch_latent_daily_s1,03338780,0.6011326867328859
window_patch_latent_daily_s1,03340800,0.7565676980892423
window_patch_latent_daily_s1,03346000,0.8056029763671391
window_patch_latent_daily_s1,03364500,0.7163332540584668
window_patch_latent_daily_s1,03366500,0.7878578632834506
window_patch_latent_daily_s1,03368000,0.6558103426425974
window_patch_latent_daily_s1,03384450,0.6566392729188326
window_patch_latent_daily_s1,03439000,0.627353335368529
window_patch_latent_daily_s1,03455500,0.4207007298583958
window_patch_latent_daily_s1,03456500,0.4656081874631245
window_patch_latent_daily_s1,03460000,0.6846249811625512
window_patch_latent_daily_s1,03463300,0.3418218026609925
window_patch_latent_daily_s1,03471500,0.6382827005865779
window_patch_latent_daily_s1,03473000,0.7477690447721357
window_patch_latent_daily_s1,03479000,0.5094812748100783
window_patch_latent_daily_s1,03488000,0.8059228104477908
window_patch_latent_daily_s1,03498500,0.8515538313851381
window_patch_latent_daily_s1,03500000,0.6727399661849451
window_patch_latent_daily_s1,03500240,0.65242470674663
window_patch_latent_daily_s1,03504000,0.6249312802484821
window_patch_latent_daily_s1,03574500,0.7611990329560203
window_patch_latent_daily_s1,03592718,0.6759829653284033
window_patch_latent_daily_s1,03604000,0.7523828712520138
window_patch_latent_daily_s1,05291000,0.43325123208866645
window_patch_latent_daily_s1,05362000,0.7959182554721003
window_patch_latent_daily_s1,05393500,0.7790297684527687
window_patch_latent_daily_s1,05399500,0.6042820084151961
window_patch_latent_daily_s1,05408000,0.6464163533958409
window_patch_latent_daily_s1,05413500,0.5383674712163136
window_patch_latent_daily_s1,05414000,0.33136421814207695
window_patch_latent_daily_s1,05444000,0.39799534809273485
window_patch_latent_daily_s1,05454000,0.5483066026887692
window_patch_latent_daily_s1,05458000,0.3718256951775486
window_patch_latent_daily_s1,05466500,0.6868995199326448
window_patch_latent_daily_s1,05487980,0.6852404843598625
window_patch_latent_daily_s1,05488200,0.4606339772285811
window_patch_latent_daily_s1,05489000,0.5623816519016342
window_patch_latent_daily_s1,05495000,0.7426747957960078
window_patch_latent_daily_s1,05495500,0.7832341018236664
window_patch_latent_daily_s1,05501000,0.7411314806120821
window_patch_latent_daily_s1,05503800,0.6871310104542623
window_patch_latent_daily_s1,05507600,0.7120367704145082
window_patch_latent_daily_s1,05508805,0.7581377545930796
window_patch_latent_daily_s1,05525500,0.7500528549396721
window_patch_latent_daily_s1,05556500,0.7452054946052024
window_patch_latent_daily_s1,05584500,0.7601778530178673
window_patch_latent_daily_s1,05591550,0.6626129416994904
window_patch_latent_daily_s1,05592050,0.7185178123144857
window_patch_latent_daily_s1,05592575,0.42554304259734643
window_patch_latent_daily_s1,05593575,0.8002625350261177
window_patch_latent_daily_s1,05593900,0.6841991154175187
window_patch_latent_daily_s1,05595730,0.793371940765516
window_patch_latent_daily_s1,07291000,0.6623784718421333
window_patch_latent_daily_s1,07359610,0.40394078340162665
window_patch_latent_daily_s1,07362100,0.7116829543346517
window_patch_latent_daily_s1,07362587,0.21693715464254382
window_patch_latent_daily_s1,07375000,0.5139946623946275
window_patch_latent_daily_s1,08013000,0.594322997488595
window_patch_latent_daily_s1,08014500,0.6042948182188372
window_patch_latent_daily_s1,05057200,0.2720678268134459
window_patch_latent_daily_s1,05120500,0.4134065056422661
window_patch_latent_daily_s1,06221400,0.7057939428360775
window_patch_latent_daily_s1,06224000,0.8063351996898382
window_patch_latent_daily_s1,06278300,0.7342711963638988
window_patch_latent_daily_s1,06280300,0.8106295543275187
window_patch_latent_daily_s1,06289000,0.6995499412046162
window_patch_latent_daily_s1,06291500,0.6043287948141846
window_patch_latent_daily_s1,06311000,0.7503856834355783
window_patch_latent_daily_s1,06332515,0.12128662661650869
window_patch_latent_daily_s1,06339100,0.301085791196921
window_patch_latent_daily_s1,06344600,0.2829449074596114
window_patch_latent_daily_s1,06350000,0.27007465487470306
window_patch_latent_daily_s1,06352000,0.2725895143835495
window_patch_latent_daily_s1,06404000,0.6918189558138663
window_patch_latent_daily_s1,06406000,0.394216224162351
window_patch_latent_daily_s1,06409000,0.21487663615393315
window_patch_latent_daily_s1,06431500,0.17129887858090154
window_patch_latent_daily_s1,06440200,0.22173291322718092
window_patch_latent_daily_s1,06447500,0.26788066729574844
window_patch_latent_daily_s1,06470800,0.2076735062837387
window_patch_latent_daily_s1,06477500,0.46015797774295997
window_patch_latent_daily_s1,06479215,0.3596586800883065
window_patch_latent_daily_s1,06601000,0.4017220376518992
window_patch_latent_daily_s1,06614800,0.8389841234204211
window_patch_latent_daily_s1,06622700,0.8596360119853985
window_patch_latent_daily_s1,06623800,0.8663720898169202
window_patch_latent_daily_s1,06632400,0.8376613179221615
window_patch_latent_daily_s1,06746095,0.7159836770847161
window_patch_latent_daily_s1,06803510,0.518243418283965
window_patch_latent_daily_s1,06803530,0.5608500528943494
window_patch_latent_daily_s1,06814000,0.7345559603322083
window_patch_latent_daily_s1,06847900,0.2474543799875748
window_patch_latent_daily_s1,06853800,0.002321543060192166
window_patch_latent_daily_s1,06876700,0.24517391526863164
window_patch_latent_daily_s1,06878000,0.6511697771409999
window_patch_latent_daily_s1,06879650,0.44085483568864636
window_patch_latent_daily_s1,06885500,0.766090228362286
window_patch_latent_daily_s1,06888500,0.6360542891643124
window_patch_latent_daily_s1,06889200,0.5831337824295427
window_patch_latent_daily_s1,06889500,0.7193679086130638
window_patch_latent_daily_s1,06892000,0.7685102806925848
window_patch_latent_daily_s1,06903400,0.591056654501859
window_patch_latent_daily_s1,06906800,0.5293810391562552
window_patch_latent_daily_s1,06910800,0.7130127524731894
window_patch_latent_daily_s1,06911900,0.7271336883564854
window_patch_latent_daily_s1,06917000,0.7850362397548252
window_patch_latent_daily_s1,06918460,0.310189157720429
window_patch_latent_daily_s1,06919500,0.7280466822031939
window_patch_latent_daily_s1,06921070,0.6157468103445486
window_patch_latent_daily_s1,06921200,0.6174324756936718
window_patch_latent_daily_s1,07057500,0.7073065876858292
window_patch_latent_daily_s1,07060710,0.5778008261161233
window_patch_latent_daily_s1,07066000,0.7060831519264481
window_patch_latent_daily_s1,07083000,0.8640579658423843
window_patch_latent_daily_s1,07142300,0.0744975167862183
window_patch_latent_daily_s1,07145700,0.6303698559114619
window_patch_latent_daily_s1,07167500,0.6892377224764787
window_patch_latent_daily_s1,07180500,0.6838058864752306
window_patch_latent_daily_s1,07184000,0.6149757113257404
window_patch_latent_daily_s1,07195800,0.4265809967765727
window_patch_latent_daily_s1,07196900,0.6110105334809179
window_patch_latent_daily_s1,07197000,0.7338226190220121
window_patch_latent_daily_s1,07208500,0.26359771553798916
window_patch_latent_daily_s1,07261000,0.6941523505948941
window_patch_latent_daily_s1,07263295,0.21685973647158652
window_patch_latent_daily_s1,07299670,0.2769946489636611
window_patch_latent_daily_s1,07301410,-0.1538621079534388
window_patch_latent_daily_s1,07315200,0.2931113120867763
window_patch_latent_daily_s1,07315700,0.5949582403472053
window_patch_latent_daily_s1,07335700,0.44443377232126924
window_patch_latent_daily_s1,07340300,0.7465050696143362
window_patch_latent_daily_s1,07346045,0.7171068981105413
window_patch_latent_daily_s1,08023080,0.6856829315381567
window_patch_latent_daily_s1,08050800,0.3050972073080821
window_patch_latent_daily_s1,08066200,0.5774475181763639
window_patch_latent_daily_s1,08066300,0.3012228269959957
window_patch_latent_daily_s1,08070000,0.5165278051043611
window_patch_latent_daily_s1,08070200,0.6059094929787596
window_patch_latent_daily_s1,08082700,0.18687452595320908
window_patch_latent_daily_s1,08086212,0.3092122236642426
window_patch_latent_daily_s1,08086290,0.5766218701469277
window_patch_latent_daily_s1,08101000,0.6694291073054233
window_patch_latent_daily_s1,08103900,0.4773916657161893
window_patch_latent_daily_s1,08104900,0.49435470486724553
window_patch_latent_daily_s1,08109700,0.5771657592616475
window_patch_latent_daily_s1,08150800,-0.12170226969833609
window_patch_latent_daily_s1,08158700,0.17029742088539135
window_patch_latent_daily_s1,08158810,0.37717341442644725
window_patch_latent_daily_s1,08164300,0.7174078039491828
window_patch_latent_daily_s1,08164600,0.7367629792992829
window_patch_latent_daily_s1,08165300,0.08058618419973107
window_patch_latent_daily_s1,08171300,0.5542096647200281
window_patch_latent_daily_s1,08175000,0.684900812546351
window_patch_latent_daily_s1,08176900,0.5907563518089589
window_patch_latent_daily_s1,08178880,0.32592452176851283
window_patch_latent_daily_s1,08189500,0.6976986295034199
window_patch_latent_daily_s1,08190000,0.5605673485667646
window_patch_latent_daily_s1,08190500,0.3756841697715697
window_patch_latent_daily_s1,08194200,0.2117385147354035
window_patch_latent_daily_s1,08195000,0.5722222052839181
window_patch_latent_daily_s1,08196000,0.5499172017651408
window_patch_latent_daily_s1,08198500,0.3691757018498998
window_patch_latent_daily_s1,08200000,0.3297721632152203
window_patch_latent_daily_s1,08202700,0.4225306009008504
window_patch_latent_daily_s1,08267500,0.6345981548449108
window_patch_latent_daily_s1,08269000,0.58732759288285
window_patch_latent_daily_s1,08271000,0.7212397765630438
window_patch_latent_daily_s1,08324000,0.47632446880057244
window_patch_latent_daily_s1,08377900,0.7888062800266193
window_patch_latent_daily_s1,08378500,0.7702804463886217
window_patch_latent_daily_s1,08380500,0.4636116173508771
window_patch_latent_daily_s1,09035800,0.8583255540020959
window_patch_latent_daily_s1,09035900,0.8580656798636412
window_patch_latent_daily_s1,09047700,0.6939712124932778
window_patch_latent_daily_s1,09065500,0.8736523607816054
window_patch_latent_daily_s1,09066000,0.8686577775961147
window_patch_latent_daily_s1,09066200,0.8628550771448165
window_patch_latent_daily_s1,09066300,0.8197616034204164
window_patch_latent_daily_s1,09081600,0.903208050986153
window_patch_latent_daily_s1,09107000,0.6323849223064206
window_patch_latent_daily_s1,09210500,0.745254051291022
window_patch_latent_daily_s1,09223000,0.8337639682076625
window_patch_latent_daily_s1,09306242,-1.199912740051022
window_patch_latent_daily_s1,09312600,0.5534493216434317
window_patch_latent_daily_s1,09352900,0.8127847423992434
window_patch_latent_daily_s1,09378170,0.2630391326479433
window_patch_latent_daily_s1,09386900,0.18556207011635384
window_patch_latent_daily_s1,09404450,0.11189434577515078
window_patch_latent_daily_s1,09430600,0.26056769956996617
window_patch_latent_daily_s1,09447800,-1.25952306057125
window_patch_latent_daily_s1,09484600,-0.1814384148345749
window_patch_latent_daily_s1,09492400,0.6265653021662565
window_patch_latent_daily_s1,09494000,0.5022497458778497
window_patch_latent_daily_s1,09497980,0.6842330703240391
window_patch_latent_daily_s1,09505350,0.23655099430358295
window_patch_latent_daily_s1,09505800,0.01670436665963959
window_patch_latent_daily_s1,09508300,0.6824742635177998
window_patch_latent_daily_s1,09510200,0.6305718081587759
window_patch_latent_daily_s1,09512280,0.19977571779655434
window_patch_latent_daily_s1,09513780,0.38016852476856056
window_patch_latent_daily_s1,10234500,0.644719219339454
window_patch_latent_daily_s1,10244950,0.4693324782311712
window_patch_latent_daily_s1,10336645,0.7417175265939068
window_patch_latent_daily_s1,10336660,0.5816373090275677
window_patch_latent_daily_s1,10343500,0.6064403146846653
window_patch_latent_daily_s1,12010000,0.8708136364476058
window_patch_latent_daily_s1,12013500,0.8803114721795309
window_patch_latent_daily_s1,12020000,0.6063780542301498
window_patch_latent_daily_s1,12025700,0.7827891422763102
window_patch_latent_daily_s1,12035000,0.8687591426369603
window_patch_latent_daily_s1,12040500,0.7885114887474297
window_patch_latent_daily_s1,12041200,0.6781173060484821
window_patch_latent_daily_s1,12048000,0.5154649833506129
window_patch_latent_daily_s1,12054000,0.6858905063589922
window_patch_latent_daily_s1,12056500,0.6585538549106476
window_patch_latent_daily_s1,12073500,0.7710591523133838
window_patch_latent_daily_s1,12082500,0.7247567427211495
window_patch_latent_daily_s1,12092000,0.6410280206883892
window_patch_latent_daily_s1,12114500,0.7278174501249153
window_patch_latent_daily_s1,12115000,0.7394425825646075
window_patch_latent_daily_s1,12117000,0.8380248784087995
window_patch_latent_daily_s1,12143600,0.733747664025873
window_patch_latent_daily_s1,12144000,0.654150923356992
window_patch_latent_daily_s1,12145500,0.8813879712347994
window_patch_latent_daily_s1,12147500,0.6613653847213331
window_patch_latent_daily_s1,12167000,0.7633481389059713
window_patch_latent_daily_s1,12175500,0.7207800411678579
window_patch_latent_daily_s1,12178100,0.7211920010152907
window_patch_latent_daily_s1,12186000,0.6474248034412784
window_patch_latent_daily_s1,12189500,0.7549351000864016
window_patch_latent_daily_s1,12375900,0.8057066318699659
window_patch_latent_daily_s1,12377150,0.859767847505442
window_patch_latent_daily_s1,12381400,0.6978509692730694
window_patch_latent_daily_s1,12383500,0.6953625070380974
window_patch_latent_daily_s1,12390700,0.7418897888418556
window_patch_latent_daily_s1,12411000,0.6494072531205675
window_patch_latent_daily_s1,12447390,0.7764047260120077
window_patch_latent_daily_s1,12451000,0.8023518174433921
window_patch_latent_daily_s1,12488500,0.7154874515931986
window_patch_latent_daily_s1,13011500,0.7452375353709499
window_patch_latent_daily_s1,13011900,0.8055830002587371
window_patch_latent_daily_s1,13018300,0.7789831975084006
window_patch_latent_daily_s1,13023000,0.874738124403955
window_patch_latent_daily_s1,13161500,0.7767340851865339
window_patch_latent_daily_s1,13235000,0.7412597634646196
window_patch_latent_daily_s1,13240000,0.8200552788239044
window_patch_latent_daily_s1,13313000,0.7842269324104412
window_patch_latent_daily_s1,13331500,0.8496731439350486
window_patch_latent_daily_s1,14020000,0.7557736574194764
window_patch_latent_daily_s1,14096850,0.5150643588506678
window_patch_latent_daily_s1,14137000,0.7364934312950626
window_patch_latent_daily_s1,14138800,0.7160765034219445
window_patch_latent_daily_s1,14138870,0.7412400222263751
window_patch_latent_daily_s1,14138900,0.7621034061699585
window_patch_latent_daily_s1,14139800,0.7737120593681496
window_patch_latent_daily_s1,14141500,0.7666269561552044
window_patch_latent_daily_s1,14154500,0.8397779132765865
window_patch_latent_daily_s1,14158790,0.7076291589900088
window_patch_latent_daily_s1,14166500,0.8635328568176839
window_patch_latent_daily_s1,14182500,0.7592715400763231
window_patch_latent_daily_s1,14185000,0.8562053949027493
window_patch_latent_daily_s1,14185900,0.8258974496235741
window_patch_latent_daily_s1,14187000,0.17486604974351339
window_patch_latent_daily_s1,14216500,0.681579711860743
window_patch_latent_daily_s1,14222500,0.8599852913510087
window_patch_latent_daily_s1,14236200,0.8505108694821348
window_patch_latent_daily_s1,14301000,0.9155202877688369
window_patch_latent_daily_s1,14303200,0.7189168564781248
window_patch_latent_daily_s1,14305500,0.8498668550227378
window_patch_latent_daily_s1,14306340,0.6428987257862617
window_patch_latent_daily_s1,14306500,0.8386227249005059
window_patch_latent_daily_s1,14308990,0.37880163066897354
window_patch_latent_daily_s1,14309500,0.7914501591263603
window_patch_latent_daily_s1,14316700,0.8315987794384743
window_patch_latent_daily_s1,14325000,0.8120948718642987
window_patch_latent_daily_s1,14362250,0.32485028062908494
window_patch_latent_daily_s1,14400000,0.8605295041565189
window_patch_latent_daily_s1,10259000,0.6595640424488687
window_patch_latent_daily_s1,11124500,0.576126507794373
window_patch_latent_daily_s1,11141280,0.6977563702411482
window_patch_latent_daily_s1,11143000,0.7254882463903094
window_patch_latent_daily_s1,11148900,0.6986126887876744
window_patch_latent_daily_s1,11151300,0.6143344419838754
window_patch_latent_daily_s1,11176400,0.464434975451388
window_patch_latent_daily_s1,11230500,0.7553357906917167
window_patch_latent_daily_s1,11237500,0.6126968972748823
window_patch_latent_daily_s1,11264500,0.7856279058304743
window_patch_latent_daily_s1,11266500,0.7466002691958878
window_patch_latent_daily_s1,11284400,0.6721720814180987
window_patch_latent_daily_s1,11381500,0.7252317557525549
window_patch_latent_daily_s1,11451100,0.6844821164095243
window_patch_latent_daily_s1,11468500,0.8207227170374328
window_patch_latent_daily_s1,11473900,0.673729923200181
window_patch_latent_daily_s1,11475560,0.6138365317397761
window_patch_latent_daily_s1,11476600,0.7231301357696158
window_patch_latent_daily_s1,11478500,0.7955447490537407
window_patch_latent_daily_s1,11480390,0.670239260250211
window_patch_latent_daily_s1,11481200,0.7951371223955129
window_patch_latent_daily_s1,11482500,0.7920256215408156
window_patch_latent_daily_s1,11522500,0.7460003031112056
window_patch_latent_daily_s1,11523200,0.7346422916984832
window_patch_latent_daily_s1,11528700,0.6584674997635012
window_patch_latent_daily_s1,11532500,0.8693989125529696
