benchmark,benchmark_label,basins,train_period,test_period,arm,model,extent,protocol,epochs,seed,K,context_period,series,nse,kge,corr,bias_rel,rmse,fhv,flv,n_basins,n_days,tag
peijun_li,Peijun Li Ensemble,531,1980-10-01..1999-09-30,1995-10-01..1999-09-30,lstmD0.1H256,RegionalLSTM,PUB,peijun_li,50,0,,,model,0.663672,0.639003,0.859736,-0.024434,1.440169,-10.615194,-10.581514,531,1461,lstmD0.1H256_peijun_li_PUB_e50_s0
peijun_li,Peijun Li Ensemble,531,1980-10-01..1999-09-30,1995-10-01..1999-09-30,lstmD0.1H256,RegionalLSTM,PUR,peijun_li,50,0,,,model,0.503242,0.489752,0.806512,0.052871,1.756807,-9.76722,49.827015,531,1461,lstmD0.1H256_peijun_li_PUR_e50_s0
peijun_li,Peijun Li Ensemble,531,1980-10-01..1999-09-30,1995-10-01..1999-09-30,lstmD0.1H512,RegionalLSTM,PUB,peijun_li,50,0,,,model,0.661596,0.642451,0.859486,-0.033259,1.390202,-9.302466,-13.224038,531,1461,lstmD0.1H512_peijun_li_PUB_e50_s0
peijun_li,Peijun Li Ensemble,531,1980-10-01..1999-09-30,1995-10-01..1999-09-30,lstmD0.1H512,RegionalLSTM,PUR,peijun_li,50,0,,,model,0.542536,0.508763,0.815631,0.034677,1.728284,-11.028853,22.654032,531,1461,lstmD0.1H512_peijun_li_PUR_e50_s0
peijun_li,Peijun Li Ensemble,531,1980-10-01..1999-09-30,1995-10-01..1999-09-30,lstmD0.25H256,RegionalLSTM,PUB,peijun_li,50,0,,,model,0.667516,0.654499,0.864685,-0.020784,1.382029,-9.168143,-22.556157,531,1461,lstmD0.25H256_peijun_li_PUB_e50_s0
peijun_li,Peijun Li Ensemble,531,1980-10-01..1999-09-30,1995-10-01..1999-09-30,lstmD0.25H256,RegionalLSTM,PUR,peijun_li,50,0,,,model,0.504033,0.495475,0.804802,0.012236,1.677924,-17.150989,48.562712,531,1461,lstmD0.25H256_peijun_li_PUR_e50_s0
peijun_li,Peijun Li Ensemble,531,1980-10-01..1999-09-30,1995-10-01..1999-09-30,lstmD0.25H512,RegionalLSTM,PUB,peijun_li,50,0,,,model,0.659178,0.619392,0.868937,-0.062795,1.419283,-8.43862,-31.520409,531,1461,lstmD0.25H512_peijun_li_PUB_e50_s0
peijun_li,Peijun Li Ensemble,531,1980-10-01..1999-09-30,1995-10-01..1999-09-30,lstmD0.25H512,RegionalLSTM,PUR,peijun_li,50,0,,,model,0.514143,0.506066,0.811762,-0.001832,1.686443,-15.347823,16.764065,531,1461,lstmD0.25H512_peijun_li_PUR_e50_s0
peijun_li,Peijun Li Ensemble,531,1980-10-01..1999-09-30,1995-10-01..1999-09-30,lstmD0.5H256,RegionalLSTM,PUB,peijun_li,50,0,,,model,0.654409,0.632767,0.861526,0.015678,1.449571,-9.271467,16.315974,531,1461,lstmD0.5H256_peijun_li_PUB_e50_s0
peijun_li,Peijun Li Ensemble,531,1980-10-01..1999-09-30,1995-10-01..1999-09-30,lstmD0.5H256,RegionalLSTM,PUR,peijun_li,50,0,,,model,0.521701,0.515791,0.807683,0.018111,1.716401,-18.908501,64.820472,531,1461,lstmD0.5H256_peijun_li_PUR_e50_s0
peijun_li,Peijun Li Ensemble,531,1980-10-01..1999-09-30,1995-10-01..1999-09-30,lstmD0.5H512,RegionalLSTM,PUB,peijun_li,50,0,,,model,0.658158,0.599731,0.860354,-0.050826,1.447025,-8.271903,-26.81543,531,1461,lstmD0.5H512_peijun_li_PUB_e50_s0
peijun_li,Peijun Li Ensemble,531,1980-10-01..1999-09-30,1995-10-01..1999-09-30,lstmD0.5H512,RegionalLSTM,PUR,peijun_li,50,0,,,model,0.503839,0.509765,0.799499,-0.038978,1.74553,-14.645648,-14.533852,531,1461,lstmD0.5H512_peijun_li_PUR_e50_s0
spatial,spatial,531,,,lstm,RegionalLSTM,PUB,spatial,50,0,,,model,0.654409,0.632767,0.861526,0.015678,1.449571,-9.271467,16.315974,531,1461,lstm_PUB_fixsteps_s0
spatial,spatial,531,,,lstm,RegionalLSTM,PUB,spatial,50,0,,,model,0.665648,0.650478,0.852221,-0.012505,1.420633,-12.250679,-7.617499,531,1461,lstm_PUB_spatial_s0
spatial,spatial,531,,,lstm,RegionalLSTM,PUR,spatial,50,0,,,model,0.521701,0.515791,0.807683,0.018111,1.716401,-18.908501,64.820472,531,1461,lstm_PUR_fixsteps_s0
spatial,spatial,531,,,lstm,RegionalLSTM,PUR,spatial,50,0,,,model,0.545126,0.539959,0.813884,0.001737,1.68989,-17.094712,7.599401,531,1461,lstm_PUR_spatial_s0
feng2023,Dapeng Feng 2023,531,1989-10-01..1999-09-30,1989-10-01..1999-09-30,lstm,RegionalLSTM,PUB,feng2023,200,0,,,model,0.635062,0.661266,0.844047,0.031591,1.491345,-6.292337,26.016238,531,3652,lstm_feng2023_PUB_e200_s0
feng2023,Dapeng Feng 2023,531,1989-10-01..1999-09-30,1989-10-01..1999-09-30,lstm,RegionalLSTM,PUB,feng2023,200,1,,,model,0.62859,0.649869,0.838495,-0.071501,1.503761,-8.973699,-20.426576,531,3652,lstm_feng2023_PUB_e200_s1
feng2023,Dapeng Feng 2023,531,1989-10-01..1999-09-30,1989-10-01..1999-09-30,lstm,RegionalLSTM,PUB,feng2023,200,2,,,model,0.624499,0.634103,0.840018,0.011261,1.488072,-11.103118,29.721979,531,3652,lstm_feng2023_PUB_e200_s2
feng2023,Dapeng Feng 2023,531,1989-10-01..1999-09-30,1989-10-01..1999-09-30,lstm,RegionalLSTM,PUB,feng2023,50,0,,,model,0.658618,0.627812,0.857228,-0.053343,1.414606,-11.445976,-10.321368,531,3652,lstm_feng2023_PUB_e50_s0
feng2023,Dapeng Feng 2023,531,1989-10-01..1999-09-30,1989-10-01..1999-09-30,lstm,RegionalLSTM,PUB,feng2023,50,1,,,model,0.65638,0.634309,0.850098,-0.112176,1.452936,-12.479823,-28.88819,531,3652,lstm_feng2023_PUB_e50_s1
feng2023,Dapeng Feng 2023,531,1989-10-01..1999-09-30,1989-10-01..1999-09-30,lstm,RegionalLSTM,PUB,feng2023,50,2,,,model,0.663472,0.63981,0.85959,0.03177,1.417238,-10.77168,26.374792,531,3652,lstm_feng2023_PUB_e50_s2
feng2023,Dapeng Feng 2023,531,1989-10-01..1999-09-30,1989-10-01..1999-09-30,lstm,RegionalLSTM,PUR,feng2023,200,0,,,model,0.49099,0.544053,0.775321,0.018036,1.771446,-14.951179,49.573,531,3652,lstm_feng2023_PUR_e200_s0
feng2023,Dapeng Feng 2023,531,1989-10-01..1999-09-30,1989-10-01..1999-09-30,lstm,RegionalLSTM,PUR,feng2023,200,1,,,model,0.477225,0.499554,0.775401,0.005911,1.808024,-13.978685,68.610603,531,3652,lstm_feng2023_PUR_e200_s1
feng2023,Dapeng Feng 2023,531,1989-10-01..1999-09-30,1989-10-01..1999-09-30,lstm,RegionalLSTM,PUR,feng2023,200,2,,,model,0.478415,0.526078,0.775908,-0.019536,1.790536,-11.660695,0.077779,531,3652,lstm_feng2023_PUR_e200_s2
feng2023,Dapeng Feng 2023,531,1989-10-01..1999-09-30,1989-10-01..1999-09-30,lstm,RegionalLSTM,PUR,feng2023,50,0,,,model,0.509488,0.50459,0.796859,-0.110098,1.665005,-18.118872,-25.577179,531,3652,lstm_feng2023_PUR_e50_s0
feng2023,Dapeng Feng 2023,531,1989-10-01..1999-09-30,1989-10-01..1999-09-30,lstm,RegionalLSTM,PUR,feng2023,50,1,,,model,0.532531,0.504413,0.804528,0.006695,1.756453,-17.563148,64.994993,531,3652,lstm_feng2023_PUR_e50_s1
feng2023,Dapeng Feng 2023,531,1989-10-01..1999-09-30,1989-10-01..1999-09-30,lstm,RegionalLSTM,PUR,feng2023,50,2,,,model,0.534067,0.531185,0.808793,-0.090641,1.641878,-15.978208,8.580081,531,3652,lstm_feng2023_PUR_e50_s2
leo10_531,10 years 531 Leo,531,1999-10-01..2008-09-30,1989-10-01..1999-09-30,lstm,RegionalLSTM,temporal,leo10_531,200,0,,,model,0.679271,0.676528,0.846247,-0.160793,1.409872,-19.985044,-27.027702,531,3652,lstm_leo10_531_temporal_e200_s0
leo10_531,10 years 531 Leo,531,1999-10-01..2008-09-30,1989-10-01..1999-09-30,lstm,RegionalLSTM,temporal,leo10_531,200,1,,,model,0.684523,0.711266,0.847013,-0.110419,1.387334,-16.139354,-33.670738,531,3652,lstm_leo10_531_temporal_e200_s1
leo10_531,10 years 531 Leo,531,1999-10-01..2008-09-30,1989-10-01..1999-09-30,lstm,RegionalLSTM,temporal,leo10_531,200,2,,,model,0.69,0.714084,0.844742,-0.105602,1.365829,-16.34144,-13.408131,531,3652,lstm_leo10_531_temporal_e200_s2
leo10_531,10 years 531 Leo,531,1999-10-01..2008-09-30,1989-10-01..1999-09-30,lstm,RegionalLSTM,temporal,leo10_531,50,0,,,model,0.706205,0.727558,0.852955,-0.068555,1.326926,-15.970225,-10.568756,531,3652,lstm_leo10_531_temporal_e50_s0
leo10_531,10 years 531 Leo,531,1999-10-01..2008-09-30,1989-10-01..1999-09-30,lstm,RegionalLSTM,temporal,leo10_531,50,1,,,model,0.705565,0.700383,0.855183,0.057918,1.341264,-17.727748,105.768729,531,3652,lstm_leo10_531_temporal_e50_s1
leo10_531,10 years 531 Leo,531,1999-10-01..2008-09-30,1989-10-01..1999-09-30,lstm,RegionalLSTM,temporal,leo10_531,50,2,,,model,0.695809,0.703407,0.853715,-0.093339,1.297252,-20.409451,-0.790695,531,3652,lstm_leo10_531_temporal_e50_s2
leo15_531,15 years 531 (legacy temporal),531,1980-10-01..1995-09-30,1995-10-01..2010-09-30,lstm,RegionalLSTM,temporal,leo15_531,200,0,,,model,0.641991,0.637306,0.843737,0.24865,1.401043,-3.534397,199.705265,531,5479,lstm_leo15_531_temporal_e200_s0
leo15_531,15 years 531 (legacy temporal),531,1980-10-01..1995-09-30,1995-10-01..2010-09-30,lstm,RegionalLSTM,temporal,leo15_531,200,1,,,model,0.665909,0.746738,0.846859,-0.02136,1.324271,-2.708689,-54.875272,531,5479,lstm_leo15_531_temporal_e200_s1
leo15_531,15 years 531 (legacy temporal),531,1980-10-01..1995-09-30,1995-10-01..2010-09-30,lstm,RegionalLSTM,temporal,leo15_531,200,2,,,model,0.673116,0.74337,0.843465,0.042867,1.334626,-5.258161,23.825149,531,5479,lstm_leo15_531_temporal_e200_s2
leo15_531,15 years 531 (legacy temporal),531,1980-10-01..1995-09-30,1995-10-01..2010-09-30,lstm,RegionalLSTM,temporal,leo15_531,50,0,,,model,0.684914,0.755967,0.859951,0.023907,1.281266,-1.351669,-21.592491,531,5479,lstm_leo15_531_temporal_e50_s0
leo15_531,15 years 531 (legacy temporal),531,1980-10-01..1995-09-30,1995-10-01..2010-09-30,lstm,RegionalLSTM,temporal,leo15_531,50,1,,,model,0.69204,0.706179,0.857638,0.146892,1.291434,-8.986422,121.91406,531,5479,lstm_leo15_531_temporal_e50_s1
leo15_531,15 years 531 (legacy temporal),531,1980-10-01..1995-09-30,1995-10-01..2010-09-30,lstm,RegionalLSTM,temporal,leo15_531,50,2,,,model,0.696642,0.675919,0.858545,-0.218875,1.263097,-13.62417,-132.247233,531,5479,lstm_leo15_531_temporal_e50_s2
leo15_671,15 years 671 Leo,671,1980-10-01..1995-09-30,1995-10-01..2010-09-30,lstm,RegionalLSTM,temporal,leo15_671,200,0,,,model,0.65352,0.725254,0.839498,0.100214,1.217076,-4.348163,61.082048,671,5479,lstm_leo15_671_temporal_e200_s0
leo15_671,15 years 671 Leo,671,1980-10-01..1995-09-30,1995-10-01..2010-09-30,lstm,RegionalLSTM,temporal,leo15_671,200,1,,,model,0.656603,0.689658,0.842609,0.141017,1.255188,-2.896557,64.096108,671,5479,lstm_leo15_671_temporal_e200_s1
leo15_671,15 years 671 Leo,671,1980-10-01..1995-09-30,1995-10-01..2010-09-30,lstm,RegionalLSTM,temporal,leo15_671,200,2,,,model,0.633221,0.6214,0.834313,0.255309,1.242628,-5.207133,220.86359,671,5479,lstm_leo15_671_temporal_e200_s2
leo15_671,15 years 671 Leo,671,1980-10-01..1995-09-30,1995-10-01..2010-09-30,lstm,RegionalLSTM,temporal,leo15_671,50,0,,,model,0.689018,0.697966,0.854984,0.085317,1.170447,-9.478907,69.140605,671,5479,lstm_leo15_671_temporal_e50_s0
leo15_671,15 years 671 Leo,671,1980-10-01..1995-09-30,1995-10-01..2010-09-30,lstm,RegionalLSTM,temporal,leo15_671,50,1,,,model,0.670595,0.710647,0.85382,0.049388,1.204038,-3.005844,-7.304591,671,5479,lstm_leo15_671_temporal_e50_s1
leo15_671,15 years 671 Leo,671,1980-10-01..1995-09-30,1995-10-01..2010-09-30,lstm,RegionalLSTM,temporal,leo15_671,50,2,,,model,0.677265,0.705032,0.851293,0.138584,1.194538,-5.454301,75.386505,671,5479,lstm_leo15_671_temporal_e50_s2
peijun_li,Peijun Li Ensemble,531,1980-10-01..1999-09-30,1995-10-01..1999-09-30,lstm,RegionalLSTM,PUB,peijun_li,200,0,,,model,0.627903,0.637457,0.845301,0.006452,1.486492,-8.993906,18.815529,531,1461,lstm_peijun_li_PUB_e200_s0
peijun_li,Peijun Li Ensemble,531,1980-10-01..1999-09-30,1995-10-01..1999-09-30,lstm,RegionalLSTM,PUB,peijun_li,200,1,,,model,0.637113,0.632768,0.847888,0.022933,1.515154,-8.154917,36.60376,531,1461,lstm_peijun_li_PUB_e200_s1
peijun_li,Peijun Li Ensemble,531,1980-10-01..1999-09-30,1995-10-01..1999-09-30,lstm,RegionalLSTM,PUB,peijun_li,200,2,,,model,0.634677,0.633172,0.849488,0.021983,1.491252,-6.327,8.042944,531,1461,lstm_peijun_li_PUB_e200_s2
peijun_li,Peijun Li Ensemble,531,1980-10-01..1999-09-30,1995-10-01..1999-09-30,lstm,RegionalLSTM,PUB,peijun_li,50,0,,,model,0.654409,0.632767,0.861526,0.015678,1.449571,-9.271467,16.315974,531,1461,lstm_peijun_li_PUB_e50_s0
peijun_li,Peijun Li Ensemble,531,1980-10-01..1999-09-30,1995-10-01..1999-09-30,lstm,RegionalLSTM,PUB,peijun_li,50,1,,,model,0.659796,0.640944,0.865902,0.019452,1.446588,-8.864486,13.471177,531,1461,lstm_peijun_li_PUB_e50_s1
peijun_li,Peijun Li Ensemble,531,1980-10-01..1999-09-30,1995-10-01..1999-09-30,lstm,RegionalLSTM,PUB,peijun_li,50,2,,,model,0.652747,0.624533,0.857325,0.039638,1.449881,-9.789474,31.412831,531,1461,lstm_peijun_li_PUB_e50_s2
peijun_li,Peijun Li Ensemble,531,1980-10-01..1999-09-30,1995-10-01..1999-09-30,lstm,RegionalLSTM,PUR,peijun_li,200,0,,,model,0.475587,0.516132,0.792459,-0.035786,1.836604,-13.037193,13.626935,531,1461,lstm_peijun_li_PUR_e200_s0
peijun_li,Peijun Li Ensemble,531,1980-10-01..1999-09-30,1995-10-01..1999-09-30,lstm,RegionalLSTM,PUR,peijun_li,200,1,,,model,0.493753,0.515289,0.780736,-0.055775,1.875518,-11.500606,0.911101,531,1461,lstm_peijun_li_PUR_e200_s1
peijun_li,Peijun Li Ensemble,531,1980-10-01..1999-09-30,1995-10-01..1999-09-30,lstm,RegionalLSTM,PUR,peijun_li,200,2,,,model,0.464917,0.514718,0.782592,-0.070846,1.844081,-11.821383,-39.690823,531,1461,lstm_peijun_li_PUR_e200_s2
peijun_li,Peijun Li Ensemble,531,1980-10-01..1999-09-30,1995-10-01..1999-09-30,lstm,RegionalLSTM,PUR,peijun_li,50,0,,,model,0.521701,0.515791,0.807683,0.018111,1.716401,-18.908501,64.820472,531,1461,lstm_peijun_li_PUR_e50_s0
peijun_li,Peijun Li Ensemble,531,1980-10-01..1999-09-30,1995-10-01..1999-09-30,lstm,RegionalLSTM,PUR,peijun_li,50,1,,,model,0.542595,0.546282,0.810203,0.001968,1.697609,-13.66008,17.19595,531,1461,lstm_peijun_li_PUR_e50_s1
peijun_li,Peijun Li Ensemble,531,1980-10-01..1999-09-30,1995-10-01..1999-09-30,lstm,RegionalLSTM,PUR,peijun_li,50,2,,,model,0.524147,0.529974,0.801634,0.035981,1.769387,-15.773859,71.592865,531,1461,lstm_peijun_li_PUR_e50_s2
temporal,temporal,531,,,lstm,RegionalLSTM,temporal,temporal,200,0,,,model,0.641991,0.637306,0.843737,0.24865,1.401043,-3.534397,199.705265,531,5479,lstm_temporal_e200_s0
temporal,temporal,531,,,lstm,RegionalLSTM,temporal,temporal,50,0,,,model,0.684914,0.755967,0.859951,0.023907,1.281266,-1.351669,-21.592491,531,5479,lstm_temporal_fixsteps_s0
temporal,temporal,531,,,lstm,RegionalLSTM,temporal,temporal,50,0,,,model,0.692453,0.687485,0.85407,0.161241,1.272003,-10.232603,132.645785,531,5479,lstm_temporal_temporal_s0
feng2023,Dapeng Feng 2023,531,1989-10-01..1999-09-30,1989-10-01..1999-09-30,pubC,PUBModel,PUB,feng2023,200,0,0,concurrent,model,0.518956,0.573846,0.756528,-0.011053,1.705204,-24.287853,33.279049,531,3652,pubC_feng2023_PUB_e200_s0
feng2023,Dapeng Feng 2023,531,1989-10-01..1999-09-30,1989-10-01..1999-09-30,pubC,PUBModel,PUB,feng2023,200,0,1,concurrent,model,0.700047,0.700606,0.877074,-0.001801,1.311472,-8.887193,8.545455,531,3652,pubC_feng2023_PUB_e200_s0
feng2023,Dapeng Feng 2023,531,1989-10-01..1999-09-30,1989-10-01..1999-09-30,pubC,PUBModel,PUB,feng2023,200,0,1,concurrent,idw,0.539792,,,,,,,531,3652,pubC_feng2023_PUB_e200_s0
feng2023,Dapeng Feng 2023,531,1989-10-01..1999-09-30,1989-10-01..1999-09-30,pubC,PUBModel,PUB,feng2023,200,0,1,concurrent,ctx_mean,0.539792,,,,,,,531,3652,pubC_feng2023_PUB_e200_s0
feng2023,Dapeng Feng 2023,531,1989-10-01..1999-09-30,1989-10-01..1999-09-30,pubC,PUBModel,PUB,feng2023,200,0,1,concurrent,nn_donor,0.539792,,,,,,,531,3652,pubC_feng2023_PUB_e200_s0
feng2023,Dapeng Feng 2023,531,1989-10-01..1999-09-30,1989-10-01..1999-09-30,pubC,PUBModel,PUB,feng2023,200,0,2,concurrent,model,0.716141,0.709705,0.882619,-0.005197,1.251787,-9.557843,4.389537,531,3652,pubC_feng2023_PUB_e200_s0
feng2023,Dapeng Feng 2023,531,1989-10-01..1999-09-30,1989-10-01..1999-09-30,pubC,PUBModel,PUB,feng2023,200,0,2,concurrent,idw,0.601359,,,,,,,531,3652,pubC_feng2023_PUB_e200_s0
feng2023,Dapeng Feng 2023,531,1989-10-01..1999-09-30,1989-10-01..1999-09-30,pubC,PUBModel,PUB,feng2023,200,0,2,concurrent,ctx_mean,0.576018,,,,,,,531,3652,pubC_feng2023_PUB_e200_s0
feng2023,Dapeng Feng 2023,531,1989-10-01..1999-09-30,1989-10-01..1999-09-30,pubC,PUBModel,PUB,feng2023,200,0,2,concurrent,nn_donor,0.539792,,,,,,,531,3652,pubC_feng2023_PUB_e200_s0
feng2023,Dapeng Feng 2023,531,1989-10-01..1999-09-30,1989-10-01..1999-09-30,pubC,PUBModel,PUB,feng2023,200,0,4,concurrent,model,0.719753,0.711498,0.887225,-0.00293,1.241468,-8.293943,1.939353,531,3652,pubC_feng2023_PUB_e200_s0
feng2023,Dapeng Feng 2023,531,1989-10-01..1999-09-30,1989-10-01..1999-09-30,pubC,PUBModel,PUB,feng2023,200,0,4,concurrent,idw,0.627394,,,,,,,531,3652,pubC_feng2023_PUB_e200_s0
feng2023,Dapeng Feng 2023,531,1989-10-01..1999-09-30,1989-10-01..1999-09-30,pubC,PUBModel,PUB,feng2023,200,0,4,concurrent,ctx_mean,0.579662,,,,,,,531,3652,pubC_feng2023_PUB_e200_s0
feng2023,Dapeng Feng 2023,531,1989-10-01..1999-09-30,1989-10-01..1999-09-30,pubC,PUBModel,PUB,feng2023,200,0,4,concurrent,nn_donor,0.539792,,,,,,,531,3652,pubC_feng2023_PUB_e200_s0
feng2023,Dapeng Feng 2023,531,1989-10-01..1999-09-30,1989-10-01..1999-09-30,pubC,PUBModel,PUB,feng2023,200,0,8,concurrent,model,0.722412,0.715563,0.88952,0.00182,1.241739,-8.15713,1.0242,531,3652,pubC_feng2023_PUB_e200_s0
feng2023,Dapeng Feng 2023,531,1989-10-01..1999-09-30,1989-10-01..1999-09-30,pubC,PUBModel,PUB,feng2023,200,0,8,concurrent,idw,0.629379,,,,,,,531,3652,pubC_feng2023_PUB_e200_s0
feng2023,Dapeng Feng 2023,531,1989-10-01..1999-09-30,1989-10-01..1999-09-30,pubC,PUBModel,PUB,feng2023,200,0,8,concurrent,ctx_mean,0.546594,,,,,,,531,3652,pubC_feng2023_PUB_e200_s0
feng2023,Dapeng Feng 2023,531,1989-10-01..1999-09-30,1989-10-01..1999-09-30,pubC,PUBModel,PUB,feng2023,200,0,8,concurrent,nn_donor,0.539792,,,,,,,531,3652,pubC_feng2023_PUB_e200_s0
feng2023,Dapeng Feng 2023,531,1989-10-01..1999-09-30,1989-10-01..1999-09-30,pubC,PUBModel,PUB,feng2023,200,1,0,concurrent,model,0.53408,0.583566,0.767518,-0.014248,1.694787,-22.33273,28.81116,531,3652,pubC_feng2023_PUB_e200_s1
feng2023,Dapeng Feng 2023,531,1989-10-01..1999-09-30,1989-10-01..1999-09-30,pubC,PUBModel,PUB,feng2023,200,1,1,concurrent,model,0.702242,0.703792,0.875719,-0.010209,1.325983,-9.580701,6.766982,531,3652,pubC_feng2023_PUB_e200_s1
feng2023,Dapeng Feng 2023,531,1989-10-01..1999-09-30,1989-10-01..1999-09-30,pubC,PUBModel,PUB,feng2023,200,1,1,concurrent,idw,0.539792,,,,,,,531,3652,pubC_feng2023_PUB_e200_s1
feng2023,Dapeng Feng 2023,531,1989-10-01..1999-09-30,1989-10-01..1999-09-30,pubC,PUBModel,PUB,feng2023,200,1,1,concurrent,ctx_mean,0.539792,,,,,,,531,3652,pubC_feng2023_PUB_e200_s1
feng2023,Dapeng Feng 2023,531,1989-10-01..1999-09-30,1989-10-01..1999-09-30,pubC,PUBModel,PUB,feng2023,200,1,1,concurrent,nn_donor,0.539792,,,,,,,531,3652,pubC_feng2023_PUB_e200_s1
feng2023,Dapeng Feng 2023,531,1989-10-01..1999-09-30,1989-10-01..1999-09-30,pubC,PUBModel,PUB,feng2023,200,1,2,concurrent,model,0.717098,0.717678,0.884092,-0.011412,1.292058,-9.175565,3.763792,531,3652,pubC_feng2023_PUB_e200_s1
feng2023,Dapeng Feng 2023,531,1989-10-01..1999-09-30,1989-10-01..1999-09-30,pubC,PUBModel,PUB,feng2023,200,1,2,concurrent,idw,0.601359,,,,,,,531,3652,pubC_feng2023_PUB_e200_s1
feng2023,Dapeng Feng 2023,531,1989-10-01..1999-09-30,1989-10-01..1999-09-30,pubC,PUBModel,PUB,feng2023,200,1,2,concurrent,ctx_mean,0.576018,,,,,,,531,3652,pubC_feng2023_PUB_e200_s1
feng2023,Dapeng Feng 2023,531,1989-10-01..1999-09-30,1989-10-01..1999-09-30,pubC,PUBModel,PUB,feng2023,200,1,2,concurrent,nn_donor,0.539792,,,,,,,531,3652,pubC_feng2023_PUB_e200_s1
feng2023,Dapeng Feng 2023,531,1989-10-01..1999-09-30,1989-10-01..1999-09-30,pubC,PUBModel,PUB,feng2023,200,1,4,concurrent,model,0.727645,0.718104,0.88806,-0.009836,1.259057,-8.032205,1.031975,531,3652,pubC_feng2023_PUB_e200_s1
feng2023,Dapeng Feng 2023,531,1989-10-01..1999-09-30,1989-10-01..1999-09-30,pubC,PUBModel,PUB,feng2023,200,1,4,concurrent,idw,0.627394,,,,,,,531,3652,pubC_feng2023_PUB_e200_s1
feng2023,Dapeng Feng 2023,531,1989-10-01..1999-09-30,1989-10-01..1999-09-30,pubC,PUBModel,PUB,feng2023,200,1,4,concurrent,ctx_mean,0.579662,,,,,,,531,3652,pubC_feng2023_PUB_e200_s1
feng2023,Dapeng Feng 2023,531,1989-10-01..1999-09-30,1989-10-01..1999-09-30,pubC,PUBModel,PUB,feng2023,200,1,4,concurrent,nn_donor,0.539792,,,,,,,531,3652,pubC_feng2023_PUB_e200_s1
feng2023,Dapeng Feng 2023,531,1989-10-01..1999-09-30,1989-10-01..1999-09-30,pubC,PUBModel,PUB,feng2023,200,1,8,concurrent,model,0.727629,0.714863,0.888,-0.006254,1.246817,-8.203617,1.530158,531,3652,pubC_feng2023_PUB_e200_s1
feng2023,Dapeng Feng 2023,531,1989-10-01..1999-09-30,1989-10-01..1999-09-30,pubC,PUBModel,PUB,feng2023,200,1,8,concurrent,idw,0.629379,,,,,,,531,3652,pubC_feng2023_PUB_e200_s1
feng2023,Dapeng Feng 2023,531,1989-10-01..1999-09-30,1989-10-01..1999-09-30,pubC,PUBModel,PUB,feng2023,200,1,8,concurrent,ctx_mean,0.546594,,,,,,,531,3652,pubC_feng2023_PUB_e200_s1
feng2023,Dapeng Feng 2023,531,1989-10-01..1999-09-30,1989-10-01..1999-09-30,pubC,PUBModel,PUB,feng2023,200,1,8,concurrent,nn_donor,0.539792,,,,,,,531,3652,pubC_feng2023_PUB_e200_s1
feng2023,Dapeng Feng 2023,531,1989-10-01..1999-09-30,1989-10-01..1999-09-30,pubC,PUBModel,PUB,feng2023,200,2,0,concurrent,model,0.533291,0.579961,0.759362,-0.00977,1.770272,-23.504916,28.807752,531,3652,pubC_feng2023_PUB_e200_s2
feng2023,Dapeng Feng 2023,531,1989-10-01..1999-09-30,1989-10-01..1999-09-30,pubC,PUBModel,PUB,feng2023,200,2,1,concurrent,model,0.690281,0.707188,0.876694,0.000878,1.320111,-9.042605,4.128157,531,3652,pubC_feng2023_PUB_e200_s2
feng2023,Dapeng Feng 2023,531,1989-10-01..1999-09-30,1989-10-01..1999-09-30,pubC,PUBModel,PUB,feng2023,200,2,1,concurrent,idw,0.539792,,,,,,,531,3652,pubC_feng2023_PUB_e200_s2
feng2023,Dapeng Feng 2023,531,1989-10-01..1999-09-30,1989-10-01..1999-09-30,pubC,PUBModel,PUB,feng2023,200,2,1,concurrent,ctx_mean,0.539792,,,,,,,531,3652,pubC_feng2023_PUB_e200_s2
feng2023,Dapeng Feng 2023,531,1989-10-01..1999-09-30,1989-10-01..1999-09-30,pubC,PUBModel,PUB,feng2023,200,2,1,concurrent,nn_donor,0.539792,,,,,,,531,3652,pubC_feng2023_PUB_e200_s2
feng2023,Dapeng Feng 2023,531,1989-10-01..1999-09-30,1989-10-01..1999-09-30,pubC,PUBModel,PUB,feng2023,200,2,2,concurrent,model,0.717483,0.708244,0.883644,-0.001265,1.298932,-9.501267,4.371883,531,3652,pubC_feng2023_PUB_e200_s2
feng2023,Dapeng Feng 2023,531,1989-10-01..1999-09-30,1989-10-01..1999-09-30,pubC,PUBModel,PUB,feng2023,200,2,2,concurrent,idw,0.601359,,,,,,,531,3652,pubC_feng2023_PUB_e200_s2
feng2023,Dapeng Feng 2023,531,1989-10-01..1999-09-30,1989-10-01..1999-09-30,pubC,PUBModel,PUB,feng2023,200,2,2,concurrent,ctx_mean,0.576018,,,,,,,531,3652,pubC_feng2023_PUB_e200_s2
feng2023,Dapeng Feng 2023,531,1989-10-01..1999-09-30,1989-10-01..1999-09-30,pubC,PUBModel,PUB,feng2023,200,2,2,concurrent,nn_donor,0.539792,,,,,,,531,3652,pubC_feng2023_PUB_e200_s2
feng2023,Dapeng Feng 2023,531,1989-10-01..1999-09-30,1989-10-01..1999-09-30,pubC,PUBModel,PUB,feng2023,200,2,4,concurrent,model,0.718568,0.712739,0.886254,-0.005918,1.273257,-9.551048,1.690456,531,3652,pubC_feng2023_PUB_e200_s2
feng2023,Dapeng Feng 2023,531,1989-10-01..1999-09-30,1989-10-01..1999-09-30,pubC,PUBModel,PUB,feng2023,200,2,4,concurrent,idw,0.627394,,,,,,,531,3652,pubC_feng2023_PUB_e200_s2
feng2023,Dapeng Feng 2023,531,1989-10-01..1999-09-30,1989-10-01..1999-09-30,pubC,PUBModel,PUB,feng2023,200,2,4,concurrent,ctx_mean,0.579662,,,,,,,531,3652,pubC_feng2023_PUB_e200_s2
feng2023,Dapeng Feng 2023,531,1989-10-01..1999-09-30,1989-10-01..1999-09-30,pubC,PUBModel,PUB,feng2023,200,2,4,concurrent,nn_donor,0.539792,,,,,,,531,3652,pubC_feng2023_PUB_e200_s2
feng2023,Dapeng Feng 2023,531,1989-10-01..1999-09-30,1989-10-01..1999-09-30,pubC,PUBModel,PUB,feng2023,200,2,8,concurrent,model,0.726058,0.71401,0.88844,0.000931,1.267314,-9.317633,1.108701,531,3652,pubC_feng2023_PUB_e200_s2
feng2023,Dapeng Feng 2023,531,1989-10-01..1999-09-30,1989-10-01..1999-09-30,pubC,PUBModel,PUB,feng2023,200,2,8,concurrent,idw,0.629379,,,,,,,531,3652,pubC_feng2023_PUB_e200_s2
feng2023,Dapeng Feng 2023,531,1989-10-01..1999-09-30,1989-10-01..1999-09-30,pubC,PUBModel,PUB,feng2023,200,2,8,concurrent,ctx_mean,0.546594,,,,,,,531,3652,pubC_feng2023_PUB_e200_s2
feng2023,Dapeng Feng 2023,531,1989-10-01..1999-09-30,1989-10-01..1999-09-30,pubC,PUBModel,PUB,feng2023,200,2,8,concurrent,nn_donor,0.539792,,,,,,,531,3652,pubC_feng2023_PUB_e200_s2
feng2023,Dapeng Feng 2023,531,1989-10-01..1999-09-30,1989-10-01..1999-09-30,pubC,PUBModel,PUB,feng2023,50,0,0,concurrent,model,0.338419,0.38495,0.611406,-0.008059,2.039181,-43.309556,62.839178,531,3652,pubC_feng2023_PUB_e50_s0
feng2023,Dapeng Feng 2023,531,1989-10-01..1999-09-30,1989-10-01..1999-09-30,pubC,PUBModel,PUB,feng2023,50,0,1,concurrent,model,0.655636,0.669645,0.85632,0.007555,1.415524,-11.023435,18.78979,531,3652,pubC_feng2023_PUB_e50_s0
feng2023,Dapeng Feng 2023,531,1989-10-01..1999-09-30,1989-10-01..1999-09-30,pubC,PUBModel,PUB,feng2023,50,0,1,concurrent,idw,0.539792,,,,,,,531,3652,pubC_feng2023_PUB_e50_s0
feng2023,Dapeng Feng 2023,531,1989-10-01..1999-09-30,1989-10-01..1999-09-30,pubC,PUBModel,PUB,feng2023,50,0,1,concurrent,ctx_mean,0.539792,,,,,,,531,3652,pubC_feng2023_PUB_e50_s0
feng2023,Dapeng Feng 2023,531,1989-10-01..1999-09-30,1989-10-01..1999-09-30,pubC,PUBModel,PUB,feng2023,50,0,1,concurrent,nn_donor,0.539792,,,,,,,531,3652,pubC_feng2023_PUB_e50_s0
feng2023,Dapeng Feng 2023,531,1989-10-01..1999-09-30,1989-10-01..1999-09-30,pubC,PUBModel,PUB,feng2023,50,0,2,concurrent,model,0.67972,0.682721,0.867152,0.004968,1.353716,-12.13884,15.704059,531,3652,pubC_feng2023_PUB_e50_s0
feng2023,Dapeng Feng 2023,531,1989-10-01..1999-09-30,1989-10-01..1999-09-30,pubC,PUBModel,PUB,feng2023,50,0,2,concurrent,idw,0.601359,,,,,,,531,3652,pubC_feng2023_PUB_e50_s0
feng2023,Dapeng Feng 2023,531,1989-10-01..1999-09-30,1989-10-01..1999-09-30,pubC,PUBModel,PUB,feng2023,50,0,2,concurrent,ctx_mean,0.576018,,,,,,,531,3652,pubC_feng2023_PUB_e50_s0
feng2023,Dapeng Feng 2023,531,1989-10-01..1999-09-30,1989-10-01..1999-09-30,pubC,PUBModel,PUB,feng2023,50,0,2,concurrent,nn_donor,0.539792,,,,,,,531,3652,pubC_feng2023_PUB_e50_s0
feng2023,Dapeng Feng 2023,531,1989-10-01..1999-09-30,1989-10-01..1999-09-30,pubC,PUBModel,PUB,feng2023,50,0,4,concurrent,model,0.68359,0.684519,0.870741,0.005836,1.362731,-12.153462,12.805373,531,3652,pubC_feng2023_PUB_e50_s0
feng2023,Dapeng Feng 2023,531,1989-10-01..1999-09-30,1989-10-01..1999-09-30,pubC,PUBModel,PUB,feng2023,50,0,4,concurrent,idw,0.627394,,,,,,,531,3652,pubC_feng2023_PUB_e50_s0
feng2023,Dapeng Feng 2023,531,1989-10-01..1999-09-30,1989-10-01..1999-09-30,pubC,PUBModel,PUB,feng2023,50,0,4,concurrent,ctx_mean,0.579662,,,,,,,531,3652,pubC_feng2023_PUB_e50_s0
feng2023,Dapeng Feng 2023,531,1989-10-01..1999-09-30,1989-10-01..1999-09-30,pubC,PUBModel,PUB,feng2023,50,0,4,concurrent,nn_donor,0.539792,,,,,,,531,3652,pubC_feng2023_PUB_e50_s0
feng2023,Dapeng Feng 2023,531,1989-10-01..1999-09-30,1989-10-01..1999-09-30,pubC,PUBModel,PUB,feng2023,50,0,8,concurrent,model,0.686093,0.684752,0.871644,0.014806,1.338967,-11.405215,11.810764,531,3652,pubC_feng2023_PUB_e50_s0
feng2023,Dapeng Feng 2023,531,1989-10-01..1999-09-30,1989-10-01..1999-09-30,pubC,PUBModel,PUB,feng2023,50,0,8,concurrent,idw,0.629379,,,,,,,531,3652,pubC_feng2023_PUB_e50_s0
feng2023,Dapeng Feng 2023,531,1989-10-01..1999-09-30,1989-10-01..1999-09-30,pubC,PUBModel,PUB,feng2023,50,0,8,concurrent,ctx_mean,0.546594,,,,,,,531,3652,pubC_feng2023_PUB_e50_s0
feng2023,Dapeng Feng 2023,531,1989-10-01..1999-09-30,1989-10-01..1999-09-30,pubC,PUBModel,PUB,feng2023,50,0,8,concurrent,nn_donor,0.539792,,,,,,,531,3652,pubC_feng2023_PUB_e50_s0
feng2023,Dapeng Feng 2023,531,1989-10-01..1999-09-30,1989-10-01..1999-09-30,pubC,PUBModel,PUR,feng2023,200,0,0,concurrent,model,0.41328,0.460125,0.685078,-0.040741,1.935306,-32.170714,33.944309,531,3652,pubC_feng2023_PUR_e200_s0
feng2023,Dapeng Feng 2023,531,1989-10-01..1999-09-30,1989-10-01..1999-09-30,pubC,PUBModel,PUR,feng2023,200,0,1,concurrent,model,0.630448,0.630499,0.854804,-0.029318,1.38958,-14.838413,6.434765,531,3652,pubC_feng2023_PUR_e200_s0
feng2023,Dapeng Feng 2023,531,1989-10-01..1999-09-30,1989-10-01..1999-09-30,pubC,PUBModel,PUR,feng2023,200,0,1,concurrent,idw,0.539792,,,,,,,531,3652,pubC_feng2023_PUR_e200_s0
feng2023,Dapeng Feng 2023,531,1989-10-01..1999-09-30,1989-10-01..1999-09-30,pubC,PUBModel,PUR,feng2023,200,0,1,concurrent,ctx_mean,0.539792,,,,,,,531,3652,pubC_feng2023_PUR_e200_s0
feng2023,Dapeng Feng 2023,531,1989-10-01..1999-09-30,1989-10-01..1999-09-30,pubC,PUBModel,PUR,feng2023,200,0,1,concurrent,nn_donor,0.539792,,,,,,,531,3652,pubC_feng2023_PUR_e200_s0
feng2023,Dapeng Feng 2023,531,1989-10-01..1999-09-30,1989-10-01..1999-09-30,pubC,PUBModel,PUR,feng2023,200,0,2,concurrent,model,0.659426,0.64036,0.861752,-0.030267,1.36499,-13.935982,5.638234,531,3652,pubC_feng2023_PUR_e200_s0
feng2023,Dapeng Feng 2023,531,1989-10-01..1999-09-30,1989-10-01..1999-09-30,pubC,PUBModel,PUR,feng2023,200,0,2,concurrent,idw,0.601359,,,,,,,531,3652,pubC_feng2023_PUR_e200_s0
feng2023,Dapeng Feng 2023,531,1989-10-01..1999-09-30,1989-10-01..1999-09-30,pubC,PUBModel,PUR,feng2023,200,0,2,concurrent,ctx_mean,0.576018,,,,,,,531,3652,pubC_feng2023_PUR_e200_s0
feng2023,Dapeng Feng 2023,531,1989-10-01..1999-09-30,1989-10-01..1999-09-30,pubC,PUBModel,PUR,feng2023,200,0,2,concurrent,nn_donor,0.539792,,,,,,,531,3652,pubC_feng2023_PUR_e200_s0
feng2023,Dapeng Feng 2023,531,1989-10-01..1999-09-30,1989-10-01..1999-09-30,pubC,PUBModel,PUR,feng2023,200,0,4,concurrent,model,0.664295,0.643666,0.867909,-0.030708,1.370151,-13.927401,5.677754,531,3652,pubC_feng2023_PUR_e200_s0
feng2023,Dapeng Feng 2023,531,1989-10-01..1999-09-30,1989-10-01..1999-09-30,pubC,PUBModel,PUR,feng2023,200,0,4,concurrent,idw,0.627394,,,,,,,531,3652,pubC_feng2023_PUR_e200_s0
feng2023,Dapeng Feng 2023,531,1989-10-01..1999-09-30,1989-10-01..1999-09-30,pubC,PUBModel,PUR,feng2023,200,0,4,concurrent,ctx_mean,0.579662,,,,,,,531,3652,pubC_feng2023_PUR_e200_s0
feng2023,Dapeng Feng 2023,531,1989-10-01..1999-09-30,1989-10-01..1999-09-30,pubC,PUBModel,PUR,feng2023,200,0,4,concurrent,nn_donor,0.539792,,,,,,,531,3652,pubC_feng2023_PUR_e200_s0
feng2023,Dapeng Feng 2023,531,1989-10-01..1999-09-30,1989-10-01..1999-09-30,pubC,PUBModel,PUR,feng2023,200,0,8,concurrent,model,0.667888,0.644886,0.867238,-0.029593,1.363633,-13.147983,4.501777,531,3652,pubC_feng2023_PUR_e200_s0
feng2023,Dapeng Feng 2023,531,1989-10-01..1999-09-30,1989-10-01..1999-09-30,pubC,PUBModel,PUR,feng2023,200,0,8,concurrent,idw,0.629379,,,,,,,531,3652,pubC_feng2023_PUR_e200_s0
feng2023,Dapeng Feng 2023,531,1989-10-01..1999-09-30,1989-10-01..1999-09-30,pubC,PUBModel,PUR,feng2023,200,0,8,concurrent,ctx_mean,0.546594,,,,,,,531,3652,pubC_feng2023_PUR_e200_s0
feng2023,Dapeng Feng 2023,531,1989-10-01..1999-09-30,1989-10-01..1999-09-30,pubC,PUBModel,PUR,feng2023,200,0,8,concurrent,nn_donor,0.539792,,,,,,,531,3652,pubC_feng2023_PUR_e200_s0
feng2023,Dapeng Feng 2023,531,1989-10-01..1999-09-30,1989-10-01..1999-09-30,pubC,PUBModel,PUR,feng2023,200,1,0,concurrent,model,0.399404,0.473551,0.679032,-0.04183,1.934154,-27.484176,38.519588,531,3652,pubC_feng2023_PUR_e200_s1
feng2023,Dapeng Feng 2023,531,1989-10-01..1999-09-30,1989-10-01..1999-09-30,pubC,PUBModel,PUR,feng2023,200,1,1,concurrent,model,0.635266,0.636905,0.849656,-0.037321,1.416522,-14.125825,5.414614,531,3652,pubC_feng2023_PUR_e200_s1
feng2023,Dapeng Feng 2023,531,1989-10-01..1999-09-30,1989-10-01..1999-09-30,pubC,PUBModel,PUR,feng2023,200,1,1,concurrent,idw,0.539792,,,,,,,531,3652,pubC_feng2023_PUR_e200_s1
feng2023,Dapeng Feng 2023,531,1989-10-01..1999-09-30,1989-10-01..1999-09-30,pubC,PUBModel,PUR,feng2023,200,1,1,concurrent,ctx_mean,0.539792,,,,,,,531,3652,pubC_feng2023_PUR_e200_s1
feng2023,Dapeng Feng 2023,531,1989-10-01..1999-09-30,1989-10-01..1999-09-30,pubC,PUBModel,PUR,feng2023,200,1,1,concurrent,nn_donor,0.539792,,,,,,,531,3652,pubC_feng2023_PUR_e200_s1
feng2023,Dapeng Feng 2023,531,1989-10-01..1999-09-30,1989-10-01..1999-09-30,pubC,PUBModel,PUR,feng2023,200,1,2,concurrent,model,0.670784,0.661595,0.862138,-0.036935,1.343548,-13.391782,3.574779,531,3652,pubC_feng2023_PUR_e200_s1
feng2023,Dapeng Feng 2023,531,1989-10-01..1999-09-30,1989-10-01..1999-09-30,pubC,PUBModel,PUR,feng2023,200,1,2,concurrent,idw,0.601359,,,,,,,531,3652,pubC_feng2023_PUR_e200_s1
feng2023,Dapeng Feng 2023,531,1989-10-01..1999-09-30,1989-10-01..1999-09-30,pubC,PUBModel,PUR,feng2023,200,1,2,concurrent,ctx_mean,0.576018,,,,,,,531,3652,pubC_feng2023_PUR_e200_s1
feng2023,Dapeng Feng 2023,531,1989-10-01..1999-09-30,1989-10-01..1999-09-30,pubC,PUBModel,PUR,feng2023,200,1,2,concurrent,nn_donor,0.539792,,,,,,,531,3652,pubC_feng2023_PUR_e200_s1
feng2023,Dapeng Feng 2023,531,1989-10-01..1999-09-30,1989-10-01..1999-09-30,pubC,PUBModel,PUR,feng2023,200,1,4,concurrent,model,0.687025,0.663925,0.86582,-0.036794,1.348927,-13.439482,3.750704,531,3652,pubC_feng2023_PUR_e200_s1
feng2023,Dapeng Feng 2023,531,1989-10-01..1999-09-30,1989-10-01..1999-09-30,pubC,PUBModel,PUR,feng2023,200,1,4,concurrent,idw,0.627394,,,,,,,531,3652,pubC_feng2023_PUR_e200_s1
feng2023,Dapeng Feng 2023,531,1989-10-01..1999-09-30,1989-10-01..1999-09-30,pubC,PUBModel,PUR,feng2023,200,1,4,concurrent,ctx_mean,0.579662,,,,,,,531,3652,pubC_feng2023_PUR_e200_s1
feng2023,Dapeng Feng 2023,531,1989-10-01..1999-09-30,1989-10-01..1999-09-30,pubC,PUBModel,PUR,feng2023,200,1,4,concurrent,nn_donor,0.539792,,,,,,,531,3652,pubC_feng2023_PUR_e200_s1
feng2023,Dapeng Feng 2023,531,1989-10-01..1999-09-30,1989-10-01..1999-09-30,pubC,PUBModel,PUR,feng2023,200,1,8,concurrent,model,0.68139,0.660656,0.867422,-0.034037,1.338138,-13.431405,6.732052,531,3652,pubC_feng2023_PUR_e200_s1
feng2023,Dapeng Feng 2023,531,1989-10-01..1999-09-30,1989-10-01..1999-09-30,pubC,PUBModel,PUR,feng2023,200,1,8,concurrent,idw,0.629379,,,,,,,531,3652,pubC_feng2023_PUR_e200_s1
feng2023,Dapeng Feng 2023,531,1989-10-01..1999-09-30,1989-10-01..1999-09-30,pubC,PUBModel,PUR,feng2023,200,1,8,concurrent,ctx_mean,0.546594,,,,,,,531,3652,pubC_feng2023_PUR_e200_s1
feng2023,Dapeng Feng 2023,531,1989-10-01..1999-09-30,1989-10-01..1999-09-30,pubC,PUBModel,PUR,feng2023,200,1,8,concurrent,nn_donor,0.539792,,,,,,,531,3652,pubC_feng2023_PUR_e200_s1
feng2023,Dapeng Feng 2023,531,1989-10-01..1999-09-30,1989-10-01..1999-09-30,pubC,PUBModel,PUR,feng2023,200,2,0,concurrent,model,0.428125,0.487307,0.706686,-0.058768,1.901204,-29.76907,32.308417,531,3652,pubC_feng2023_PUR_e200_s2
feng2023,Dapeng Feng 2023,531,1989-10-01..1999-09-30,1989-10-01..1999-09-30,pubC,PUBModel,PUR,feng2023,200,2,1,concurrent,model,0.63397,0.625201,0.850144,-0.025951,1.425688,-15.559707,9.782273,531,3652,pubC_feng2023_PUR_e200_s2
feng2023,Dapeng Feng 2023,531,1989-10-01..1999-09-30,1989-10-01..1999-09-30,pubC,PUBModel,PUR,feng2023,200,2,1,concurrent,idw,0.539792,,,,,,,531,3652,pubC_feng2023_PUR_e200_s2
feng2023,Dapeng Feng 2023,531,1989-10-01..1999-09-30,1989-10-01..1999-09-30,pubC,PUBModel,PUR,feng2023,200,2,1,concurrent,ctx_mean,0.539792,,,,,,,531,3652,pubC_feng2023_PUR_e200_s2
feng2023,Dapeng Feng 2023,531,1989-10-01..1999-09-30,1989-10-01..1999-09-30,pubC,PUBModel,PUR,feng2023,200,2,1,concurrent,nn_donor,0.539792,,,,,,,531,3652,pubC_feng2023_PUR_e200_s2
feng2023,Dapeng Feng 2023,531,1989-10-01..1999-09-30,1989-10-01..1999-09-30,pubC,PUBModel,PUR,feng2023,200,2,2,concurrent,model,0.652127,0.64391,0.858785,-0.025292,1.379527,-15.181135,7.834752,531,3652,pubC_feng2023_PUR_e200_s2
feng2023,Dapeng Feng 2023,531,1989-10-01..1999-09-30,1989-10-01..1999-09-30,pubC,PUBModel,PUR,feng2023,200,2,2,concurrent,idw,0.601359,,,,,,,531,3652,pubC_feng2023_PUR_e200_s2
feng2023,Dapeng Feng 2023,531,1989-10-01..1999-09-30,1989-10-01..1999-09-30,pubC,PUBModel,PUR,feng2023,200,2,2,concurrent,ctx_mean,0.576018,,,,,,,531,3652,pubC_feng2023_PUR_e200_s2
feng2023,Dapeng Feng 2023,531,1989-10-01..1999-09-30,1989-10-01..1999-09-30,pubC,PUBModel,PUR,feng2023,200,2,2,concurrent,nn_donor,0.539792,,,,,,,531,3652,pubC_feng2023_PUR_e200_s2
feng2023,Dapeng Feng 2023,531,1989-10-01..1999-09-30,1989-10-01..1999-09-30,pubC,PUBModel,PUR,feng2023,200,2,4,concurrent,model,0.671531,0.654812,0.862353,-0.026243,1.352694,-13.860889,6.103871,531,3652,pubC_feng2023_PUR_e200_s2
feng2023,Dapeng Feng 2023,531,1989-10-01..1999-09-30,1989-10-01..1999-09-30,pubC,PUBModel,PUR,feng2023,200,2,4,concurrent,idw,0.627394,,,,,,,531,3652,pubC_feng2023_PUR_e200_s2
feng2023,Dapeng Feng 2023,531,1989-10-01..1999-09-30,1989-10-01..1999-09-30,pubC,PUBModel,PUR,feng2023,200,2,4,concurrent,ctx_mean,0.579662,,,,,,,531,3652,pubC_feng2023_PUR_e200_s2
feng2023,Dapeng Feng 2023,531,1989-10-01..1999-09-30,1989-10-01..1999-09-30,pubC,PUBModel,PUR,feng2023,200,2,4,concurrent,nn_donor,0.539792,,,,,,,531,3652,pubC_feng2023_PUR_e200_s2
feng2023,Dapeng Feng 2023,531,1989-10-01..1999-09-30,1989-10-01..1999-09-30,pubC,PUBModel,PUR,feng2023,200,2,8,concurrent,model,0.669874,0.650247,0.86314,-0.024929,1.356123,-13.838955,6.085584,531,3652,pubC_feng2023_PUR_e200_s2
feng2023,Dapeng Feng 2023,531,1989-10-01..1999-09-30,1989-10-01..1999-09-30,pubC,PUBModel,PUR,feng2023,200,2,8,concurrent,idw,0.629379,,,,,,,531,3652,pubC_feng2023_PUR_e200_s2
feng2023,Dapeng Feng 2023,531,1989-10-01..1999-09-30,1989-10-01..1999-09-30,pubC,PUBModel,PUR,feng2023,200,2,8,concurrent,ctx_mean,0.546594,,,,,,,531,3652,pubC_feng2023_PUR_e200_s2
feng2023,Dapeng Feng 2023,531,1989-10-01..1999-09-30,1989-10-01..1999-09-30,pubC,PUBModel,PUR,feng2023,200,2,8,concurrent,nn_donor,0.539792,,,,,,,531,3652,pubC_feng2023_PUR_e200_s2
feng2023,Dapeng Feng 2023,531,1989-10-01..1999-09-30,1989-10-01..1999-09-30,pubC,PUBModel,PUR,feng2023,50,0,0,concurrent,model,0.2505,0.271803,0.540152,-0.017748,2.167404,-51.998334,61.606944,531,3652,pubC_feng2023_PUR_e50_s0
feng2023,Dapeng Feng 2023,531,1989-10-01..1999-09-30,1989-10-01..1999-09-30,pubC,PUBModel,PUR,feng2023,50,0,1,concurrent,model,0.618019,0.631373,0.836619,-0.007983,1.447878,-16.547801,25.16793,531,3652,pubC_feng2023_PUR_e50_s0
feng2023,Dapeng Feng 2023,531,1989-10-01..1999-09-30,1989-10-01..1999-09-30,pubC,PUBModel,PUR,feng2023,50,0,1,concurrent,idw,0.539792,,,,,,,531,3652,pubC_feng2023_PUR_e50_s0
feng2023,Dapeng Feng 2023,531,1989-10-01..1999-09-30,1989-10-01..1999-09-30,pubC,PUBModel,PUR,feng2023,50,0,1,concurrent,ctx_mean,0.539792,,,,,,,531,3652,pubC_feng2023_PUR_e50_s0
feng2023,Dapeng Feng 2023,531,1989-10-01..1999-09-30,1989-10-01..1999-09-30,pubC,PUBModel,PUR,feng2023,50,0,1,concurrent,nn_donor,0.539792,,,,,,,531,3652,pubC_feng2023_PUR_e50_s0
feng2023,Dapeng Feng 2023,531,1989-10-01..1999-09-30,1989-10-01..1999-09-30,pubC,PUBModel,PUR,feng2023,50,0,2,concurrent,model,0.648272,0.634869,0.843891,-0.010847,1.398721,-18.850632,19.605087,531,3652,pubC_feng2023_PUR_e50_s0
feng2023,Dapeng Feng 2023,531,1989-10-01..1999-09-30,1989-10-01..1999-09-30,pubC,PUBModel,PUR,feng2023,50,0,2,concurrent,idw,0.601359,,,,,,,531,3652,pubC_feng2023_PUR_e50_s0
feng2023,Dapeng Feng 2023,531,1989-10-01..1999-09-30,1989-10-01..1999-09-30,pubC,PUBModel,PUR,feng2023,50,0,2,concurrent,ctx_mean,0.576018,,,,,,,531,3652,pubC_feng2023_PUR_e50_s0
feng2023,Dapeng Feng 2023,531,1989-10-01..1999-09-30,1989-10-01..1999-09-30,pubC,PUBModel,PUR,feng2023,50,0,2,concurrent,nn_donor,0.539792,,,,,,,531,3652,pubC_feng2023_PUR_e50_s0
feng2023,Dapeng Feng 2023,531,1989-10-01..1999-09-30,1989-10-01..1999-09-30,pubC,PUBModel,PUR,feng2023,50,0,4,concurrent,model,0.653098,0.645706,0.852225,-0.021622,1.370821,-19.088486,21.074174,531,3652,pubC_feng2023_PUR_e50_s0
feng2023,Dapeng Feng 2023,531,1989-10-01..1999-09-30,1989-10-01..1999-09-30,pubC,PUBModel,PUR,feng2023,50,0,4,concurrent,idw,0.627394,,,,,,,531,3652,pubC_feng2023_PUR_e50_s0
feng2023,Dapeng Feng 2023,531,1989-10-01..1999-09-30,1989-10-01..1999-09-30,pubC,PUBModel,PUR,feng2023,50,0,4,concurrent,ctx_mean,0.579662,,,,,,,531,3652,pubC_feng2023_PUR_e50_s0
feng2023,Dapeng Feng 2023,531,1989-10-01..1999-09-30,1989-10-01..1999-09-30,pubC,PUBModel,PUR,feng2023,50,0,4,concurrent,nn_donor,0.539792,,,,,,,531,3652,pubC_feng2023_PUR_e50_s0
feng2023,Dapeng Feng 2023,531,1989-10-01..1999-09-30,1989-10-01..1999-09-30,pubC,PUBModel,PUR,feng2023,50,0,8,concurrent,model,0.650683,0.634057,0.855806,-0.022053,1.392354,-17.720842,19.626581,531,3652,pubC_feng2023_PUR_e50_s0
feng2023,Dapeng Feng 2023,531,1989-10-01..1999-09-30,1989-10-01..1999-09-30,pubC,PUBModel,PUR,feng2023,50,0,8,concurrent,idw,0.629379,,,,,,,531,3652,pubC_feng2023_PUR_e50_s0
feng2023,Dapeng Feng 2023,531,1989-10-01..1999-09-30,1989-10-01..1999-09-30,pubC,PUBModel,PUR,feng2023,50,0,8,concurrent,ctx_mean,0.546594,,,,,,,531,3652,pubC_feng2023_PUR_e50_s0
feng2023,Dapeng Feng 2023,531,1989-10-01..1999-09-30,1989-10-01..1999-09-30,pubC,PUBModel,PUR,feng2023,50,0,8,concurrent,nn_donor,0.539792,,,,,,,531,3652,pubC_feng2023_PUR_e50_s0
leo10_531,10 years 531 Leo,531,1999-10-01..2008-09-30,1989-10-01..1999-09-30,pubC,PUBModel,temporal,leo10_531,200,0,0,concurrent,model,0.405048,0.450912,0.663674,-0.14126,1.950535,-39.169506,15.098107,531,3652,pubC_leo10_531_temporal_e200_s0
leo10_531,10 years 531 Leo,531,1999-10-01..2008-09-30,1989-10-01..1999-09-30,pubC,PUBModel,temporal,leo10_531,200,0,1,concurrent,model,0.720362,0.721889,0.862725,-0.066586,1.264271,-17.998873,-1.90778,531,3652,pubC_leo10_531_temporal_e200_s0
leo10_531,10 years 531 Leo,531,1999-10-01..2008-09-30,1989-10-01..1999-09-30,pubC,PUBModel,temporal,leo10_531,200,0,1,concurrent,idw,0.539792,,,,,,,531,3652,pubC_leo10_531_temporal_e200_s0
leo10_531,10 years 531 Leo,531,1999-10-01..2008-09-30,1989-10-01..1999-09-30,pubC,PUBModel,temporal,leo10_531,200,0,1,concurrent,ctx_mean,0.539792,,,,,,,531,3652,pubC_leo10_531_temporal_e200_s0
leo10_531,10 years 531 Leo,531,1999-10-01..2008-09-30,1989-10-01..1999-09-30,pubC,PUBModel,temporal,leo10_531,200,0,1,concurrent,nn_donor,0.539792,,,,,,,531,3652,pubC_leo10_531_temporal_e200_s0
leo10_531,10 years 531 Leo,531,1999-10-01..2008-09-30,1989-10-01..1999-09-30,pubC,PUBModel,temporal,leo10_531,200,0,2,concurrent,model,0.742882,0.735969,0.876996,-0.064468,1.229414,-17.716758,-0.921562,531,3652,pubC_leo10_531_temporal_e200_s0
leo10_531,10 years 531 Leo,531,1999-10-01..2008-09-30,1989-10-01..1999-09-30,pubC,PUBModel,temporal,leo10_531,200,0,2,concurrent,idw,0.601359,,,,,,,531,3652,pubC_leo10_531_temporal_e200_s0
leo10_531,10 years 531 Leo,531,1999-10-01..2008-09-30,1989-10-01..1999-09-30,pubC,PUBModel,temporal,leo10_531,200,0,2,concurrent,ctx_mean,0.576018,,,,,,,531,3652,pubC_leo10_531_temporal_e200_s0
leo10_531,10 years 531 Leo,531,1999-10-01..2008-09-30,1989-10-01..1999-09-30,pubC,PUBModel,temporal,leo10_531,200,0,2,concurrent,nn_donor,0.539792,,,,,,,531,3652,pubC_leo10_531_temporal_e200_s0
leo10_531,10 years 531 Leo,531,1999-10-01..2008-09-30,1989-10-01..1999-09-30,pubC,PUBModel,temporal,leo10_531,200,0,4,concurrent,model,0.747839,0.739616,0.882584,-0.061729,1.217818,-16.877623,-1.965965,531,3652,pubC_leo10_531_temporal_e200_s0
leo10_531,10 years 531 Leo,531,1999-10-01..2008-09-30,1989-10-01..1999-09-30,pubC,PUBModel,temporal,leo10_531,200,0,4,concurrent,idw,0.627394,,,,,,,531,3652,pubC_leo10_531_temporal_e200_s0
leo10_531,10 years 531 Leo,531,1999-10-01..2008-09-30,1989-10-01..1999-09-30,pubC,PUBModel,temporal,leo10_531,200,0,4,concurrent,ctx_mean,0.579662,,,,,,,531,3652,pubC_leo10_531_temporal_e200_s0
leo10_531,10 years 531 Leo,531,1999-10-01..2008-09-30,1989-10-01..1999-09-30,pubC,PUBModel,temporal,leo10_531,200,0,4,concurrent,nn_donor,0.539792,,,,,,,531,3652,pubC_leo10_531_temporal_e200_s0
leo10_531,10 years 531 Leo,531,1999-10-01..2008-09-30,1989-10-01..1999-09-30,pubC,PUBModel,temporal,leo10_531,200,0,8,concurrent,model,0.748884,0.741413,0.882476,-0.060738,1.21496,-17.079139,-1.799222,531,3652,pubC_leo10_531_temporal_e200_s0
leo10_531,10 years 531 Leo,531,1999-10-01..2008-09-30,1989-10-01..1999-09-30,pubC,PUBModel,temporal,leo10_531,200,0,8,concurrent,idw,0.629379,,,,,,,531,3652,pubC_leo10_531_temporal_e200_s0
leo10_531,10 years 531 Leo,531,1999-10-01..2008-09-30,1989-10-01..1999-09-30,pubC,PUBModel,temporal,leo10_531,200,0,8,concurrent,ctx_mean,0.546594,,,,,,,531,3652,pubC_leo10_531_temporal_e200_s0
leo10_531,10 years 531 Leo,531,1999-10-01..2008-09-30,1989-10-01..1999-09-30,pubC,PUBModel,temporal,leo10_531,200,0,8,concurrent,nn_donor,0.539792,,,,,,,531,3652,pubC_leo10_531_temporal_e200_s0
leo10_531,10 years 531 Leo,531,1999-10-01..2008-09-30,1989-10-01..1999-09-30,pubC,PUBModel,temporal,leo10_531,200,1,0,concurrent,model,0.44726,0.490076,0.690385,-0.129633,1.875178,-35.649969,11.767002,531,3652,pubC_leo10_531_temporal_e200_s1
leo10_531,10 years 531 Leo,531,1999-10-01..2008-09-30,1989-10-01..1999-09-30,pubC,PUBModel,temporal,leo10_531,200,1,1,concurrent,model,0.724842,0.719006,0.865874,-0.066512,1.244102,-18.173243,2.238893,531,3652,pubC_leo10_531_temporal_e200_s1
leo10_531,10 years 531 Leo,531,1999-10-01..2008-09-30,1989-10-01..1999-09-30,pubC,PUBModel,temporal,leo10_531,200,1,1,concurrent,idw,0.539792,,,,,,,531,3652,pubC_leo10_531_temporal_e200_s1
leo10_531,10 years 531 Leo,531,1999-10-01..2008-09-30,1989-10-01..1999-09-30,pubC,PUBModel,temporal,leo10_531,200,1,1,concurrent,ctx_mean,0.539792,,,,,,,531,3652,pubC_leo10_531_temporal_e200_s1
leo10_531,10 years 531 Leo,531,1999-10-01..2008-09-30,1989-10-01..1999-09-30,pubC,PUBModel,temporal,leo10_531,200,1,1,concurrent,nn_donor,0.539792,,,,,,,531,3652,pubC_leo10_531_temporal_e200_s1
leo10_531,10 years 531 Leo,531,1999-10-01..2008-09-30,1989-10-01..1999-09-30,pubC,PUBModel,temporal,leo10_531,200,1,2,concurrent,model,0.741379,0.730902,0.883988,-0.062534,1.194333,-17.792387,2.010995,531,3652,pubC_leo10_531_temporal_e200_s1
leo10_531,10 years 531 Leo,531,1999-10-01..2008-09-30,1989-10-01..1999-09-30,pubC,PUBModel,temporal,leo10_531,200,1,2,concurrent,idw,0.601359,,,,,,,531,3652,pubC_leo10_531_temporal_e200_s1
leo10_531,10 years 531 Leo,531,1999-10-01..2008-09-30,1989-10-01..1999-09-30,pubC,PUBModel,temporal,leo10_531,200,1,2,concurrent,ctx_mean,0.576018,,,,,,,531,3652,pubC_leo10_531_temporal_e200_s1
leo10_531,10 years 531 Leo,531,1999-10-01..2008-09-30,1989-10-01..1999-09-30,pubC,PUBModel,temporal,leo10_531,200,1,2,concurrent,nn_donor,0.539792,,,,,,,531,3652,pubC_leo10_531_temporal_e200_s1
leo10_531,10 years 531 Leo,531,1999-10-01..2008-09-30,1989-10-01..1999-09-30,pubC,PUBModel,temporal,leo10_531,200,1,4,concurrent,model,0.752557,0.74161,0.88711,-0.058141,1.181783,-17.228483,0.76416,531,3652,pubC_leo10_531_temporal_e200_s1
leo10_531,10 years 531 Leo,531,1999-10-01..2008-09-30,1989-10-01..1999-09-30,pubC,PUBModel,temporal,leo10_531,200,1,4,concurrent,idw,0.627394,,,,,,,531,3652,pubC_leo10_531_temporal_e200_s1
leo10_531,10 years 531 Leo,531,1999-10-01..2008-09-30,1989-10-01..1999-09-30,pubC,PUBModel,temporal,leo10_531,200,1,4,concurrent,ctx_mean,0.579662,,,,,,,531,3652,pubC_leo10_531_temporal_e200_s1
leo10_531,10 years 531 Leo,531,1999-10-01..2008-09-30,1989-10-01..1999-09-30,pubC,PUBModel,temporal,leo10_531,200,1,4,concurrent,nn_donor,0.539792,,,,,,,531,3652,pubC_leo10_531_temporal_e200_s1
leo10_531,10 years 531 Leo,531,1999-10-01..2008-09-30,1989-10-01..1999-09-30,pubC,PUBModel,temporal,leo10_531,200,1,8,concurrent,model,0.754788,0.74539,0.887662,-0.059922,1.182318,-16.936762,-0.031667,531,3652,pubC_leo10_531_temporal_e200_s1
leo10_531,10 years 531 Leo,531,1999-10-01..2008-09-30,1989-10-01..1999-09-30,pubC,PUBModel,temporal,leo10_531,200,1,8,concurrent,idw,0.629379,,,,,,,531,3652,pubC_leo10_531_temporal_e200_s1
leo10_531,10 years 531 Leo,531,1999-10-01..2008-09-30,1989-10-01..1999-09-30,pubC,PUBModel,temporal,leo10_531,200,1,8,concurrent,ctx_mean,0.546594,,,,,,,531,3652,pubC_leo10_531_temporal_e200_s1
leo10_531,10 years 531 Leo,531,1999-10-01..2008-09-30,1989-10-01..1999-09-30,pubC,PUBModel,temporal,leo10_531,200,1,8,concurrent,nn_donor,0.539792,,,,,,,531,3652,pubC_leo10_531_temporal_e200_s1
leo10_531,10 years 531 Leo,531,1999-10-01..2008-09-30,1989-10-01..1999-09-30,pubC,PUBModel,temporal,leo10_531,200,2,0,concurrent,model,0.442275,0.489836,0.691853,-0.149071,1.863444,-36.676545,11.09026,531,3652,pubC_leo10_531_temporal_e200_s2
leo10_531,10 years 531 Leo,531,1999-10-01..2008-09-30,1989-10-01..1999-09-30,pubC,PUBModel,temporal,leo10_531,200,2,1,concurrent,model,0.720276,0.723143,0.862383,-0.059917,1.260828,-18.010952,4.17409,531,3652,pubC_leo10_531_temporal_e200_s2
leo10_531,10 years 531 Leo,531,1999-10-01..2008-09-30,1989-10-01..1999-09-30,pubC,PUBModel,temporal,leo10_531,200,2,1,concurrent,idw,0.539792,,,,,,,531,3652,pubC_leo10_531_temporal_e200_s2
leo10_531,10 years 531 Leo,531,1999-10-01..2008-09-30,1989-10-01..1999-09-30,pubC,PUBModel,temporal,leo10_531,200,2,1,concurrent,ctx_mean,0.539792,,,,,,,531,3652,pubC_leo10_531_temporal_e200_s2
leo10_531,10 years 531 Leo,531,1999-10-01..2008-09-30,1989-10-01..1999-09-30,pubC,PUBModel,temporal,leo10_531,200,2,1,concurrent,nn_donor,0.539792,,,,,,,531,3652,pubC_leo10_531_temporal_e200_s2
leo10_531,10 years 531 Leo,531,1999-10-01..2008-09-30,1989-10-01..1999-09-30,pubC,PUBModel,temporal,leo10_531,200,2,2,concurrent,model,0.739712,0.736142,0.876551,-0.060194,1.217554,-17.443363,-0.009745,531,3652,pubC_leo10_531_temporal_e200_s2
leo10_531,10 years 531 Leo,531,1999-10-01..2008-09-30,1989-10-01..1999-09-30,pubC,PUBModel,temporal,leo10_531,200,2,2,concurrent,idw,0.601359,,,,,,,531,3652,pubC_leo10_531_temporal_e200_s2
leo10_531,10 years 531 Leo,531,1999-10-01..2008-09-30,1989-10-01..1999-09-30,pubC,PUBModel,temporal,leo10_531,200,2,2,concurrent,ctx_mean,0.576018,,,,,,,531,3652,pubC_leo10_531_temporal_e200_s2
leo10_531,10 years 531 Leo,531,1999-10-01..2008-09-30,1989-10-01..1999-09-30,pubC,PUBModel,temporal,leo10_531,200,2,2,concurrent,nn_donor,0.539792,,,,,,,531,3652,pubC_leo10_531_temporal_e200_s2
leo10_531,10 years 531 Leo,531,1999-10-01..2008-09-30,1989-10-01..1999-09-30,pubC,PUBModel,temporal,leo10_531,200,2,4,concurrent,model,0.74791,0.7424,0.881426,-0.059894,1.211542,-16.597785,0.894013,531,3652,pubC_leo10_531_temporal_e200_s2
leo10_531,10 years 531 Leo,531,1999-10-01..2008-09-30,1989-10-01..1999-09-30,pubC,PUBModel,temporal,leo10_531,200,2,4,concurrent,idw,0.627394,,,,,,,531,3652,pubC_leo10_531_temporal_e200_s2
leo10_531,10 years 531 Leo,531,1999-10-01..2008-09-30,1989-10-01..1999-09-30,pubC,PUBModel,temporal,leo10_531,200,2,4,concurrent,ctx_mean,0.579662,,,,,,,531,3652,pubC_leo10_531_temporal_e200_s2
leo10_531,10 years 531 Leo,531,1999-10-01..2008-09-30,1989-10-01..1999-09-30,pubC,PUBModel,temporal,leo10_531,200,2,4,concurrent,nn_donor,0.539792,,,,,,,531,3652,pubC_leo10_531_temporal_e200_s2
leo10_531,10 years 531 Leo,531,1999-10-01..2008-09-30,1989-10-01..1999-09-30,pubC,PUBModel,temporal,leo10_531,200,2,8,concurrent,model,0.751587,0.742419,0.884018,-0.058419,1.20747,-17.140983,0.232596,531,3652,pubC_leo10_531_temporal_e200_s2
leo10_531,10 years 531 Leo,531,1999-10-01..2008-09-30,1989-10-01..1999-09-30,pubC,PUBModel,temporal,leo10_531,200,2,8,concurrent,idw,0.629379,,,,,,,531,3652,pubC_leo10_531_temporal_e200_s2
leo10_531,10 years 531 Leo,531,1999-10-01..2008-09-30,1989-10-01..1999-09-30,pubC,PUBModel,temporal,leo10_531,200,2,8,concurrent,ctx_mean,0.546594,,,,,,,531,3652,pubC_leo10_531_temporal_e200_s2
leo10_531,10 years 531 Leo,531,1999-10-01..2008-09-30,1989-10-01..1999-09-30,pubC,PUBModel,temporal,leo10_531,200,2,8,concurrent,nn_donor,0.539792,,,,,,,531,3652,pubC_leo10_531_temporal_e200_s2
leo10_531,10 years 531 Leo,531,1999-10-01..2008-09-30,1989-10-01..1999-09-30,pubC,PUBModel,temporal,leo10_531,50,0,0,concurrent,model,0.275787,0.30947,0.553064,-0.129498,2.122151,-53.007118,30.229579,531,3652,pubC_leo10_531_temporal_e50_s0
leo10_531,10 years 531 Leo,531,1999-10-01..2008-09-30,1989-10-01..1999-09-30,pubC,PUBModel,temporal,leo10_531,50,0,1,concurrent,model,0.663434,0.669156,0.848203,-0.067678,1.352396,-19.393074,4.887821,531,3652,pubC_leo10_531_temporal_e50_s0
leo10_531,10 years 531 Leo,531,1999-10-01..2008-09-30,1989-10-01..1999-09-30,pubC,PUBModel,temporal,leo10_531,50,0,1,concurrent,idw,0.539792,,,,,,,531,3652,pubC_leo10_531_temporal_e50_s0
leo10_531,10 years 531 Leo,531,1999-10-01..2008-09-30,1989-10-01..1999-09-30,pubC,PUBModel,temporal,leo10_531,50,0,1,concurrent,ctx_mean,0.539792,,,,,,,531,3652,pubC_leo10_531_temporal_e50_s0
leo10_531,10 years 531 Leo,531,1999-10-01..2008-09-30,1989-10-01..1999-09-30,pubC,PUBModel,temporal,leo10_531,50,0,1,concurrent,nn_donor,0.539792,,,,,,,531,3652,pubC_leo10_531_temporal_e50_s0
leo10_531,10 years 531 Leo,531,1999-10-01..2008-09-30,1989-10-01..1999-09-30,pubC,PUBModel,temporal,leo10_531,50,0,2,concurrent,model,0.68925,0.685208,0.859962,-0.05926,1.303534,-20.207072,5.694253,531,3652,pubC_leo10_531_temporal_e50_s0
leo10_531,10 years 531 Leo,531,1999-10-01..2008-09-30,1989-10-01..1999-09-30,pubC,PUBModel,temporal,leo10_531,50,0,2,concurrent,idw,0.601359,,,,,,,531,3652,pubC_leo10_531_temporal_e50_s0
leo10_531,10 years 531 Leo,531,1999-10-01..2008-09-30,1989-10-01..1999-09-30,pubC,PUBModel,temporal,leo10_531,50,0,2,concurrent,ctx_mean,0.576018,,,,,,,531,3652,pubC_leo10_531_temporal_e50_s0
leo10_531,10 years 531 Leo,531,1999-10-01..2008-09-30,1989-10-01..1999-09-30,pubC,PUBModel,temporal,leo10_531,50,0,2,concurrent,nn_donor,0.539792,,,,,,,531,3652,pubC_leo10_531_temporal_e50_s0
leo10_531,10 years 531 Leo,531,1999-10-01..2008-09-30,1989-10-01..1999-09-30,pubC,PUBModel,temporal,leo10_531,50,0,4,concurrent,model,0.701341,0.70322,0.863569,-0.049865,1.285754,-18.956171,3.085333,531,3652,pubC_leo10_531_temporal_e50_s0
leo10_531,10 years 531 Leo,531,1999-10-01..2008-09-30,1989-10-01..1999-09-30,pubC,PUBModel,temporal,leo10_531,50,0,4,concurrent,idw,0.627394,,,,,,,531,3652,pubC_leo10_531_temporal_e50_s0
leo10_531,10 years 531 Leo,531,1999-10-01..2008-09-30,1989-10-01..1999-09-30,pubC,PUBModel,temporal,leo10_531,50,0,4,concurrent,ctx_mean,0.579662,,,,,,,531,3652,pubC_leo10_531_temporal_e50_s0
leo10_531,10 years 531 Leo,531,1999-10-01..2008-09-30,1989-10-01..1999-09-30,pubC,PUBModel,temporal,leo10_531,50,0,4,concurrent,nn_donor,0.539792,,,,,,,531,3652,pubC_leo10_531_temporal_e50_s0
leo10_531,10 years 531 Leo,531,1999-10-01..2008-09-30,1989-10-01..1999-09-30,pubC,PUBModel,temporal,leo10_531,50,0,8,concurrent,model,0.701244,0.704641,0.863422,-0.042147,1.29365,-18.284795,2.509943,531,3652,pubC_leo10_531_temporal_e50_s0
leo10_531,10 years 531 Leo,531,1999-10-01..2008-09-30,1989-10-01..1999-09-30,pubC,PUBModel,temporal,leo10_531,50,0,8,concurrent,idw,0.629379,,,,,,,531,3652,pubC_leo10_531_temporal_e50_s0
leo10_531,10 years 531 Leo,531,1999-10-01..2008-09-30,1989-10-01..1999-09-30,pubC,PUBModel,temporal,leo10_531,50,0,8,concurrent,ctx_mean,0.546594,,,,,,,531,3652,pubC_leo10_531_temporal_e50_s0
leo10_531,10 years 531 Leo,531,1999-10-01..2008-09-30,1989-10-01..1999-09-30,pubC,PUBModel,temporal,leo10_531,50,0,8,concurrent,nn_donor,0.539792,,,,,,,531,3652,pubC_leo10_531_temporal_e50_s0
leo15_531,15 years 531 (legacy temporal),531,1980-10-01..1995-09-30,1995-10-01..2010-09-30,pubC,PUBModel,temporal,leo15_531,200,0,0,concurrent,model,0.450818,0.531326,0.691801,-0.01568,1.722909,-29.51945,28.292978,531,5479,pubC_leo15_531_temporal_e200_s0
leo15_531,15 years 531 (legacy temporal),531,1980-10-01..1995-09-30,1995-10-01..2010-09-30,pubC,PUBModel,temporal,leo15_531,200,0,1,concurrent,model,0.71771,0.744741,0.863654,-0.018589,1.212074,-12.854959,10.930516,531,5479,pubC_leo15_531_temporal_e200_s0
leo15_531,15 years 531 (legacy temporal),531,1980-10-01..1995-09-30,1995-10-01..2010-09-30,pubC,PUBModel,temporal,leo15_531,200,0,1,concurrent,idw,0.536529,,,,,,,531,5479,pubC_leo15_531_temporal_e200_s0
leo15_531,15 years 531 (legacy temporal),531,1980-10-01..1995-09-30,1995-10-01..2010-09-30,pubC,PUBModel,temporal,leo15_531,200,0,1,concurrent,ctx_mean,0.536529,,,,,,,531,5479,pubC_leo15_531_temporal_e200_s0
leo15_531,15 years 531 (legacy temporal),531,1980-10-01..1995-09-30,1995-10-01..2010-09-30,pubC,PUBModel,temporal,leo15_531,200,0,1,concurrent,nn_donor,0.536529,,,,,,,531,5479,pubC_leo15_531_temporal_e200_s0
leo15_531,15 years 531 (legacy temporal),531,1980-10-01..1995-09-30,1995-10-01..2010-09-30,pubC,PUBModel,temporal,leo15_531,200,0,2,concurrent,model,0.745153,0.757605,0.875702,-0.015172,1.161126,-12.653037,8.560486,531,5479,pubC_leo15_531_temporal_e200_s0
leo15_531,15 years 531 (legacy temporal),531,1980-10-01..1995-09-30,1995-10-01..2010-09-30,pubC,PUBModel,temporal,leo15_531,200,0,2,concurrent,idw,0.611843,,,,,,,531,5479,pubC_leo15_531_temporal_e200_s0
leo15_531,15 years 531 (legacy temporal),531,1980-10-01..1995-09-30,1995-10-01..2010-09-30,pubC,PUBModel,temporal,leo15_531,200,0,2,concurrent,ctx_mean,0.584399,,,,,,,531,5479,pubC_leo15_531_temporal_e200_s0
leo15_531,15 years 531 (legacy temporal),531,1980-10-01..1995-09-30,1995-10-01..2010-09-30,pubC,PUBModel,temporal,leo15_531,200,0,2,concurrent,nn_donor,0.536529,,,,,,,531,5479,pubC_leo15_531_temporal_e200_s0
leo15_531,15 years 531 (legacy temporal),531,1980-10-01..1995-09-30,1995-10-01..2010-09-30,pubC,PUBModel,temporal,leo15_531,200,0,4,concurrent,model,0.756414,0.763567,0.880709,-0.018116,1.132479,-11.931711,6.533329,531,5479,pubC_leo15_531_temporal_e200_s0
leo15_531,15 years 531 (legacy temporal),531,1980-10-01..1995-09-30,1995-10-01..2010-09-30,pubC,PUBModel,temporal,leo15_531,200,0,4,concurrent,idw,0.633249,,,,,,,531,5479,pubC_leo15_531_temporal_e200_s0
leo15_531,15 years 531 (legacy temporal),531,1980-10-01..1995-09-30,1995-10-01..2010-09-30,pubC,PUBModel,temporal,leo15_531,200,0,4,concurrent,ctx_mean,0.570549,,,,,,,531,5479,pubC_leo15_531_temporal_e200_s0
leo15_531,15 years 531 (legacy temporal),531,1980-10-01..1995-09-30,1995-10-01..2010-09-30,pubC,PUBModel,temporal,leo15_531,200,0,4,concurrent,nn_donor,0.536529,,,,,,,531,5479,pubC_leo15_531_temporal_e200_s0
leo15_531,15 years 531 (legacy temporal),531,1980-10-01..1995-09-30,1995-10-01..2010-09-30,pubC,PUBModel,temporal,leo15_531,200,0,8,concurrent,model,0.75863,0.768387,0.882012,-0.01517,1.12229,-11.568941,6.229779,531,5479,pubC_leo15_531_temporal_e200_s0
leo15_531,15 years 531 (legacy temporal),531,1980-10-01..1995-09-30,1995-10-01..2010-09-30,pubC,PUBModel,temporal,leo15_531,200,0,8,concurrent,idw,0.633516,,,,,,,531,5479,pubC_leo15_531_temporal_e200_s0
leo15_531,15 years 531 (legacy temporal),531,1980-10-01..1995-09-30,1995-10-01..2010-09-30,pubC,PUBModel,temporal,leo15_531,200,0,8,concurrent,ctx_mean,0.530109,,,,,,,531,5479,pubC_leo15_531_temporal_e200_s0
leo15_531,15 years 531 (legacy temporal),531,1980-10-01..1995-09-30,1995-10-01..2010-09-30,pubC,PUBModel,temporal,leo15_531,200,0,8,concurrent,nn_donor,0.536529,,,,,,,531,5479,pubC_leo15_531_temporal_e200_s0
leo15_531,15 years 531 (legacy temporal),531,1980-10-01..1995-09-30,1995-10-01..2010-09-30,pubC,PUBModel,temporal,leo15_531,200,1,0,concurrent,model,0.46401,0.535708,0.703792,-0.004449,1.723771,-29.757896,44.022955,531,5479,pubC_leo15_531_temporal_e200_s1
leo15_531,15 years 531 (legacy temporal),531,1980-10-01..1995-09-30,1995-10-01..2010-09-30,pubC,PUBModel,temporal,leo15_531,200,1,1,concurrent,model,0.71824,0.743846,0.865779,-0.019029,1.227938,-13.066,15.238419,531,5479,pubC_leo15_531_temporal_e200_s1
leo15_531,15 years 531 (legacy temporal),531,1980-10-01..1995-09-30,1995-10-01..2010-09-30,pubC,PUBModel,temporal,leo15_531,200,1,1,concurrent,idw,0.536529,,,,,,,531,5479,pubC_leo15_531_temporal_e200_s1
leo15_531,15 years 531 (legacy temporal),531,1980-10-01..1995-09-30,1995-10-01..2010-09-30,pubC,PUBModel,temporal,leo15_531,200,1,1,concurrent,ctx_mean,0.536529,,,,,,,531,5479,pubC_leo15_531_temporal_e200_s1
leo15_531,15 years 531 (legacy temporal),531,1980-10-01..1995-09-30,1995-10-01..2010-09-30,pubC,PUBModel,temporal,leo15_531,200,1,1,concurrent,nn_donor,0.536529,,,,,,,531,5479,pubC_leo15_531_temporal_e200_s1
leo15_531,15 years 531 (legacy temporal),531,1980-10-01..1995-09-30,1995-10-01..2010-09-30,pubC,PUBModel,temporal,leo15_531,200,1,2,concurrent,model,0.741862,0.754266,0.878994,-0.020486,1.173666,-13.217725,15.269881,531,5479,pubC_leo15_531_temporal_e200_s1
leo15_531,15 years 531 (legacy temporal),531,1980-10-01..1995-09-30,1995-10-01..2010-09-30,pubC,PUBModel,temporal,leo15_531,200,1,2,concurrent,idw,0.611843,,,,,,,531,5479,pubC_leo15_531_temporal_e200_s1
leo15_531,15 years 531 (legacy temporal),531,1980-10-01..1995-09-30,1995-10-01..2010-09-30,pubC,PUBModel,temporal,leo15_531,200,1,2,concurrent,ctx_mean,0.584399,,,,,,,531,5479,pubC_leo15_531_temporal_e200_s1
leo15_531,15 years 531 (legacy temporal),531,1980-10-01..1995-09-30,1995-10-01..2010-09-30,pubC,PUBModel,temporal,leo15_531,200,1,2,concurrent,nn_donor,0.536529,,,,,,,531,5479,pubC_leo15_531_temporal_e200_s1
leo15_531,15 years 531 (legacy temporal),531,1980-10-01..1995-09-30,1995-10-01..2010-09-30,pubC,PUBModel,temporal,leo15_531,200,1,4,concurrent,model,0.751394,0.757664,0.884088,-0.023905,1.143554,-12.850246,13.60659,531,5479,pubC_leo15_531_temporal_e200_s1
leo15_531,15 years 531 (legacy temporal),531,1980-10-01..1995-09-30,1995-10-01..2010-09-30,pubC,PUBModel,temporal,leo15_531,200,1,4,concurrent,idw,0.633249,,,,,,,531,5479,pubC_leo15_531_temporal_e200_s1
leo15_531,15 years 531 (legacy temporal),531,1980-10-01..1995-09-30,1995-10-01..2010-09-30,pubC,PUBModel,temporal,leo15_531,200,1,4,concurrent,ctx_mean,0.570549,,,,,,,531,5479,pubC_leo15_531_temporal_e200_s1
leo15_531,15 years 531 (legacy temporal),531,1980-10-01..1995-09-30,1995-10-01..2010-09-30,pubC,PUBModel,temporal,leo15_531,200,1,4,concurrent,nn_donor,0.536529,,,,,,,531,5479,pubC_leo15_531_temporal_e200_s1
leo15_531,15 years 531 (legacy temporal),531,1980-10-01..1995-09-30,1995-10-01..2010-09-30,pubC,PUBModel,temporal,leo15_531,200,1,8,concurrent,model,0.757614,0.758537,0.883534,-0.025962,1.130456,-13.487868,13.739557,531,5479,pubC_leo15_531_temporal_e200_s1
leo15_531,15 years 531 (legacy temporal),531,1980-10-01..1995-09-30,1995-10-01..2010-09-30,pubC,PUBModel,temporal,leo15_531,200,1,8,concurrent,idw,0.633516,,,,,,,531,5479,pubC_leo15_531_temporal_e200_s1
leo15_531,15 years 531 (legacy temporal),531,1980-10-01..1995-09-30,1995-10-01..2010-09-30,pubC,PUBModel,temporal,leo15_531,200,1,8,concurrent,ctx_mean,0.530109,,,,,,,531,5479,pubC_leo15_531_temporal_e200_s1
leo15_531,15 years 531 (legacy temporal),531,1980-10-01..1995-09-30,1995-10-01..2010-09-30,pubC,PUBModel,temporal,leo15_531,200,1,8,concurrent,nn_donor,0.536529,,,,,,,531,5479,pubC_leo15_531_temporal_e200_s1
leo15_531,15 years 531 (legacy temporal),531,1980-10-01..1995-09-30,1995-10-01..2010-09-30,pubC,PUBModel,temporal,leo15_531,200,2,0,concurrent,model,0.474987,0.541797,0.712807,-0.034248,1.696632,-31.103061,33.927922,531,5479,pubC_leo15_531_temporal_e200_s2
leo15_531,15 years 531 (legacy temporal),531,1980-10-01..1995-09-30,1995-10-01..2010-09-30,pubC,PUBModel,temporal,leo15_531,200,2,1,concurrent,model,0.719552,0.74432,0.868002,-0.017624,1.210051,-13.146492,13.986146,531,5479,pubC_leo15_531_temporal_e200_s2
leo15_531,15 years 531 (legacy temporal),531,1980-10-01..1995-09-30,1995-10-01..2010-09-30,pubC,PUBModel,temporal,leo15_531,200,2,1,concurrent,idw,0.536529,,,,,,,531,5479,pubC_leo15_531_temporal_e200_s2
leo15_531,15 years 531 (legacy temporal),531,1980-10-01..1995-09-30,1995-10-01..2010-09-30,pubC,PUBModel,temporal,leo15_531,200,2,1,concurrent,ctx_mean,0.536529,,,,,,,531,5479,pubC_leo15_531_temporal_e200_s2
leo15_531,15 years 531 (legacy temporal),531,1980-10-01..1995-09-30,1995-10-01..2010-09-30,pubC,PUBModel,temporal,leo15_531,200,2,1,concurrent,nn_donor,0.536529,,,,,,,531,5479,pubC_leo15_531_temporal_e200_s2
leo15_531,15 years 531 (legacy temporal),531,1980-10-01..1995-09-30,1995-10-01..2010-09-30,pubC,PUBModel,temporal,leo15_531,200,2,2,concurrent,model,0.746863,0.760095,0.881293,-0.014935,1.168283,-12.427627,10.434252,531,5479,pubC_leo15_531_temporal_e200_s2
leo15_531,15 years 531 (legacy temporal),531,1980-10-01..1995-09-30,1995-10-01..2010-09-30,pubC,PUBModel,temporal,leo15_531,200,2,2,concurrent,idw,0.611843,,,,,,,531,5479,pubC_leo15_531_temporal_e200_s2
leo15_531,15 years 531 (legacy temporal),531,1980-10-01..1995-09-30,1995-10-01..2010-09-30,pubC,PUBModel,temporal,leo15_531,200,2,2,concurrent,ctx_mean,0.584399,,,,,,,531,5479,pubC_leo15_531_temporal_e200_s2
leo15_531,15 years 531 (legacy temporal),531,1980-10-01..1995-09-30,1995-10-01..2010-09-30,pubC,PUBModel,temporal,leo15_531,200,2,2,concurrent,nn_donor,0.536529,,,,,,,531,5479,pubC_leo15_531_temporal_e200_s2
leo15_531,15 years 531 (legacy temporal),531,1980-10-01..1995-09-30,1995-10-01..2010-09-30,pubC,PUBModel,temporal,leo15_531,200,2,4,concurrent,model,0.756553,0.762687,0.883662,-0.012166,1.133639,-12.500153,8.713707,531,5479,pubC_leo15_531_temporal_e200_s2
leo15_531,15 years 531 (legacy temporal),531,1980-10-01..1995-09-30,1995-10-01..2010-09-30,pubC,PUBModel,temporal,leo15_531,200,2,4,concurrent,idw,0.633249,,,,,,,531,5479,pubC_leo15_531_temporal_e200_s2
leo15_531,15 years 531 (legacy temporal),531,1980-10-01..1995-09-30,1995-10-01..2010-09-30,pubC,PUBModel,temporal,leo15_531,200,2,4,concurrent,ctx_mean,0.570549,,,,,,,531,5479,pubC_leo15_531_temporal_e200_s2
leo15_531,15 years 531 (legacy temporal),531,1980-10-01..1995-09-30,1995-10-01..2010-09-30,pubC,PUBModel,temporal,leo15_531,200,2,4,concurrent,nn_donor,0.536529,,,,,,,531,5479,pubC_leo15_531_temporal_e200_s2
leo15_531,15 years 531 (legacy temporal),531,1980-10-01..1995-09-30,1995-10-01..2010-09-30,pubC,PUBModel,temporal,leo15_531,200,2,8,concurrent,model,0.761536,0.765539,0.885681,-0.00774,1.126192,-12.474275,8.812067,531,5479,pubC_leo15_531_temporal_e200_s2
leo15_531,15 years 531 (legacy temporal),531,1980-10-01..1995-09-30,1995-10-01..2010-09-30,pubC,PUBModel,temporal,leo15_531,200,2,8,concurrent,idw,0.633516,,,,,,,531,5479,pubC_leo15_531_temporal_e200_s2
leo15_531,15 years 531 (legacy temporal),531,1980-10-01..1995-09-30,1995-10-01..2010-09-30,pubC,PUBModel,temporal,leo15_531,200,2,8,concurrent,ctx_mean,0.530109,,,,,,,531,5479,pubC_leo15_531_temporal_e200_s2
leo15_531,15 years 531 (legacy temporal),531,1980-10-01..1995-09-30,1995-10-01..2010-09-30,pubC,PUBModel,temporal,leo15_531,200,2,8,concurrent,nn_donor,0.536529,,,,,,,531,5479,pubC_leo15_531_temporal_e200_s2
leo15_531,15 years 531 (legacy temporal),531,1980-10-01..1995-09-30,1995-10-01..2010-09-30,pubC,PUBModel,temporal,leo15_531,50,0,0,concurrent,model,0.26958,0.3028,0.548473,-0.009492,1.983069,-51.095573,60.663553,531,5479,pubC_leo15_531_temporal_e50_s0
leo15_531,15 years 531 (legacy temporal),531,1980-10-01..1995-09-30,1995-10-01..2010-09-30,pubC,PUBModel,temporal,leo15_531,50,0,1,concurrent,model,0.65471,0.67469,0.833142,-0.005266,1.345591,-14.671396,14.807175,531,5479,pubC_leo15_531_temporal_e50_s0
leo15_531,15 years 531 (legacy temporal),531,1980-10-01..1995-09-30,1995-10-01..2010-09-30,pubC,PUBModel,temporal,leo15_531,50,0,1,concurrent,idw,0.536529,,,,,,,531,5479,pubC_leo15_531_temporal_e50_s0
leo15_531,15 years 531 (legacy temporal),531,1980-10-01..1995-09-30,1995-10-01..2010-09-30,pubC,PUBModel,temporal,leo15_531,50,0,1,concurrent,ctx_mean,0.536529,,,,,,,531,5479,pubC_leo15_531_temporal_e50_s0
leo15_531,15 years 531 (legacy temporal),531,1980-10-01..1995-09-30,1995-10-01..2010-09-30,pubC,PUBModel,temporal,leo15_531,50,0,1,concurrent,nn_donor,0.536529,,,,,,,531,5479,pubC_leo15_531_temporal_e50_s0
leo15_531,15 years 531 (legacy temporal),531,1980-10-01..1995-09-30,1995-10-01..2010-09-30,pubC,PUBModel,temporal,leo15_531,50,0,2,concurrent,model,0.676572,0.691117,0.847334,-0.006349,1.291542,-16.415331,13.892113,531,5479,pubC_leo15_531_temporal_e50_s0
leo15_531,15 years 531 (legacy temporal),531,1980-10-01..1995-09-30,1995-10-01..2010-09-30,pubC,PUBModel,temporal,leo15_531,50,0,2,concurrent,idw,0.611843,,,,,,,531,5479,pubC_leo15_531_temporal_e50_s0
leo15_531,15 years 531 (legacy temporal),531,1980-10-01..1995-09-30,1995-10-01..2010-09-30,pubC,PUBModel,temporal,leo15_531,50,0,2,concurrent,ctx_mean,0.584399,,,,,,,531,5479,pubC_leo15_531_temporal_e50_s0
leo15_531,15 years 531 (legacy temporal),531,1980-10-01..1995-09-30,1995-10-01..2010-09-30,pubC,PUBModel,temporal,leo15_531,50,0,2,concurrent,nn_donor,0.536529,,,,,,,531,5479,pubC_leo15_531_temporal_e50_s0
leo15_531,15 years 531 (legacy temporal),531,1980-10-01..1995-09-30,1995-10-01..2010-09-30,pubC,PUBModel,temporal,leo15_531,50,0,4,concurrent,model,0.68485,0.69587,0.853482,-0.006722,1.276485,-16.518848,11.88589,531,5479,pubC_leo15_531_temporal_e50_s0
leo15_531,15 years 531 (legacy temporal),531,1980-10-01..1995-09-30,1995-10-01..2010-09-30,pubC,PUBModel,temporal,leo15_531,50,0,4,concurrent,idw,0.633249,,,,,,,531,5479,pubC_leo15_531_temporal_e50_s0
leo15_531,15 years 531 (legacy temporal),531,1980-10-01..1995-09-30,1995-10-01..2010-09-30,pubC,PUBModel,temporal,leo15_531,50,0,4,concurrent,ctx_mean,0.570549,,,,,,,531,5479,pubC_leo15_531_temporal_e50_s0
leo15_531,15 years 531 (legacy temporal),531,1980-10-01..1995-09-30,1995-10-01..2010-09-30,pubC,PUBModel,temporal,leo15_531,50,0,4,concurrent,nn_donor,0.536529,,,,,,,531,5479,pubC_leo15_531_temporal_e50_s0
leo15_531,15 years 531 (legacy temporal),531,1980-10-01..1995-09-30,1995-10-01..2010-09-30,pubC,PUBModel,temporal,leo15_531,50,0,8,concurrent,model,0.689203,0.70084,0.85372,-0.001866,1.268252,-16.650418,10.495541,531,5479,pubC_leo15_531_temporal_e50_s0
leo15_531,15 years 531 (legacy temporal),531,1980-10-01..1995-09-30,1995-10-01..2010-09-30,pubC,PUBModel,temporal,leo15_531,50,0,8,concurrent,idw,0.633516,,,,,,,531,5479,pubC_leo15_531_temporal_e50_s0
leo15_531,15 years 531 (legacy temporal),531,1980-10-01..1995-09-30,1995-10-01..2010-09-30,pubC,PUBModel,temporal,leo15_531,50,0,8,concurrent,ctx_mean,0.530109,,,,,,,531,5479,pubC_leo15_531_temporal_e50_s0
leo15_531,15 years 531 (legacy temporal),531,1980-10-01..1995-09-30,1995-10-01..2010-09-30,pubC,PUBModel,temporal,leo15_531,50,0,8,concurrent,nn_donor,0.536529,,,,,,,531,5479,pubC_leo15_531_temporal_e50_s0
leo15_671,15 years 671 Leo,671,1980-10-01..1995-09-30,1995-10-01..2010-09-30,pubC,PUBModel,temporal,leo15_671,200,0,0,concurrent,model,0.428089,0.500226,0.68236,-0.009997,1.663564,-31.56905,46.815598,671,5479,pubC_leo15_671_temporal_e200_s0
leo15_671,15 years 671 Leo,671,1980-10-01..1995-09-30,1995-10-01..2010-09-30,pubC,PUBModel,temporal,leo15_671,200,0,1,concurrent,model,0.700026,0.70793,0.854923,-0.008011,1.168972,-14.259416,11.306838,671,5479,pubC_leo15_671_temporal_e200_s0
leo15_671,15 years 671 Leo,671,1980-10-01..1995-09-30,1995-10-01..2010-09-30,pubC,PUBModel,temporal,leo15_671,200,0,1,concurrent,idw,0.509222,,,,,,,671,5479,pubC_leo15_671_temporal_e200_s0
leo15_671,15 years 671 Leo,671,1980-10-01..1995-09-30,1995-10-01..2010-09-30,pubC,PUBModel,temporal,leo15_671,200,0,1,concurrent,ctx_mean,0.509222,,,,,,,671,5479,pubC_leo15_671_temporal_e200_s0
leo15_671,15 years 671 Leo,671,1980-10-01..1995-09-30,1995-10-01..2010-09-30,pubC,PUBModel,temporal,leo15_671,200,0,1,concurrent,nn_donor,0.509222,,,,,,,671,5479,pubC_leo15_671_temporal_e200_s0
leo15_671,15 years 671 Leo,671,1980-10-01..1995-09-30,1995-10-01..2010-09-30,pubC,PUBModel,temporal,leo15_671,200,0,2,concurrent,model,0.717796,0.719061,0.86859,-0.007401,1.099046,-15.230875,10.469228,671,5479,pubC_leo15_671_temporal_e200_s0
leo15_671,15 years 671 Leo,671,1980-10-01..1995-09-30,1995-10-01..2010-09-30,pubC,PUBModel,temporal,leo15_671,200,0,2,concurrent,idw,0.590126,,,,,,,671,5479,pubC_leo15_671_temporal_e200_s0
leo15_671,15 years 671 Leo,671,1980-10-01..1995-09-30,1995-10-01..2010-09-30,pubC,PUBModel,temporal,leo15_671,200,0,2,concurrent,ctx_mean,0.565166,,,,,,,671,5479,pubC_leo15_671_temporal_e200_s0
leo15_671,15 years 671 Leo,671,1980-10-01..1995-09-30,1995-10-01..2010-09-30,pubC,PUBModel,temporal,leo15_671,200,0,2,concurrent,nn_donor,0.509222,,,,,,,671,5479,pubC_leo15_671_temporal_e200_s0
leo15_671,15 years 671 Leo,671,1980-10-01..1995-09-30,1995-10-01..2010-09-30,pubC,PUBModel,temporal,leo15_671,200,0,4,concurrent,model,0.724416,0.727655,0.872866,-0.011166,1.081532,-15.043082,11.132764,671,5479,pubC_leo15_671_temporal_e200_s0
leo15_671,15 years 671 Leo,671,1980-10-01..1995-09-30,1995-10-01..2010-09-30,pubC,PUBModel,temporal,leo15_671,200,0,4,concurrent,idw,0.610245,,,,,,,671,5479,pubC_leo15_671_temporal_e200_s0
leo15_671,15 years 671 Leo,671,1980-10-01..1995-09-30,1995-10-01..2010-09-30,pubC,PUBModel,temporal,leo15_671,200,0,4,concurrent,ctx_mean,0.559254,,,,,,,671,5479,pubC_leo15_671_temporal_e200_s0
leo15_671,15 years 671 Leo,671,1980-10-01..1995-09-30,1995-10-01..2010-09-30,pubC,PUBModel,temporal,leo15_671,200,0,4,concurrent,nn_donor,0.509222,,,,,,,671,5479,pubC_leo15_671_temporal_e200_s0
leo15_671,15 years 671 Leo,671,1980-10-01..1995-09-30,1995-10-01..2010-09-30,pubC,PUBModel,temporal,leo15_671,200,0,8,concurrent,model,0.728209,0.724279,0.873324,-0.012222,1.09404,-15.388168,9.189819,671,5479,pubC_leo15_671_temporal_e200_s0
leo15_671,15 years 671 Leo,671,1980-10-01..1995-09-30,1995-10-01..2010-09-30,pubC,PUBModel,temporal,leo15_671,200,0,8,concurrent,idw,0.621943,,,,,,,671,5479,pubC_leo15_671_temporal_e200_s0
leo15_671,15 years 671 Leo,671,1980-10-01..1995-09-30,1995-10-01..2010-09-30,pubC,PUBModel,temporal,leo15_671,200,0,8,concurrent,ctx_mean,0.51848,,,,,,,671,5479,pubC_leo15_671_temporal_e200_s0
leo15_671,15 years 671 Leo,671,1980-10-01..1995-09-30,1995-10-01..2010-09-30,pubC,PUBModel,temporal,leo15_671,200,0,8,concurrent,nn_donor,0.509222,,,,,,,671,5479,pubC_leo15_671_temporal_e200_s0
leo15_671,15 years 671 Leo,671,1980-10-01..1995-09-30,1995-10-01..2010-09-30,pubC,PUBModel,temporal,leo15_671,200,1,0,concurrent,model,0.452015,0.520682,0.703435,0.006745,1.619051,-30.191826,52.889066,671,5479,pubC_leo15_671_temporal_e200_s1
leo15_671,15 years 671 Leo,671,1980-10-01..1995-09-30,1995-10-01..2010-09-30,pubC,PUBModel,temporal,leo15_671,200,1,1,concurrent,model,0.69913,0.713997,0.859801,-0.004115,1.142109,-13.873373,18.278997,671,5479,pubC_leo15_671_temporal_e200_s1
leo15_671,15 years 671 Leo,671,1980-10-01..1995-09-30,1995-10-01..2010-09-30,pubC,PUBModel,temporal,leo15_671,200,1,1,concurrent,idw,0.509222,,,,,,,671,5479,pubC_leo15_671_temporal_e200_s1
leo15_671,15 years 671 Leo,671,1980-10-01..1995-09-30,1995-10-01..2010-09-30,pubC,PUBModel,temporal,leo15_671,200,1,1,concurrent,ctx_mean,0.509222,,,,,,,671,5479,pubC_leo15_671_temporal_e200_s1
leo15_671,15 years 671 Leo,671,1980-10-01..1995-09-30,1995-10-01..2010-09-30,pubC,PUBModel,temporal,leo15_671,200,1,1,concurrent,nn_donor,0.509222,,,,,,,671,5479,pubC_leo15_671_temporal_e200_s1
leo15_671,15 years 671 Leo,671,1980-10-01..1995-09-30,1995-10-01..2010-09-30,pubC,PUBModel,temporal,leo15_671,200,1,2,concurrent,model,0.724073,0.735666,0.871153,-0.005953,1.092196,-13.55647,17.323008,671,5479,pubC_leo15_671_temporal_e200_s1
leo15_671,15 years 671 Leo,671,1980-10-01..1995-09-30,1995-10-01..2010-09-30,pubC,PUBModel,temporal,leo15_671,200,1,2,concurrent,idw,0.590126,,,,,,,671,5479,pubC_leo15_671_temporal_e200_s1
leo15_671,15 years 671 Leo,671,1980-10-01..1995-09-30,1995-10-01..2010-09-30,pubC,PUBModel,temporal,leo15_671,200,1,2,concurrent,ctx_mean,0.565166,,,,,,,671,5479,pubC_leo15_671_temporal_e200_s1
leo15_671,15 years 671 Leo,671,1980-10-01..1995-09-30,1995-10-01..2010-09-30,pubC,PUBModel,temporal,leo15_671,200,1,2,concurrent,nn_donor,0.509222,,,,,,,671,5479,pubC_leo15_671_temporal_e200_s1
leo15_671,15 years 671 Leo,671,1980-10-01..1995-09-30,1995-10-01..2010-09-30,pubC,PUBModel,temporal,leo15_671,200,1,4,concurrent,model,0.73732,0.744379,0.877635,-0.005824,1.080161,-13.297964,14.012911,671,5479,pubC_leo15_671_temporal_e200_s1
leo15_671,15 years 671 Leo,671,1980-10-01..1995-09-30,1995-10-01..2010-09-30,pubC,PUBModel,temporal,leo15_671,200,1,4,concurrent,idw,0.610245,,,,,,,671,5479,pubC_leo15_671_temporal_e200_s1
leo15_671,15 years 671 Leo,671,1980-10-01..1995-09-30,1995-10-01..2010-09-30,pubC,PUBModel,temporal,leo15_671,200,1,4,concurrent,ctx_mean,0.559254,,,,,,,671,5479,pubC_leo15_671_temporal_e200_s1
leo15_671,15 years 671 Leo,671,1980-10-01..1995-09-30,1995-10-01..2010-09-30,pubC,PUBModel,temporal,leo15_671,200,1,4,concurrent,nn_donor,0.509222,,,,,,,671,5479,pubC_leo15_671_temporal_e200_s1
leo15_671,15 years 671 Leo,671,1980-10-01..1995-09-30,1995-10-01..2010-09-30,pubC,PUBModel,temporal,leo15_671,200,1,8,concurrent,model,0.738284,0.74807,0.878561,-0.003219,1.075291,-13.001118,12.39176,671,5479,pubC_leo15_671_temporal_e200_s1
leo15_671,15 years 671 Leo,671,1980-10-01..1995-09-30,1995-10-01..2010-09-30,pubC,PUBModel,temporal,leo15_671,200,1,8,concurrent,idw,0.621943,,,,,,,671,5479,pubC_leo15_671_temporal_e200_s1
leo15_671,15 years 671 Leo,671,1980-10-01..1995-09-30,1995-10-01..2010-09-30,pubC,PUBModel,temporal,leo15_671,200,1,8,concurrent,ctx_mean,0.51848,,,,,,,671,5479,pubC_leo15_671_temporal_e200_s1
leo15_671,15 years 671 Leo,671,1980-10-01..1995-09-30,1995-10-01..2010-09-30,pubC,PUBModel,temporal,leo15_671,200,1,8,concurrent,nn_donor,0.509222,,,,,,,671,5479,pubC_leo15_671_temporal_e200_s1
leo15_671,15 years 671 Leo,671,1980-10-01..1995-09-30,1995-10-01..2010-09-30,pubC,PUBModel,temporal,leo15_671,200,2,0,concurrent,model,0.457679,0.520848,0.703836,-0.018444,1.597137,-30.477456,52.092112,671,5479,pubC_leo15_671_temporal_e200_s2
leo15_671,15 years 671 Leo,671,1980-10-01..1995-09-30,1995-10-01..2010-09-30,pubC,PUBModel,temporal,leo15_671,200,2,1,concurrent,model,0.701961,0.715343,0.859444,-0.012515,1.157367,-14.527951,15.38924,671,5479,pubC_leo15_671_temporal_e200_s2
leo15_671,15 years 671 Leo,671,1980-10-01..1995-09-30,1995-10-01..2010-09-30,pubC,PUBModel,temporal,leo15_671,200,2,1,concurrent,idw,0.509222,,,,,,,671,5479,pubC_leo15_671_temporal_e200_s2
leo15_671,15 years 671 Leo,671,1980-10-01..1995-09-30,1995-10-01..2010-09-30,pubC,PUBModel,temporal,leo15_671,200,2,1,concurrent,ctx_mean,0.509222,,,,,,,671,5479,pubC_leo15_671_temporal_e200_s2
leo15_671,15 years 671 Leo,671,1980-10-01..1995-09-30,1995-10-01..2010-09-30,pubC,PUBModel,temporal,leo15_671,200,2,1,concurrent,nn_donor,0.509222,,,,,,,671,5479,pubC_leo15_671_temporal_e200_s2
leo15_671,15 years 671 Leo,671,1980-10-01..1995-09-30,1995-10-01..2010-09-30,pubC,PUBModel,temporal,leo15_671,200,2,2,concurrent,model,0.723818,0.735274,0.872069,-0.017135,1.107713,-13.948796,15.291655,671,5479,pubC_leo15_671_temporal_e200_s2
leo15_671,15 years 671 Leo,671,1980-10-01..1995-09-30,1995-10-01..2010-09-30,pubC,PUBModel,temporal,leo15_671,200,2,2,concurrent,idw,0.590126,,,,,,,671,5479,pubC_leo15_671_temporal_e200_s2
leo15_671,15 years 671 Leo,671,1980-10-01..1995-09-30,1995-10-01..2010-09-30,pubC,PUBModel,temporal,leo15_671,200,2,2,concurrent,ctx_mean,0.565166,,,,,,,671,5479,pubC_leo15_671_temporal_e200_s2
leo15_671,15 years 671 Leo,671,1980-10-01..1995-09-30,1995-10-01..2010-09-30,pubC,PUBModel,temporal,leo15_671,200,2,2,concurrent,nn_donor,0.509222,,,,,,,671,5479,pubC_leo15_671_temporal_e200_s2
leo15_671,15 years 671 Leo,671,1980-10-01..1995-09-30,1995-10-01..2010-09-30,pubC,PUBModel,temporal,leo15_671,200,2,4,concurrent,model,0.73116,0.737149,0.877479,-0.014951,1.092796,-14.218455,15.755962,671,5479,pubC_leo15_671_temporal_e200_s2
leo15_671,15 years 671 Leo,671,1980-10-01..1995-09-30,1995-10-01..2010-09-30,pubC,PUBModel,temporal,leo15_671,200,2,4,concurrent,idw,0.610245,,,,,,,671,5479,pubC_leo15_671_temporal_e200_s2
leo15_671,15 years 671 Leo,671,1980-10-01..1995-09-30,1995-10-01..2010-09-30,pubC,PUBModel,temporal,leo15_671,200,2,4,concurrent,ctx_mean,0.559254,,,,,,,671,5479,pubC_leo15_671_temporal_e200_s2
leo15_671,15 years 671 Leo,671,1980-10-01..1995-09-30,1995-10-01..2010-09-30,pubC,PUBModel,temporal,leo15_671,200,2,4,concurrent,nn_donor,0.509222,,,,,,,671,5479,pubC_leo15_671_temporal_e200_s2
leo15_671,15 years 671 Leo,671,1980-10-01..1995-09-30,1995-10-01..2010-09-30,pubC,PUBModel,temporal,leo15_671,200,2,8,concurrent,model,0.735604,0.742174,0.878648,-0.011181,1.080117,-13.793824,15.832614,671,5479,pubC_leo15_671_temporal_e200_s2
leo15_671,15 years 671 Leo,671,1980-10-01..1995-09-30,1995-10-01..2010-09-30,pubC,PUBModel,temporal,leo15_671,200,2,8,concurrent,idw,0.621943,,,,,,,671,5479,pubC_leo15_671_temporal_e200_s2
leo15_671,15 years 671 Leo,671,1980-10-01..1995-09-30,1995-10-01..2010-09-30,pubC,PUBModel,temporal,leo15_671,200,2,8,concurrent,ctx_mean,0.51848,,,,,,,671,5479,pubC_leo15_671_temporal_e200_s2
leo15_671,15 years 671 Leo,671,1980-10-01..1995-09-30,1995-10-01..2010-09-30,pubC,PUBModel,temporal,leo15_671,200,2,8,concurrent,nn_donor,0.509222,,,,,,,671,5479,pubC_leo15_671_temporal_e200_s2
leo15_671,15 years 671 Leo,671,1980-10-01..1995-09-30,1995-10-01..2010-09-30,pubC,PUBModel,temporal,leo15_671,50,0,0,concurrent,model,0.258535,0.286334,0.537155,0.013402,1.860245,-51.7761,90.037109,671,5479,pubC_leo15_671_temporal_e50_s0
leo15_671,15 years 671 Leo,671,1980-10-01..1995-09-30,1995-10-01..2010-09-30,pubC,PUBModel,temporal,leo15_671,50,0,1,concurrent,model,0.63638,0.649834,0.829346,-0.004947,1.274478,-16.851052,27.293756,671,5479,pubC_leo15_671_temporal_e50_s0
leo15_671,15 years 671 Leo,671,1980-10-01..1995-09-30,1995-10-01..2010-09-30,pubC,PUBModel,temporal,leo15_671,50,0,1,concurrent,idw,0.509222,,,,,,,671,5479,pubC_leo15_671_temporal_e50_s0
leo15_671,15 years 671 Leo,671,1980-10-01..1995-09-30,1995-10-01..2010-09-30,pubC,PUBModel,temporal,leo15_671,50,0,1,concurrent,ctx_mean,0.509222,,,,,,,671,5479,pubC_leo15_671_temporal_e50_s0
leo15_671,15 years 671 Leo,671,1980-10-01..1995-09-30,1995-10-01..2010-09-30,pubC,PUBModel,temporal,leo15_671,50,0,1,concurrent,nn_donor,0.509222,,,,,,,671,5479,pubC_leo15_671_temporal_e50_s0
leo15_671,15 years 671 Leo,671,1980-10-01..1995-09-30,1995-10-01..2010-09-30,pubC,PUBModel,temporal,leo15_671,50,0,2,concurrent,model,0.651942,0.661028,0.840669,-0.009325,1.228355,-18.236087,23.014357,671,5479,pubC_leo15_671_temporal_e50_s0
leo15_671,15 years 671 Leo,671,1980-10-01..1995-09-30,1995-10-01..2010-09-30,pubC,PUBModel,temporal,leo15_671,50,0,2,concurrent,idw,0.590126,,,,,,,671,5479,pubC_leo15_671_temporal_e50_s0
leo15_671,15 years 671 Leo,671,1980-10-01..1995-09-30,1995-10-01..2010-09-30,pubC,PUBModel,temporal,leo15_671,50,0,2,concurrent,ctx_mean,0.565166,,,,,,,671,5479,pubC_leo15_671_temporal_e50_s0
leo15_671,15 years 671 Leo,671,1980-10-01..1995-09-30,1995-10-01..2010-09-30,pubC,PUBModel,temporal,leo15_671,50,0,2,concurrent,nn_donor,0.509222,,,,,,,671,5479,pubC_leo15_671_temporal_e50_s0
leo15_671,15 years 671 Leo,671,1980-10-01..1995-09-30,1995-10-01..2010-09-30,pubC,PUBModel,temporal,leo15_671,50,0,4,concurrent,model,0.661762,0.6598,0.846015,-0.001041,1.213169,-18.550473,21.455098,671,5479,pubC_leo15_671_temporal_e50_s0
leo15_671,15 years 671 Leo,671,1980-10-01..1995-09-30,1995-10-01..2010-09-30,pubC,PUBModel,temporal,leo15_671,50,0,4,concurrent,idw,0.610245,,,,,,,671,5479,pubC_leo15_671_temporal_e50_s0
leo15_671,15 years 671 Leo,671,1980-10-01..1995-09-30,1995-10-01..2010-09-30,pubC,PUBModel,temporal,leo15_671,50,0,4,concurrent,ctx_mean,0.559254,,,,,,,671,5479,pubC_leo15_671_temporal_e50_s0
leo15_671,15 years 671 Leo,671,1980-10-01..1995-09-30,1995-10-01..2010-09-30,pubC,PUBModel,temporal,leo15_671,50,0,4,concurrent,nn_donor,0.509222,,,,,,,671,5479,pubC_leo15_671_temporal_e50_s0
leo15_671,15 years 671 Leo,671,1980-10-01..1995-09-30,1995-10-01..2010-09-30,pubC,PUBModel,temporal,leo15_671,50,0,8,concurrent,model,0.663461,0.660214,0.845686,0.006077,1.208495,-19.063443,18.191218,671,5479,pubC_leo15_671_temporal_e50_s0
leo15_671,15 years 671 Leo,671,1980-10-01..1995-09-30,1995-10-01..2010-09-30,pubC,PUBModel,temporal,leo15_671,50,0,8,concurrent,idw,0.621943,,,,,,,671,5479,pubC_leo15_671_temporal_e50_s0
leo15_671,15 years 671 Leo,671,1980-10-01..1995-09-30,1995-10-01..2010-09-30,pubC,PUBModel,temporal,leo15_671,50,0,8,concurrent,ctx_mean,0.51848,,,,,,,671,5479,pubC_leo15_671_temporal_e50_s0
leo15_671,15 years 671 Leo,671,1980-10-01..1995-09-30,1995-10-01..2010-09-30,pubC,PUBModel,temporal,leo15_671,50,0,8,concurrent,nn_donor,0.509222,,,,,,,671,5479,pubC_leo15_671_temporal_e50_s0
peijun_li,Peijun Li Ensemble,531,1980-10-01..1999-09-30,1995-10-01..1999-09-30,pubC,PUBModel,PUB,peijun_li,200,0,0,concurrent,model,0.524734,0.574408,0.763424,-0.03293,1.674214,-21.558963,28.775118,531,1461,pubC_peijun_li_PUB_e200_s0
peijun_li,Peijun Li Ensemble,531,1980-10-01..1999-09-30,1995-10-01..1999-09-30,pubC,PUBModel,PUB,peijun_li,200,0,1,concurrent,model,0.704022,0.683283,0.884886,-0.014335,1.297403,-10.333993,13.281217,531,1461,pubC_peijun_li_PUB_e200_s0
peijun_li,Peijun Li Ensemble,531,1980-10-01..1999-09-30,1995-10-01..1999-09-30,pubC,PUBModel,PUB,peijun_li,200,0,1,concurrent,idw,0.552786,,,,,,,531,1461,pubC_peijun_li_PUB_e200_s0
peijun_li,Peijun Li Ensemble,531,1980-10-01..1999-09-30,1995-10-01..1999-09-30,pubC,PUBModel,PUB,peijun_li,200,0,1,concurrent,ctx_mean,0.552786,,,,,,,531,1461,pubC_peijun_li_PUB_e200_s0
peijun_li,Peijun Li Ensemble,531,1980-10-01..1999-09-30,1995-10-01..1999-09-30,pubC,PUBModel,PUB,peijun_li,200,0,1,concurrent,nn_donor,0.552786,,,,,,,531,1461,pubC_peijun_li_PUB_e200_s0
peijun_li,Peijun Li Ensemble,531,1980-10-01..1999-09-30,1995-10-01..1999-09-30,pubC,PUBModel,PUB,peijun_li,200,0,2,concurrent,model,0.725132,0.697478,0.892753,-0.015532,1.239621,-10.85564,11.580045,531,1461,pubC_peijun_li_PUB_e200_s0
peijun_li,Peijun Li Ensemble,531,1980-10-01..1999-09-30,1995-10-01..1999-09-30,pubC,PUBModel,PUB,peijun_li,200,0,2,concurrent,idw,0.623367,,,,,,,531,1461,pubC_peijun_li_PUB_e200_s0
peijun_li,Peijun Li Ensemble,531,1980-10-01..1999-09-30,1995-10-01..1999-09-30,pubC,PUBModel,PUB,peijun_li,200,0,2,concurrent,ctx_mean,0.600009,,,,,,,531,1461,pubC_peijun_li_PUB_e200_s0
peijun_li,Peijun Li Ensemble,531,1980-10-01..1999-09-30,1995-10-01..1999-09-30,pubC,PUBModel,PUB,peijun_li,200,0,2,concurrent,nn_donor,0.552786,,,,,,,531,1461,pubC_peijun_li_PUB_e200_s0
peijun_li,Peijun Li Ensemble,531,1980-10-01..1999-09-30,1995-10-01..1999-09-30,pubC,PUBModel,PUB,peijun_li,200,0,4,concurrent,model,0.730971,0.699887,0.893945,-0.016798,1.203807,-9.29411,12.291926,531,1461,pubC_peijun_li_PUB_e200_s0
peijun_li,Peijun Li Ensemble,531,1980-10-01..1999-09-30,1995-10-01..1999-09-30,pubC,PUBModel,PUB,peijun_li,200,0,4,concurrent,idw,0.645427,,,,,,,531,1461,pubC_peijun_li_PUB_e200_s0
peijun_li,Peijun Li Ensemble,531,1980-10-01..1999-09-30,1995-10-01..1999-09-30,pubC,PUBModel,PUB,peijun_li,200,0,4,concurrent,ctx_mean,0.607733,,,,,,,531,1461,pubC_peijun_li_PUB_e200_s0
peijun_li,Peijun Li Ensemble,531,1980-10-01..1999-09-30,1995-10-01..1999-09-30,pubC,PUBModel,PUB,peijun_li,200,0,4,concurrent,nn_donor,0.552786,,,,,,,531,1461,pubC_peijun_li_PUB_e200_s0
peijun_li,Peijun Li Ensemble,531,1980-10-01..1999-09-30,1995-10-01..1999-09-30,pubC,PUBModel,PUB,peijun_li,200,0,8,concurrent,model,0.737538,0.70627,0.893613,-0.013205,1.20666,-9.697726,9.248758,531,1461,pubC_peijun_li_PUB_e200_s0
peijun_li,Peijun Li Ensemble,531,1980-10-01..1999-09-30,1995-10-01..1999-09-30,pubC,PUBModel,PUB,peijun_li,200,0,8,concurrent,idw,0.657828,,,,,,,531,1461,pubC_peijun_li_PUB_e200_s0
peijun_li,Peijun Li Ensemble,531,1980-10-01..1999-09-30,1995-10-01..1999-09-30,pubC,PUBModel,PUB,peijun_li,200,0,8,concurrent,ctx_mean,0.55495,,,,,,,531,1461,pubC_peijun_li_PUB_e200_s0
peijun_li,Peijun Li Ensemble,531,1980-10-01..1999-09-30,1995-10-01..1999-09-30,pubC,PUBModel,PUB,peijun_li,200,0,8,concurrent,nn_donor,0.552786,,,,,,,531,1461,pubC_peijun_li_PUB_e200_s0
peijun_li,Peijun Li Ensemble,531,1980-10-01..1999-09-30,1995-10-01..1999-09-30,pubC,PUBModel,PUB,peijun_li,200,1,0,concurrent,model,0.516476,0.568741,0.762311,-0.027896,1.686349,-24.775842,26.769127,531,1461,pubC_peijun_li_PUB_e200_s1
peijun_li,Peijun Li Ensemble,531,1980-10-01..1999-09-30,1995-10-01..1999-09-30,pubC,PUBModel,PUB,peijun_li,200,1,1,concurrent,model,0.710623,0.687798,0.886632,-0.020689,1.266799,-12.253322,18.933611,531,1461,pubC_peijun_li_PUB_e200_s1
peijun_li,Peijun Li Ensemble,531,1980-10-01..1999-09-30,1995-10-01..1999-09-30,pubC,PUBModel,PUB,peijun_li,200,1,1,concurrent,idw,0.552786,,,,,,,531,1461,pubC_peijun_li_PUB_e200_s1
peijun_li,Peijun Li Ensemble,531,1980-10-01..1999-09-30,1995-10-01..1999-09-30,pubC,PUBModel,PUB,peijun_li,200,1,1,concurrent,ctx_mean,0.552786,,,,,,,531,1461,pubC_peijun_li_PUB_e200_s1
peijun_li,Peijun Li Ensemble,531,1980-10-01..1999-09-30,1995-10-01..1999-09-30,pubC,PUBModel,PUB,peijun_li,200,1,1,concurrent,nn_donor,0.552786,,,,,,,531,1461,pubC_peijun_li_PUB_e200_s1
peijun_li,Peijun Li Ensemble,531,1980-10-01..1999-09-30,1995-10-01..1999-09-30,pubC,PUBModel,PUB,peijun_li,200,1,2,concurrent,model,0.727772,0.696083,0.89154,-0.019579,1.222271,-12.301712,14.164803,531,1461,pubC_peijun_li_PUB_e200_s1
peijun_li,Peijun Li Ensemble,531,1980-10-01..1999-09-30,1995-10-01..1999-09-30,pubC,PUBModel,PUB,peijun_li,200,1,2,concurrent,idw,0.623367,,,,,,,531,1461,pubC_peijun_li_PUB_e200_s1
peijun_li,Peijun Li Ensemble,531,1980-10-01..1999-09-30,1995-10-01..1999-09-30,pubC,PUBModel,PUB,peijun_li,200,1,2,concurrent,ctx_mean,0.600009,,,,,,,531,1461,pubC_peijun_li_PUB_e200_s1
peijun_li,Peijun Li Ensemble,531,1980-10-01..1999-09-30,1995-10-01..1999-09-30,pubC,PUBModel,PUB,peijun_li,200,1,2,concurrent,nn_donor,0.552786,,,,,,,531,1461,pubC_peijun_li_PUB_e200_s1
peijun_li,Peijun Li Ensemble,531,1980-10-01..1999-09-30,1995-10-01..1999-09-30,pubC,PUBModel,PUB,peijun_li,200,1,4,concurrent,model,0.73739,0.701676,0.892588,-0.018237,1.207457,-11.014702,9.721162,531,1461,pubC_peijun_li_PUB_e200_s1
peijun_li,Peijun Li Ensemble,531,1980-10-01..1999-09-30,1995-10-01..1999-09-30,pubC,PUBModel,PUB,peijun_li,200,1,4,concurrent,idw,0.645427,,,,,,,531,1461,pubC_peijun_li_PUB_e200_s1
peijun_li,Peijun Li Ensemble,531,1980-10-01..1999-09-30,1995-10-01..1999-09-30,pubC,PUBModel,PUB,peijun_li,200,1,4,concurrent,ctx_mean,0.607733,,,,,,,531,1461,pubC_peijun_li_PUB_e200_s1
peijun_li,Peijun Li Ensemble,531,1980-10-01..1999-09-30,1995-10-01..1999-09-30,pubC,PUBModel,PUB,peijun_li,200,1,4,concurrent,nn_donor,0.552786,,,,,,,531,1461,pubC_peijun_li_PUB_e200_s1
peijun_li,Peijun Li Ensemble,531,1980-10-01..1999-09-30,1995-10-01..1999-09-30,pubC,PUBModel,PUB,peijun_li,200,1,8,concurrent,model,0.737157,0.697075,0.894714,-0.019701,1.200516,-11.132859,8.582402,531,1461,pubC_peijun_li_PUB_e200_s1
peijun_li,Peijun Li Ensemble,531,1980-10-01..1999-09-30,1995-10-01..1999-09-30,pubC,PUBModel,PUB,peijun_li,200,1,8,concurrent,idw,0.657828,,,,,,,531,1461,pubC_peijun_li_PUB_e200_s1
peijun_li,Peijun Li Ensemble,531,1980-10-01..1999-09-30,1995-10-01..1999-09-30,pubC,PUBModel,PUB,peijun_li,200,1,8,concurrent,ctx_mean,0.55495,,,,,,,531,1461,pubC_peijun_li_PUB_e200_s1
peijun_li,Peijun Li Ensemble,531,1980-10-01..1999-09-30,1995-10-01..1999-09-30,pubC,PUBModel,PUB,peijun_li,200,1,8,concurrent,nn_donor,0.552786,,,,,,,531,1461,pubC_peijun_li_PUB_e200_s1
peijun_li,Peijun Li Ensemble,531,1980-10-01..1999-09-30,1995-10-01..1999-09-30,pubC,PUBModel,PUB,peijun_li,200,2,0,concurrent,model,0.524298,0.57168,0.765368,-0.037442,1.674484,-23.272214,28.083957,531,1461,pubC_peijun_li_PUB_e200_s2
peijun_li,Peijun Li Ensemble,531,1980-10-01..1999-09-30,1995-10-01..1999-09-30,pubC,PUBModel,PUB,peijun_li,200,2,1,concurrent,model,0.716347,0.690022,0.884594,-0.018339,1.27924,-10.948373,12.594744,531,1461,pubC_peijun_li_PUB_e200_s2
peijun_li,Peijun Li Ensemble,531,1980-10-01..1999-09-30,1995-10-01..1999-09-30,pubC,PUBModel,PUB,peijun_li,200,2,1,concurrent,idw,0.552786,,,,,,,531,1461,pubC_peijun_li_PUB_e200_s2
peijun_li,Peijun Li Ensemble,531,1980-10-01..1999-09-30,1995-10-01..1999-09-30,pubC,PUBModel,PUB,peijun_li,200,2,1,concurrent,ctx_mean,0.552786,,,,,,,531,1461,pubC_peijun_li_PUB_e200_s2
peijun_li,Peijun Li Ensemble,531,1980-10-01..1999-09-30,1995-10-01..1999-09-30,pubC,PUBModel,PUB,peijun_li,200,2,1,concurrent,nn_donor,0.552786,,,,,,,531,1461,pubC_peijun_li_PUB_e200_s2
peijun_li,Peijun Li Ensemble,531,1980-10-01..1999-09-30,1995-10-01..1999-09-30,pubC,PUBModel,PUB,peijun_li,200,2,2,concurrent,model,0.733338,0.694977,0.892284,-0.022638,1.224666,-10.960521,8.460553,531,1461,pubC_peijun_li_PUB_e200_s2
peijun_li,Peijun Li Ensemble,531,1980-10-01..1999-09-30,1995-10-01..1999-09-30,pubC,PUBModel,PUB,peijun_li,200,2,2,concurrent,idw,0.623367,,,,,,,531,1461,pubC_peijun_li_PUB_e200_s2
peijun_li,Peijun Li Ensemble,531,1980-10-01..1999-09-30,1995-10-01..1999-09-30,pubC,PUBModel,PUB,peijun_li,200,2,2,concurrent,ctx_mean,0.600009,,,,,,,531,1461,pubC_peijun_li_PUB_e200_s2
peijun_li,Peijun Li Ensemble,531,1980-10-01..1999-09-30,1995-10-01..1999-09-30,pubC,PUBModel,PUB,peijun_li,200,2,2,concurrent,nn_donor,0.552786,,,,,,,531,1461,pubC_peijun_li_PUB_e200_s2
peijun_li,Peijun Li Ensemble,531,1980-10-01..1999-09-30,1995-10-01..1999-09-30,pubC,PUBModel,PUB,peijun_li,200,2,4,concurrent,model,0.738294,0.70509,0.895374,-0.021737,1.216768,-9.943436,6.271138,531,1461,pubC_peijun_li_PUB_e200_s2
peijun_li,Peijun Li Ensemble,531,1980-10-01..1999-09-30,1995-10-01..1999-09-30,pubC,PUBModel,PUB,peijun_li,200,2,4,concurrent,idw,0.645427,,,,,,,531,1461,pubC_peijun_li_PUB_e200_s2
peijun_li,Peijun Li Ensemble,531,1980-10-01..1999-09-30,1995-10-01..1999-09-30,pubC,PUBModel,PUB,peijun_li,200,2,4,concurrent,ctx_mean,0.607733,,,,,,,531,1461,pubC_peijun_li_PUB_e200_s2
peijun_li,Peijun Li Ensemble,531,1980-10-01..1999-09-30,1995-10-01..1999-09-30,pubC,PUBModel,PUB,peijun_li,200,2,4,concurrent,nn_donor,0.552786,,,,,,,531,1461,pubC_peijun_li_PUB_e200_s2
peijun_li,Peijun Li Ensemble,531,1980-10-01..1999-09-30,1995-10-01..1999-09-30,pubC,PUBModel,PUB,peijun_li,200,2,8,concurrent,model,0.745502,0.706613,0.896723,-0.01675,1.217564,-10.129115,5.163263,531,1461,pubC_peijun_li_PUB_e200_s2
peijun_li,Peijun Li Ensemble,531,1980-10-01..1999-09-30,1995-10-01..1999-09-30,pubC,PUBModel,PUB,peijun_li,200,2,8,concurrent,idw,0.657828,,,,,,,531,1461,pubC_peijun_li_PUB_e200_s2
peijun_li,Peijun Li Ensemble,531,1980-10-01..1999-09-30,1995-10-01..1999-09-30,pubC,PUBModel,PUB,peijun_li,200,2,8,concurrent,ctx_mean,0.55495,,,,,,,531,1461,pubC_peijun_li_PUB_e200_s2
peijun_li,Peijun Li Ensemble,531,1980-10-01..1999-09-30,1995-10-01..1999-09-30,pubC,PUBModel,PUB,peijun_li,200,2,8,concurrent,nn_donor,0.552786,,,,,,,531,1461,pubC_peijun_li_PUB_e200_s2
peijun_li,Peijun Li Ensemble,531,1980-10-01..1999-09-30,1995-10-01..1999-09-30,pubC,PUBModel,PUB,peijun_li,50,0,0,concurrent,model,0.326309,0.343741,0.611152,-0.047084,2.015371,-49.998851,55.609441,531,1461,pubC_peijun_li_PUB_e50_s0
peijun_li,Peijun Li Ensemble,531,1980-10-01..1999-09-30,1995-10-01..1999-09-30,pubC,PUBModel,PUB,peijun_li,50,0,1,concurrent,model,0.656665,0.65532,0.862249,-0.014075,1.402633,-13.522294,19.695961,531,1461,pubC_peijun_li_PUB_e50_s0
peijun_li,Peijun Li Ensemble,531,1980-10-01..1999-09-30,1995-10-01..1999-09-30,pubC,PUBModel,PUB,peijun_li,50,0,1,concurrent,idw,0.552786,,,,,,,531,1461,pubC_peijun_li_PUB_e50_s0
peijun_li,Peijun Li Ensemble,531,1980-10-01..1999-09-30,1995-10-01..1999-09-30,pubC,PUBModel,PUB,peijun_li,50,0,1,concurrent,ctx_mean,0.552786,,,,,,,531,1461,pubC_peijun_li_PUB_e50_s0
peijun_li,Peijun Li Ensemble,531,1980-10-01..1999-09-30,1995-10-01..1999-09-30,pubC,PUBModel,PUB,peijun_li,50,0,1,concurrent,nn_donor,0.552786,,,,,,,531,1461,pubC_peijun_li_PUB_e50_s0
peijun_li,Peijun Li Ensemble,531,1980-10-01..1999-09-30,1995-10-01..1999-09-30,pubC,PUBModel,PUB,peijun_li,50,0,2,concurrent,model,0.682226,0.66569,0.871982,-0.023666,1.346597,-14.164732,17.819713,531,1461,pubC_peijun_li_PUB_e50_s0
peijun_li,Peijun Li Ensemble,531,1980-10-01..1999-09-30,1995-10-01..1999-09-30,pubC,PUBModel,PUB,peijun_li,50,0,2,concurrent,idw,0.623367,,,,,,,531,1461,pubC_peijun_li_PUB_e50_s0
peijun_li,Peijun Li Ensemble,531,1980-10-01..1999-09-30,1995-10-01..1999-09-30,pubC,PUBModel,PUB,peijun_li,50,0,2,concurrent,ctx_mean,0.600009,,,,,,,531,1461,pubC_peijun_li_PUB_e50_s0
peijun_li,Peijun Li Ensemble,531,1980-10-01..1999-09-30,1995-10-01..1999-09-30,pubC,PUBModel,PUB,peijun_li,50,0,2,concurrent,nn_donor,0.552786,,,,,,,531,1461,pubC_peijun_li_PUB_e50_s0
peijun_li,Peijun Li Ensemble,531,1980-10-01..1999-09-30,1995-10-01..1999-09-30,pubC,PUBModel,PUB,peijun_li,50,0,4,concurrent,model,0.691907,0.678105,0.873683,-0.011687,1.305898,-13.739186,15.679534,531,1461,pubC_peijun_li_PUB_e50_s0
peijun_li,Peijun Li Ensemble,531,1980-10-01..1999-09-30,1995-10-01..1999-09-30,pubC,PUBModel,PUB,peijun_li,50,0,4,concurrent,idw,0.645427,,,,,,,531,1461,pubC_peijun_li_PUB_e50_s0
peijun_li,Peijun Li Ensemble,531,1980-10-01..1999-09-30,1995-10-01..1999-09-30,pubC,PUBModel,PUB,peijun_li,50,0,4,concurrent,ctx_mean,0.607733,,,,,,,531,1461,pubC_peijun_li_PUB_e50_s0
peijun_li,Peijun Li Ensemble,531,1980-10-01..1999-09-30,1995-10-01..1999-09-30,pubC,PUBModel,PUB,peijun_li,50,0,4,concurrent,nn_donor,0.552786,,,,,,,531,1461,pubC_peijun_li_PUB_e50_s0
peijun_li,Peijun Li Ensemble,531,1980-10-01..1999-09-30,1995-10-01..1999-09-30,pubC,PUBModel,PUB,peijun_li,50,0,8,concurrent,model,0.690658,0.681957,0.872449,-0.008902,1.324193,-14.064975,12.322271,531,1461,pubC_peijun_li_PUB_e50_s0
peijun_li,Peijun Li Ensemble,531,1980-10-01..1999-09-30,1995-10-01..1999-09-30,pubC,PUBModel,PUB,peijun_li,50,0,8,concurrent,idw,0.657828,,,,,,,531,1461,pubC_peijun_li_PUB_e50_s0
peijun_li,Peijun Li Ensemble,531,1980-10-01..1999-09-30,1995-10-01..1999-09-30,pubC,PUBModel,PUB,peijun_li,50,0,8,concurrent,ctx_mean,0.55495,,,,,,,531,1461,pubC_peijun_li_PUB_e50_s0
peijun_li,Peijun Li Ensemble,531,1980-10-01..1999-09-30,1995-10-01..1999-09-30,pubC,PUBModel,PUB,peijun_li,50,0,8,concurrent,nn_donor,0.552786,,,,,,,531,1461,pubC_peijun_li_PUB_e50_s0
peijun_li,Peijun Li Ensemble,531,1980-10-01..1999-09-30,1995-10-01..1999-09-30,pubC,PUBModel,PUR,peijun_li,200,0,0,concurrent,model,0.413493,0.462589,0.719374,-0.074376,1.905233,-32.195626,22.094919,531,1461,pubC_peijun_li_PUR_e200_s0
peijun_li,Peijun Li Ensemble,531,1980-10-01..1999-09-30,1995-10-01..1999-09-30,pubC,PUBModel,PUR,peijun_li,200,0,1,concurrent,model,0.660168,0.634378,0.870391,-0.040405,1.369361,-12.696204,1.018959,531,1461,pubC_peijun_li_PUR_e200_s0
peijun_li,Peijun Li Ensemble,531,1980-10-01..1999-09-30,1995-10-01..1999-09-30,pubC,PUBModel,PUR,peijun_li,200,0,1,concurrent,idw,0.552786,,,,,,,531,1461,pubC_peijun_li_PUR_e200_s0
peijun_li,Peijun Li Ensemble,531,1980-10-01..1999-09-30,1995-10-01..1999-09-30,pubC,PUBModel,PUR,peijun_li,200,0,1,concurrent,ctx_mean,0.552786,,,,,,,531,1461,pubC_peijun_li_PUR_e200_s0
peijun_li,Peijun Li Ensemble,531,1980-10-01..1999-09-30,1995-10-01..1999-09-30,pubC,PUBModel,PUR,peijun_li,200,0,1,concurrent,nn_donor,0.552786,,,,,,,531,1461,pubC_peijun_li_PUR_e200_s0
peijun_li,Peijun Li Ensemble,531,1980-10-01..1999-09-30,1995-10-01..1999-09-30,pubC,PUBModel,PUR,peijun_li,200,0,2,concurrent,model,0.680632,0.637318,0.878099,-0.051024,1.342357,-13.73918,1.759922,531,1461,pubC_peijun_li_PUR_e200_s0
peijun_li,Peijun Li Ensemble,531,1980-10-01..1999-09-30,1995-10-01..1999-09-30,pubC,PUBModel,PUR,peijun_li,200,0,2,concurrent,idw,0.623367,,,,,,,531,1461,pubC_peijun_li_PUR_e200_s0
peijun_li,Peijun Li Ensemble,531,1980-10-01..1999-09-30,1995-10-01..1999-09-30,pubC,PUBModel,PUR,peijun_li,200,0,2,concurrent,ctx_mean,0.600009,,,,,,,531,1461,pubC_peijun_li_PUR_e200_s0
peijun_li,Peijun Li Ensemble,531,1980-10-01..1999-09-30,1995-10-01..1999-09-30,pubC,PUBModel,PUR,peijun_li,200,0,2,concurrent,nn_donor,0.552786,,,,,,,531,1461,pubC_peijun_li_PUR_e200_s0
peijun_li,Peijun Li Ensemble,531,1980-10-01..1999-09-30,1995-10-01..1999-09-30,pubC,PUBModel,PUR,peijun_li,200,0,4,concurrent,model,0.684053,0.646258,0.880911,-0.046886,1.290094,-12.821429,-0.283161,531,1461,pubC_peijun_li_PUR_e200_s0
peijun_li,Peijun Li Ensemble,531,1980-10-01..1999-09-30,1995-10-01..1999-09-30,pubC,PUBModel,PUR,peijun_li,200,0,4,concurrent,idw,0.645427,,,,,,,531,1461,pubC_peijun_li_PUR_e200_s0
peijun_li,Peijun Li Ensemble,531,1980-10-01..1999-09-30,1995-10-01..1999-09-30,pubC,PUBModel,PUR,peijun_li,200,0,4,concurrent,ctx_mean,0.607733,,,,,,,531,1461,pubC_peijun_li_PUR_e200_s0
peijun_li,Peijun Li Ensemble,531,1980-10-01..1999-09-30,1995-10-01..1999-09-30,pubC,PUBModel,PUR,peijun_li,200,0,4,concurrent,nn_donor,0.552786,,,,,,,531,1461,pubC_peijun_li_PUR_e200_s0
peijun_li,Peijun Li Ensemble,531,1980-10-01..1999-09-30,1995-10-01..1999-09-30,pubC,PUBModel,PUR,peijun_li,200,0,8,concurrent,model,0.677823,0.646291,0.880189,-0.050917,1.309253,-13.003308,1.307213,531,1461,pubC_peijun_li_PUR_e200_s0
peijun_li,Peijun Li Ensemble,531,1980-10-01..1999-09-30,1995-10-01..1999-09-30,pubC,PUBModel,PUR,peijun_li,200,0,8,concurrent,idw,0.657828,,,,,,,531,1461,pubC_peijun_li_PUR_e200_s0
peijun_li,Peijun Li Ensemble,531,1980-10-01..1999-09-30,1995-10-01..1999-09-30,pubC,PUBModel,PUR,peijun_li,200,0,8,concurrent,ctx_mean,0.55495,,,,,,,531,1461,pubC_peijun_li_PUR_e200_s0
peijun_li,Peijun Li Ensemble,531,1980-10-01..1999-09-30,1995-10-01..1999-09-30,pubC,PUBModel,PUR,peijun_li,200,0,8,concurrent,nn_donor,0.552786,,,,,,,531,1461,pubC_peijun_li_PUR_e200_s0
peijun_li,Peijun Li Ensemble,531,1980-10-01..1999-09-30,1995-10-01..1999-09-30,pubC,PUBModel,PUR,peijun_li,200,1,0,concurrent,model,0.413353,0.47319,0.711036,-0.042387,1.898179,-30.476396,31.662688,531,1461,pubC_peijun_li_PUR_e200_s1
peijun_li,Peijun Li Ensemble,531,1980-10-01..1999-09-30,1995-10-01..1999-09-30,pubC,PUBModel,PUR,peijun_li,200,1,1,concurrent,model,0.66324,0.631054,0.870253,-0.026849,1.36811,-12.802114,17.004509,531,1461,pubC_peijun_li_PUR_e200_s1
peijun_li,Peijun Li Ensemble,531,1980-10-01..1999-09-30,1995-10-01..1999-09-30,pubC,PUBModel,PUR,peijun_li,200,1,1,concurrent,idw,0.552786,,,,,,,531,1461,pubC_peijun_li_PUR_e200_s1
peijun_li,Peijun Li Ensemble,531,1980-10-01..1999-09-30,1995-10-01..1999-09-30,pubC,PUBModel,PUR,peijun_li,200,1,1,concurrent,ctx_mean,0.552786,,,,,,,531,1461,pubC_peijun_li_PUR_e200_s1
peijun_li,Peijun Li Ensemble,531,1980-10-01..1999-09-30,1995-10-01..1999-09-30,pubC,PUBModel,PUR,peijun_li,200,1,1,concurrent,nn_donor,0.552786,,,,,,,531,1461,pubC_peijun_li_PUR_e200_s1
peijun_li,Peijun Li Ensemble,531,1980-10-01..1999-09-30,1995-10-01..1999-09-30,pubC,PUBModel,PUR,peijun_li,200,1,2,concurrent,model,0.688725,0.647038,0.879038,-0.035103,1.327789,-12.457189,17.007473,531,1461,pubC_peijun_li_PUR_e200_s1
peijun_li,Peijun Li Ensemble,531,1980-10-01..1999-09-30,1995-10-01..1999-09-30,pubC,PUBModel,PUR,peijun_li,200,1,2,concurrent,idw,0.623367,,,,,,,531,1461,pubC_peijun_li_PUR_e200_s1
peijun_li,Peijun Li Ensemble,531,1980-10-01..1999-09-30,1995-10-01..1999-09-30,pubC,PUBModel,PUR,peijun_li,200,1,2,concurrent,ctx_mean,0.600009,,,,,,,531,1461,pubC_peijun_li_PUR_e200_s1
peijun_li,Peijun Li Ensemble,531,1980-10-01..1999-09-30,1995-10-01..1999-09-30,pubC,PUBModel,PUR,peijun_li,200,1,2,concurrent,nn_donor,0.552786,,,,,,,531,1461,pubC_peijun_li_PUR_e200_s1
peijun_li,Peijun Li Ensemble,531,1980-10-01..1999-09-30,1995-10-01..1999-09-30,pubC,PUBModel,PUR,peijun_li,200,1,4,concurrent,model,0.704773,0.650604,0.880855,-0.035839,1.310688,-11.96949,13.817309,531,1461,pubC_peijun_li_PUR_e200_s1
peijun_li,Peijun Li Ensemble,531,1980-10-01..1999-09-30,1995-10-01..1999-09-30,pubC,PUBModel,PUR,peijun_li,200,1,4,concurrent,idw,0.645427,,,,,,,531,1461,pubC_peijun_li_PUR_e200_s1
peijun_li,Peijun Li Ensemble,531,1980-10-01..1999-09-30,1995-10-01..1999-09-30,pubC,PUBModel,PUR,peijun_li,200,1,4,concurrent,ctx_mean,0.607733,,,,,,,531,1461,pubC_peijun_li_PUR_e200_s1
peijun_li,Peijun Li Ensemble,531,1980-10-01..1999-09-30,1995-10-01..1999-09-30,pubC,PUBModel,PUR,peijun_li,200,1,4,concurrent,nn_donor,0.552786,,,,,,,531,1461,pubC_peijun_li_PUR_e200_s1
peijun_li,Peijun Li Ensemble,531,1980-10-01..1999-09-30,1995-10-01..1999-09-30,pubC,PUBModel,PUR,peijun_li,200,1,8,concurrent,model,0.700727,0.650886,0.88272,-0.034437,1.31993,-12.55465,13.909568,531,1461,pubC_peijun_li_PUR_e200_s1
peijun_li,Peijun Li Ensemble,531,1980-10-01..1999-09-30,1995-10-01..1999-09-30,pubC,PUBModel,PUR,peijun_li,200,1,8,concurrent,idw,0.657828,,,,,,,531,1461,pubC_peijun_li_PUR_e200_s1
peijun_li,Peijun Li Ensemble,531,1980-10-01..1999-09-30,1995-10-01..1999-09-30,pubC,PUBModel,PUR,peijun_li,200,1,8,concurrent,ctx_mean,0.55495,,,,,,,531,1461,pubC_peijun_li_PUR_e200_s1
peijun_li,Peijun Li Ensemble,531,1980-10-01..1999-09-30,1995-10-01..1999-09-30,pubC,PUBModel,PUR,peijun_li,200,1,8,concurrent,nn_donor,0.552786,,,,,,,531,1461,pubC_peijun_li_PUR_e200_s1
peijun_li,Peijun Li Ensemble,531,1980-10-01..1999-09-30,1995-10-01..1999-09-30,pubC,PUBModel,PUR,peijun_li,200,2,0,concurrent,model,0.423716,0.47686,0.712156,-0.057813,1.866673,-29.813007,27.20033,531,1461,pubC_peijun_li_PUR_e200_s2
peijun_li,Peijun Li Ensemble,531,1980-10-01..1999-09-30,1995-10-01..1999-09-30,pubC,PUBModel,PUR,peijun_li,200,2,1,concurrent,model,0.661198,0.650615,0.869471,-0.009489,1.40276,-12.165897,10.89987,531,1461,pubC_peijun_li_PUR_e200_s2
peijun_li,Peijun Li Ensemble,531,1980-10-01..1999-09-30,1995-10-01..1999-09-30,pubC,PUBModel,PUR,peijun_li,200,2,1,concurrent,idw,0.552786,,,,,,,531,1461,pubC_peijun_li_PUR_e200_s2
peijun_li,Peijun Li Ensemble,531,1980-10-01..1999-09-30,1995-10-01..1999-09-30,pubC,PUBModel,PUR,peijun_li,200,2,1,concurrent,ctx_mean,0.552786,,,,,,,531,1461,pubC_peijun_li_PUR_e200_s2
peijun_li,Peijun Li Ensemble,531,1980-10-01..1999-09-30,1995-10-01..1999-09-30,pubC,PUBModel,PUR,peijun_li,200,2,1,concurrent,nn_donor,0.552786,,,,,,,531,1461,pubC_peijun_li_PUR_e200_s2
peijun_li,Peijun Li Ensemble,531,1980-10-01..1999-09-30,1995-10-01..1999-09-30,pubC,PUBModel,PUR,peijun_li,200,2,2,concurrent,model,0.691466,0.652488,0.876504,-0.019026,1.332975,-11.095363,9.725034,531,1461,pubC_peijun_li_PUR_e200_s2
peijun_li,Peijun Li Ensemble,531,1980-10-01..1999-09-30,1995-10-01..1999-09-30,pubC,PUBModel,PUR,peijun_li,200,2,2,concurrent,idw,0.623367,,,,,,,531,1461,pubC_peijun_li_PUR_e200_s2
peijun_li,Peijun Li Ensemble,531,1980-10-01..1999-09-30,1995-10-01..1999-09-30,pubC,PUBModel,PUR,peijun_li,200,2,2,concurrent,ctx_mean,0.600009,,,,,,,531,1461,pubC_peijun_li_PUR_e200_s2
peijun_li,Peijun Li Ensemble,531,1980-10-01..1999-09-30,1995-10-01..1999-09-30,pubC,PUBModel,PUR,peijun_li,200,2,2,concurrent,nn_donor,0.552786,,,,,,,531,1461,pubC_peijun_li_PUR_e200_s2
peijun_li,Peijun Li Ensemble,531,1980-10-01..1999-09-30,1995-10-01..1999-09-30,pubC,PUBModel,PUR,peijun_li,200,2,4,concurrent,model,0.701937,0.65622,0.878972,-0.016107,1.303255,-12.285356,9.284824,531,1461,pubC_peijun_li_PUR_e200_s2
peijun_li,Peijun Li Ensemble,531,1980-10-01..1999-09-30,1995-10-01..1999-09-30,pubC,PUBModel,PUR,peijun_li,200,2,4,concurrent,idw,0.645427,,,,,,,531,1461,pubC_peijun_li_PUR_e200_s2
peijun_li,Peijun Li Ensemble,531,1980-10-01..1999-09-30,1995-10-01..1999-09-30,pubC,PUBModel,PUR,peijun_li,200,2,4,concurrent,ctx_mean,0.607733,,,,,,,531,1461,pubC_peijun_li_PUR_e200_s2
peijun_li,Peijun Li Ensemble,531,1980-10-01..1999-09-30,1995-10-01..1999-09-30,pubC,PUBModel,PUR,peijun_li,200,2,4,concurrent,nn_donor,0.552786,,,,,,,531,1461,pubC_peijun_li_PUR_e200_s2
peijun_li,Peijun Li Ensemble,531,1980-10-01..1999-09-30,1995-10-01..1999-09-30,pubC,PUBModel,PUR,peijun_li,200,2,8,concurrent,model,0.70265,0.650736,0.88038,-0.020041,1.300843,-12.486748,8.491112,531,1461,pubC_peijun_li_PUR_e200_s2
peijun_li,Peijun Li Ensemble,531,1980-10-01..1999-09-30,1995-10-01..1999-09-30,pubC,PUBModel,PUR,peijun_li,200,2,8,concurrent,idw,0.657828,,,,,,,531,1461,pubC_peijun_li_PUR_e200_s2
peijun_li,Peijun Li Ensemble,531,1980-10-01..1999-09-30,1995-10-01..1999-09-30,pubC,PUBModel,PUR,peijun_li,200,2,8,concurrent,ctx_mean,0.55495,,,,,,,531,1461,pubC_peijun_li_PUR_e200_s2
peijun_li,Peijun Li Ensemble,531,1980-10-01..1999-09-30,1995-10-01..1999-09-30,pubC,PUBModel,PUR,peijun_li,200,2,8,concurrent,nn_donor,0.552786,,,,,,,531,1461,pubC_peijun_li_PUR_e200_s2
peijun_li,Peijun Li Ensemble,531,1980-10-01..1999-09-30,1995-10-01..1999-09-30,pubC,PUBModel,PUR,peijun_li,50,0,0,concurrent,model,0.236593,0.245849,0.555199,-0.046369,2.122309,-55.378084,68.25288,531,1461,pubC_peijun_li_PUR_e50_s0
peijun_li,Peijun Li Ensemble,531,1980-10-01..1999-09-30,1995-10-01..1999-09-30,pubC,PUBModel,PUR,peijun_li,50,0,1,concurrent,model,0.606015,0.605833,0.850551,-0.012687,1.461417,-15.459082,29.598751,531,1461,pubC_peijun_li_PUR_e50_s0
peijun_li,Peijun Li Ensemble,531,1980-10-01..1999-09-30,1995-10-01..1999-09-30,pubC,PUBModel,PUR,peijun_li,50,0,1,concurrent,idw,0.552786,,,,,,,531,1461,pubC_peijun_li_PUR_e50_s0
peijun_li,Peijun Li Ensemble,531,1980-10-01..1999-09-30,1995-10-01..1999-09-30,pubC,PUBModel,PUR,peijun_li,50,0,1,concurrent,ctx_mean,0.552786,,,,,,,531,1461,pubC_peijun_li_PUR_e50_s0
peijun_li,Peijun Li Ensemble,531,1980-10-01..1999-09-30,1995-10-01..1999-09-30,pubC,PUBModel,PUR,peijun_li,50,0,1,concurrent,nn_donor,0.552786,,,,,,,531,1461,pubC_peijun_li_PUR_e50_s0
peijun_li,Peijun Li Ensemble,531,1980-10-01..1999-09-30,1995-10-01..1999-09-30,pubC,PUBModel,PUR,peijun_li,50,0,2,concurrent,model,0.622979,0.618492,0.861645,-0.015074,1.39861,-16.926861,32.252585,531,1461,pubC_peijun_li_PUR_e50_s0
peijun_li,Peijun Li Ensemble,531,1980-10-01..1999-09-30,1995-10-01..1999-09-30,pubC,PUBModel,PUR,peijun_li,50,0,2,concurrent,idw,0.623367,,,,,,,531,1461,pubC_peijun_li_PUR_e50_s0
peijun_li,Peijun Li Ensemble,531,1980-10-01..1999-09-30,1995-10-01..1999-09-30,pubC,PUBModel,PUR,peijun_li,50,0,2,concurrent,ctx_mean,0.600009,,,,,,,531,1461,pubC_peijun_li_PUR_e50_s0
peijun_li,Peijun Li Ensemble,531,1980-10-01..1999-09-30,1995-10-01..1999-09-30,pubC,PUBModel,PUR,peijun_li,50,0,2,concurrent,nn_donor,0.552786,,,,,,,531,1461,pubC_peijun_li_PUR_e50_s0
peijun_li,Peijun Li Ensemble,531,1980-10-01..1999-09-30,1995-10-01..1999-09-30,pubC,PUBModel,PUR,peijun_li,50,0,4,concurrent,model,0.631728,0.623033,0.862567,-0.015934,1.367444,-16.543361,31.606084,531,1461,pubC_peijun_li_PUR_e50_s0
peijun_li,Peijun Li Ensemble,531,1980-10-01..1999-09-30,1995-10-01..1999-09-30,pubC,PUBModel,PUR,peijun_li,50,0,4,concurrent,idw,0.645427,,,,,,,531,1461,pubC_peijun_li_PUR_e50_s0
peijun_li,Peijun Li Ensemble,531,1980-10-01..1999-09-30,1995-10-01..1999-09-30,pubC,PUBModel,PUR,peijun_li,50,0,4,concurrent,ctx_mean,0.607733,,,,,,,531,1461,pubC_peijun_li_PUR_e50_s0
peijun_li,Peijun Li Ensemble,531,1980-10-01..1999-09-30,1995-10-01..1999-09-30,pubC,PUBModel,PUR,peijun_li,50,0,4,concurrent,nn_donor,0.552786,,,,,,,531,1461,pubC_peijun_li_PUR_e50_s0
peijun_li,Peijun Li Ensemble,531,1980-10-01..1999-09-30,1995-10-01..1999-09-30,pubC,PUBModel,PUR,peijun_li,50,0,8,concurrent,model,0.643498,0.616651,0.858925,-0.018124,1.375999,-17.259932,22.86717,531,1461,pubC_peijun_li_PUR_e50_s0
peijun_li,Peijun Li Ensemble,531,1980-10-01..1999-09-30,1995-10-01..1999-09-30,pubC,PUBModel,PUR,peijun_li,50,0,8,concurrent,idw,0.657828,,,,,,,531,1461,pubC_peijun_li_PUR_e50_s0
peijun_li,Peijun Li Ensemble,531,1980-10-01..1999-09-30,1995-10-01..1999-09-30,pubC,PUBModel,PUR,peijun_li,50,0,8,concurrent,ctx_mean,0.55495,,,,,,,531,1461,pubC_peijun_li_PUR_e50_s0
peijun_li,Peijun Li Ensemble,531,1980-10-01..1999-09-30,1995-10-01..1999-09-30,pubC,PUBModel,PUR,peijun_li,50,0,8,concurrent,nn_donor,0.552786,,,,,,,531,1461,pubC_peijun_li_PUR_e50_s0
feng2023,Dapeng Feng 2023,531,1989-10-01..1999-09-30,1989-10-01..1999-09-30,pubCcausal,PUBModel,PUB,feng2023,200,0,0,concurrent,model,0.684873,0.691855,0.863522,-0.009944,1.379107,-9.041081,0.66448,531,3652,pubCcausal_feng2023_PUB_e200_s0
feng2023,Dapeng Feng 2023,531,1989-10-01..1999-09-30,1989-10-01..1999-09-30,pubCcausal,PUBModel,PUB,feng2023,200,0,1,concurrent,model,0.73272,0.708223,0.891598,-0.00759,1.281902,-6.339747,-4.278813,531,3652,pubCcausal_feng2023_PUB_e200_s0
feng2023,Dapeng Feng 2023,531,1989-10-01..1999-09-30,1989-10-01..1999-09-30,pubCcausal,PUBModel,PUB,feng2023,200,0,1,concurrent,idw,0.539792,,,,,,,531,3652,pubCcausal_feng2023_PUB_e200_s0
feng2023,Dapeng Feng 2023,531,1989-10-01..1999-09-30,1989-10-01..1999-09-30,pubCcausal,PUBModel,PUB,feng2023,200,0,1,concurrent,ctx_mean,0.539792,,,,,,,531,3652,pubCcausal_feng2023_PUB_e200_s0
feng2023,Dapeng Feng 2023,531,1989-10-01..1999-09-30,1989-10-01..1999-09-30,pubCcausal,PUBModel,PUB,feng2023,200,0,1,concurrent,nn_donor,0.539792,,,,,,,531,3652,pubCcausal_feng2023_PUB_e200_s0
feng2023,Dapeng Feng 2023,531,1989-10-01..1999-09-30,1989-10-01..1999-09-30,pubCcausal,PUBModel,PUB,feng2023,200,0,2,concurrent,model,0.738142,0.719074,0.894372,-0.008998,1.260979,-7.690021,-4.079871,531,3652,pubCcausal_feng2023_PUB_e200_s0
feng2023,Dapeng Feng 2023,531,1989-10-01..1999-09-30,1989-10-01..1999-09-30,pubCcausal,PUBModel,PUB,feng2023,200,0,2,concurrent,idw,0.601359,,,,,,,531,3652,pubCcausal_feng2023_PUB_e200_s0
feng2023,Dapeng Feng 2023,531,1989-10-01..1999-09-30,1989-10-01..1999-09-30,pubCcausal,PUBModel,PUB,feng2023,200,0,2,concurrent,ctx_mean,0.576018,,,,,,,531,3652,pubCcausal_feng2023_PUB_e200_s0
feng2023,Dapeng Feng 2023,531,1989-10-01..1999-09-30,1989-10-01..1999-09-30,pubCcausal,PUBModel,PUB,feng2023,200,0,2,concurrent,nn_donor,0.539792,,,,,,,531,3652,pubCcausal_feng2023_PUB_e200_s0
feng2023,Dapeng Feng 2023,531,1989-10-01..1999-09-30,1989-10-01..1999-09-30,pubCcausal,PUBModel,PUB,feng2023,200,0,4,concurrent,model,0.747626,0.718037,0.896866,-0.00788,1.254369,-7.536351,-4.042798,531,3652,pubCcausal_feng2023_PUB_e200_s0
feng2023,Dapeng Feng 2023,531,1989-10-01..1999-09-30,1989-10-01..1999-09-30,pubCcausal,PUBModel,PUB,feng2023,200,0,4,concurrent,idw,0.627394,,,,,,,531,3652,pubCcausal_feng2023_PUB_e200_s0
feng2023,Dapeng Feng 2023,531,1989-10-01..1999-09-30,1989-10-01..1999-09-30,pubCcausal,PUBModel,PUB,feng2023,200,0,4,concurrent,ctx_mean,0.579662,,,,,,,531,3652,pubCcausal_feng2023_PUB_e200_s0
feng2023,Dapeng Feng 2023,531,1989-10-01..1999-09-30,1989-10-01..1999-09-30,pubCcausal,PUBModel,PUB,feng2023,200,0,4,concurrent,nn_donor,0.539792,,,,,,,531,3652,pubCcausal_feng2023_PUB_e200_s0
feng2023,Dapeng Feng 2023,531,1989-10-01..1999-09-30,1989-10-01..1999-09-30,pubCcausal,PUBModel,PUB,feng2023,200,0,8,concurrent,model,0.746081,0.719284,0.897218,-0.005509,1.247219,-7.736899,-3.902615,531,3652,pubCcausal_feng2023_PUB_e200_s0
feng2023,Dapeng Feng 2023,531,1989-10-01..1999-09-30,1989-10-01..1999-09-30,pubCcausal,PUBModel,PUB,feng2023,200,0,8,concurrent,idw,0.629379,,,,,,,531,3652,pubCcausal_feng2023_PUB_e200_s0
feng2023,Dapeng Feng 2023,531,1989-10-01..1999-09-30,1989-10-01..1999-09-30,pubCcausal,PUBModel,PUB,feng2023,200,0,8,concurrent,ctx_mean,0.546594,,,,,,,531,3652,pubCcausal_feng2023_PUB_e200_s0
feng2023,Dapeng Feng 2023,531,1989-10-01..1999-09-30,1989-10-01..1999-09-30,pubCcausal,PUBModel,PUB,feng2023,200,0,8,concurrent,nn_donor,0.539792,,,,,,,531,3652,pubCcausal_feng2023_PUB_e200_s0
feng2023,Dapeng Feng 2023,531,1989-10-01..1999-09-30,1989-10-01..1999-09-30,pubCcausal,PUBModel,PUB,feng2023,200,1,0,concurrent,model,0.682804,0.698483,0.866878,-0.003516,1.394633,-7.224895,-2.328696,531,3652,pubCcausal_feng2023_PUB_e200_s1
feng2023,Dapeng Feng 2023,531,1989-10-01..1999-09-30,1989-10-01..1999-09-30,pubCcausal,PUBModel,PUB,feng2023,200,1,1,concurrent,model,0.731012,0.720665,0.888507,0.00121,1.287032,-6.00017,-4.574661,531,3652,pubCcausal_feng2023_PUB_e200_s1
feng2023,Dapeng Feng 2023,531,1989-10-01..1999-09-30,1989-10-01..1999-09-30,pubCcausal,PUBModel,PUB,feng2023,200,1,1,concurrent,idw,0.539792,,,,,,,531,3652,pubCcausal_feng2023_PUB_e200_s1
feng2023,Dapeng Feng 2023,531,1989-10-01..1999-09-30,1989-10-01..1999-09-30,pubCcausal,PUBModel,PUB,feng2023,200,1,1,concurrent,ctx_mean,0.539792,,,,,,,531,3652,pubCcausal_feng2023_PUB_e200_s1
feng2023,Dapeng Feng 2023,531,1989-10-01..1999-09-30,1989-10-01..1999-09-30,pubCcausal,PUBModel,PUB,feng2023,200,1,1,concurrent,nn_donor,0.539792,,,,,,,531,3652,pubCcausal_feng2023_PUB_e200_s1
feng2023,Dapeng Feng 2023,531,1989-10-01..1999-09-30,1989-10-01..1999-09-30,pubCcausal,PUBModel,PUB,feng2023,200,1,2,concurrent,model,0.74449,0.731218,0.894012,0.001301,1.250976,-6.551563,-3.910333,531,3652,pubCcausal_feng2023_PUB_e200_s1
feng2023,Dapeng Feng 2023,531,1989-10-01..1999-09-30,1989-10-01..1999-09-30,pubCcausal,PUBModel,PUB,feng2023,200,1,2,concurrent,idw,0.601359,,,,,,,531,3652,pubCcausal_feng2023_PUB_e200_s1
feng2023,Dapeng Feng 2023,531,1989-10-01..1999-09-30,1989-10-01..1999-09-30,pubCcausal,PUBModel,PUB,feng2023,200,1,2,concurrent,ctx_mean,0.576018,,,,,,,531,3652,pubCcausal_feng2023_PUB_e200_s1
feng2023,Dapeng Feng 2023,531,1989-10-01..1999-09-30,1989-10-01..1999-09-30,pubCcausal,PUBModel,PUB,feng2023,200,1,2,concurrent,nn_donor,0.539792,,,,,,,531,3652,pubCcausal_feng2023_PUB_e200_s1
feng2023,Dapeng Feng 2023,531,1989-10-01..1999-09-30,1989-10-01..1999-09-30,pubCcausal,PUBModel,PUB,feng2023,200,1,4,concurrent,model,0.747247,0.7318,0.895118,-0.009771,1.224584,-6.780708,-3.267019,531,3652,pubCcausal_feng2023_PUB_e200_s1
feng2023,Dapeng Feng 2023,531,1989-10-01..1999-09-30,1989-10-01..1999-09-30,pubCcausal,PUBModel,PUB,feng2023,200,1,4,concurrent,idw,0.627394,,,,,,,531,3652,pubCcausal_feng2023_PUB_e200_s1
feng2023,Dapeng Feng 2023,531,1989-10-01..1999-09-30,1989-10-01..1999-09-30,pubCcausal,PUBModel,PUB,feng2023,200,1,4,concurrent,ctx_mean,0.579662,,,,,,,531,3652,pubCcausal_feng2023_PUB_e200_s1
feng2023,Dapeng Feng 2023,531,1989-10-01..1999-09-30,1989-10-01..1999-09-30,pubCcausal,PUBModel,PUB,feng2023,200,1,4,concurrent,nn_donor,0.539792,,,,,,,531,3652,pubCcausal_feng2023_PUB_e200_s1
feng2023,Dapeng Feng 2023,531,1989-10-01..1999-09-30,1989-10-01..1999-09-30,pubCcausal,PUBModel,PUB,feng2023,200,1,8,concurrent,model,0.747771,0.730599,0.896599,-0.006362,1.214397,-7.008453,-2.798078,531,3652,pubCcausal_feng2023_PUB_e200_s1
feng2023,Dapeng Feng 2023,531,1989-10-01..1999-09-30,1989-10-01..1999-09-30,pubCcausal,PUBModel,PUB,feng2023,200,1,8,concurrent,idw,0.629379,,,,,,,531,3652,pubCcausal_feng2023_PUB_e200_s1
feng2023,Dapeng Feng 2023,531,1989-10-01..1999-09-30,1989-10-01..1999-09-30,pubCcausal,PUBModel,PUB,feng2023,200,1,8,concurrent,ctx_mean,0.546594,,,,,,,531,3652,pubCcausal_feng2023_PUB_e200_s1
feng2023,Dapeng Feng 2023,531,1989-10-01..1999-09-30,1989-10-01..1999-09-30,pubCcausal,PUBModel,PUB,feng2023,200,1,8,concurrent,nn_donor,0.539792,,,,,,,531,3652,pubCcausal_feng2023_PUB_e200_s1
feng2023,Dapeng Feng 2023,531,1989-10-01..1999-09-30,1989-10-01..1999-09-30,pubCcausal,PUBModel,PUB,feng2023,200,2,0,concurrent,model,0.680887,0.697775,0.864993,-0.005328,1.383752,-7.074398,0.049506,531,3652,pubCcausal_feng2023_PUB_e200_s2
feng2023,Dapeng Feng 2023,531,1989-10-01..1999-09-30,1989-10-01..1999-09-30,pubCcausal,PUBModel,PUB,feng2023,200,2,1,concurrent,model,0.733083,0.723842,0.890184,-0.003425,1.276175,-5.523824,-5.247747,531,3652,pubCcausal_feng2023_PUB_e200_s2
feng2023,Dapeng Feng 2023,531,1989-10-01..1999-09-30,1989-10-01..1999-09-30,pubCcausal,PUBModel,PUB,feng2023,200,2,1,concurrent,idw,0.539792,,,,,,,531,3652,pubCcausal_feng2023_PUB_e200_s2
feng2023,Dapeng Feng 2023,531,1989-10-01..1999-09-30,1989-10-01..1999-09-30,pubCcausal,PUBModel,PUB,feng2023,200,2,1,concurrent,ctx_mean,0.539792,,,,,,,531,3652,pubCcausal_feng2023_PUB_e200_s2
feng2023,Dapeng Feng 2023,531,1989-10-01..1999-09-30,1989-10-01..1999-09-30,pubCcausal,PUBModel,PUB,feng2023,200,2,1,concurrent,nn_donor,0.539792,,,,,,,531,3652,pubCcausal_feng2023_PUB_e200_s2
feng2023,Dapeng Feng 2023,531,1989-10-01..1999-09-30,1989-10-01..1999-09-30,pubCcausal,PUBModel,PUB,feng2023,200,2,2,concurrent,model,0.74215,0.734266,0.893957,-0.00199,1.255128,-5.783041,-4.294923,531,3652,pubCcausal_feng2023_PUB_e200_s2
feng2023,Dapeng Feng 2023,531,1989-10-01..1999-09-30,1989-10-01..1999-09-30,pubCcausal,PUBModel,PUB,feng2023,200,2,2,concurrent,idw,0.601359,,,,,,,531,3652,pubCcausal_feng2023_PUB_e200_s2
feng2023,Dapeng Feng 2023,531,1989-10-01..1999-09-30,1989-10-01..1999-09-30,pubCcausal,PUBModel,PUB,feng2023,200,2,2,concurrent,ctx_mean,0.576018,,,,,,,531,3652,pubCcausal_feng2023_PUB_e200_s2
feng2023,Dapeng Feng 2023,531,1989-10-01..1999-09-30,1989-10-01..1999-09-30,pubCcausal,PUBModel,PUB,feng2023,200,2,2,concurrent,nn_donor,0.539792,,,,,,,531,3652,pubCcausal_feng2023_PUB_e200_s2
feng2023,Dapeng Feng 2023,531,1989-10-01..1999-09-30,1989-10-01..1999-09-30,pubCcausal,PUBModel,PUB,feng2023,200,2,4,concurrent,model,0.746555,0.7357,0.89445,-0.005822,1.249444,-5.793065,-4.288638,531,3652,pubCcausal_feng2023_PUB_e200_s2
feng2023,Dapeng Feng 2023,531,1989-10-01..1999-09-30,1989-10-01..1999-09-30,pubCcausal,PUBModel,PUB,feng2023,200,2,4,concurrent,idw,0.627394,,,,,,,531,3652,pubCcausal_feng2023_PUB_e200_s2
feng2023,Dapeng Feng 2023,531,1989-10-01..1999-09-30,1989-10-01..1999-09-30,pubCcausal,PUBModel,PUB,feng2023,200,2,4,concurrent,ctx_mean,0.579662,,,,,,,531,3652,pubCcausal_feng2023_PUB_e200_s2
feng2023,Dapeng Feng 2023,531,1989-10-01..1999-09-30,1989-10-01..1999-09-30,pubCcausal,PUBModel,PUB,feng2023,200,2,4,concurrent,nn_donor,0.539792,,,,,,,531,3652,pubCcausal_feng2023_PUB_e200_s2
feng2023,Dapeng Feng 2023,531,1989-10-01..1999-09-30,1989-10-01..1999-09-30,pubCcausal,PUBModel,PUB,feng2023,200,2,8,concurrent,model,0.745452,0.736296,0.895366,-0.002153,1.242653,-5.7333,-4.078824,531,3652,pubCcausal_feng2023_PUB_e200_s2
feng2023,Dapeng Feng 2023,531,1989-10-01..1999-09-30,1989-10-01..1999-09-30,pubCcausal,PUBModel,PUB,feng2023,200,2,8,concurrent,idw,0.629379,,,,,,,531,3652,pubCcausal_feng2023_PUB_e200_s2
feng2023,Dapeng Feng 2023,531,1989-10-01..1999-09-30,1989-10-01..1999-09-30,pubCcausal,PUBModel,PUB,feng2023,200,2,8,concurrent,ctx_mean,0.546594,,,,,,,531,3652,pubCcausal_feng2023_PUB_e200_s2
feng2023,Dapeng Feng 2023,531,1989-10-01..1999-09-30,1989-10-01..1999-09-30,pubCcausal,PUBModel,PUB,feng2023,200,2,8,concurrent,nn_donor,0.539792,,,,,,,531,3652,pubCcausal_feng2023_PUB_e200_s2
feng2023,Dapeng Feng 2023,531,1989-10-01..1999-09-30,1989-10-01..1999-09-30,pubCcausal,PUBModel,PUR,feng2023,200,0,0,concurrent,model,0.539538,0.584125,0.799191,-0.0473,1.614532,-14.52199,14.240545,531,3652,pubCcausal_feng2023_PUR_e200_s0
feng2023,Dapeng Feng 2023,531,1989-10-01..1999-09-30,1989-10-01..1999-09-30,pubCcausal,PUBModel,PUR,feng2023,200,0,1,concurrent,model,0.65795,0.657003,0.861777,-0.034031,1.396948,-12.957808,3.344192,531,3652,pubCcausal_feng2023_PUR_e200_s0
feng2023,Dapeng Feng 2023,531,1989-10-01..1999-09-30,1989-10-01..1999-09-30,pubCcausal,PUBModel,PUR,feng2023,200,0,1,concurrent,idw,0.539792,,,,,,,531,3652,pubCcausal_feng2023_PUR_e200_s0
feng2023,Dapeng Feng 2023,531,1989-10-01..1999-09-30,1989-10-01..1999-09-30,pubCcausal,PUBModel,PUR,feng2023,200,0,1,concurrent,ctx_mean,0.539792,,,,,,,531,3652,pubCcausal_feng2023_PUR_e200_s0
feng2023,Dapeng Feng 2023,531,1989-10-01..1999-09-30,1989-10-01..1999-09-30,pubCcausal,PUBModel,PUR,feng2023,200,0,1,concurrent,nn_donor,0.539792,,,,,,,531,3652,pubCcausal_feng2023_PUR_e200_s0
feng2023,Dapeng Feng 2023,531,1989-10-01..1999-09-30,1989-10-01..1999-09-30,pubCcausal,PUBModel,PUR,feng2023,200,0,2,concurrent,model,0.668548,0.66334,0.867196,-0.039666,1.379784,-11.83484,4.167086,531,3652,pubCcausal_feng2023_PUR_e200_s0
feng2023,Dapeng Feng 2023,531,1989-10-01..1999-09-30,1989-10-01..1999-09-30,pubCcausal,PUBModel,PUR,feng2023,200,0,2,concurrent,idw,0.601359,,,,,,,531,3652,pubCcausal_feng2023_PUR_e200_s0
feng2023,Dapeng Feng 2023,531,1989-10-01..1999-09-30,1989-10-01..1999-09-30,pubCcausal,PUBModel,PUR,feng2023,200,0,2,concurrent,ctx_mean,0.576018,,,,,,,531,3652,pubCcausal_feng2023_PUR_e200_s0
feng2023,Dapeng Feng 2023,531,1989-10-01..1999-09-30,1989-10-01..1999-09-30,pubCcausal,PUBModel,PUR,feng2023,200,0,2,concurrent,nn_donor,0.539792,,,,,,,531,3652,pubCcausal_feng2023_PUR_e200_s0
feng2023,Dapeng Feng 2023,531,1989-10-01..1999-09-30,1989-10-01..1999-09-30,pubCcausal,PUBModel,PUR,feng2023,200,0,4,concurrent,model,0.67099,0.659036,0.867842,-0.041545,1.370027,-12.015875,4.161164,531,3652,pubCcausal_feng2023_PUR_e200_s0
feng2023,Dapeng Feng 2023,531,1989-10-01..1999-09-30,1989-10-01..1999-09-30,pubCcausal,PUBModel,PUR,feng2023,200,0,4,concurrent,idw,0.627394,,,,,,,531,3652,pubCcausal_feng2023_PUR_e200_s0
feng2023,Dapeng Feng 2023,531,1989-10-01..1999-09-30,1989-10-01..1999-09-30,pubCcausal,PUBModel,PUR,feng2023,200,0,4,concurrent,ctx_mean,0.579662,,,,,,,531,3652,pubCcausal_feng2023_PUR_e200_s0
feng2023,Dapeng Feng 2023,531,1989-10-01..1999-09-30,1989-10-01..1999-09-30,pubCcausal,PUBModel,PUR,feng2023,200,0,4,concurrent,nn_donor,0.539792,,,,,,,531,3652,pubCcausal_feng2023_PUR_e200_s0
feng2023,Dapeng Feng 2023,531,1989-10-01..1999-09-30,1989-10-01..1999-09-30,pubCcausal,PUBModel,PUR,feng2023,200,0,8,concurrent,model,0.668944,0.656169,0.868696,-0.037171,1.371587,-12.078865,4.172663,531,3652,pubCcausal_feng2023_PUR_e200_s0
feng2023,Dapeng Feng 2023,531,1989-10-01..1999-09-30,1989-10-01..1999-09-30,pubCcausal,PUBModel,PUR,feng2023,200,0,8,concurrent,idw,0.629379,,,,,,,531,3652,pubCcausal_feng2023_PUR_e200_s0
feng2023,Dapeng Feng 2023,531,1989-10-01..1999-09-30,1989-10-01..1999-09-30,pubCcausal,PUBModel,PUR,feng2023,200,0,8,concurrent,ctx_mean,0.546594,,,,,,,531,3652,pubCcausal_feng2023_PUR_e200_s0
feng2023,Dapeng Feng 2023,531,1989-10-01..1999-09-30,1989-10-01..1999-09-30,pubCcausal,PUBModel,PUR,feng2023,200,0,8,concurrent,nn_donor,0.539792,,,,,,,531,3652,pubCcausal_feng2023_PUR_e200_s0
feng2023,Dapeng Feng 2023,531,1989-10-01..1999-09-30,1989-10-01..1999-09-30,pubCcausal,PUBModel,PUR,feng2023,200,1,0,concurrent,model,0.556501,0.594209,0.802142,-0.02906,1.629549,-12.864267,11.957273,531,3652,pubCcausal_feng2023_PUR_e200_s1
feng2023,Dapeng Feng 2023,531,1989-10-01..1999-09-30,1989-10-01..1999-09-30,pubCcausal,PUBModel,PUR,feng2023,200,1,1,concurrent,model,0.669446,0.666886,0.861097,-0.028282,1.382072,-10.506067,0.710192,531,3652,pubCcausal_feng2023_PUR_e200_s1
feng2023,Dapeng Feng 2023,531,1989-10-01..1999-09-30,1989-10-01..1999-09-30,pubCcausal,PUBModel,PUR,feng2023,200,1,1,concurrent,idw,0.539792,,,,,,,531,3652,pubCcausal_feng2023_PUR_e200_s1
feng2023,Dapeng Feng 2023,531,1989-10-01..1999-09-30,1989-10-01..1999-09-30,pubCcausal,PUBModel,PUR,feng2023,200,1,1,concurrent,ctx_mean,0.539792,,,,,,,531,3652,pubCcausal_feng2023_PUR_e200_s1
feng2023,Dapeng Feng 2023,531,1989-10-01..1999-09-30,1989-10-01..1999-09-30,pubCcausal,PUBModel,PUR,feng2023,200,1,1,concurrent,nn_donor,0.539792,,,,,,,531,3652,pubCcausal_feng2023_PUR_e200_s1
feng2023,Dapeng Feng 2023,531,1989-10-01..1999-09-30,1989-10-01..1999-09-30,pubCcausal,PUBModel,PUR,feng2023,200,1,2,concurrent,model,0.675722,0.670023,0.866708,-0.031767,1.36597,-11.220486,1.913573,531,3652,pubCcausal_feng2023_PUR_e200_s1
feng2023,Dapeng Feng 2023,531,1989-10-01..1999-09-30,1989-10-01..1999-09-30,pubCcausal,PUBModel,PUR,feng2023,200,1,2,concurrent,idw,0.601359,,,,,,,531,3652,pubCcausal_feng2023_PUR_e200_s1
feng2023,Dapeng Feng 2023,531,1989-10-01..1999-09-30,1989-10-01..1999-09-30,pubCcausal,PUBModel,PUR,feng2023,200,1,2,concurrent,ctx_mean,0.576018,,,,,,,531,3652,pubCcausal_feng2023_PUR_e200_s1
feng2023,Dapeng Feng 2023,531,1989-10-01..1999-09-30,1989-10-01..1999-09-30,pubCcausal,PUBModel,PUR,feng2023,200,1,2,concurrent,nn_donor,0.539792,,,,,,,531,3652,pubCcausal_feng2023_PUR_e200_s1
feng2023,Dapeng Feng 2023,531,1989-10-01..1999-09-30,1989-10-01..1999-09-30,pubCcausal,PUBModel,PUR,feng2023,200,1,4,concurrent,model,0.681907,0.66925,0.867696,-0.039855,1.358788,-11.601589,3.493431,531,3652,pubCcausal_feng2023_PUR_e200_s1
feng2023,Dapeng Feng 2023,531,1989-10-01..1999-09-30,1989-10-01..1999-09-30,pubCcausal,PUBModel,PUR,feng2023,200,1,4,concurrent,idw,0.627394,,,,,,,531,3652,pubCcausal_feng2023_PUR_e200_s1
feng2023,Dapeng Feng 2023,531,1989-10-01..1999-09-30,1989-10-01..1999-09-30,pubCcausal,PUBModel,PUR,feng2023,200,1,4,concurrent,ctx_mean,0.579662,,,,,,,531,3652,pubCcausal_feng2023_PUR_e200_s1
feng2023,Dapeng Feng 2023,531,1989-10-01..1999-09-30,1989-10-01..1999-09-30,pubCcausal,PUBModel,PUR,feng2023,200,1,4,concurrent,nn_donor,0.539792,,,,,,,531,3652,pubCcausal_feng2023_PUR_e200_s1
feng2023,Dapeng Feng 2023,531,1989-10-01..1999-09-30,1989-10-01..1999-09-30,pubCcausal,PUBModel,PUR,feng2023,200,1,8,concurrent,model,0.680601,0.667014,0.867325,-0.040868,1.367673,-12.041194,3.512013,531,3652,pubCcausal_feng2023_PUR_e200_s1
feng2023,Dapeng Feng 2023,531,1989-10-01..1999-09-30,1989-10-01..1999-09-30,pubCcausal,PUBModel,PUR,feng2023,200,1,8,concurrent,idw,0.629379,,,,,,,531,3652,pubCcausal_feng2023_PUR_e200_s1
feng2023,Dapeng Feng 2023,531,1989-10-01..1999-09-30,1989-10-01..1999-09-30,pubCcausal,PUBModel,PUR,feng2023,200,1,8,concurrent,ctx_mean,0.546594,,,,,,,531,3652,pubCcausal_feng2023_PUR_e200_s1
feng2023,Dapeng Feng 2023,531,1989-10-01..1999-09-30,1989-10-01..1999-09-30,pubCcausal,PUBModel,PUR,feng2023,200,1,8,concurrent,nn_donor,0.539792,,,,,,,531,3652,pubCcausal_feng2023_PUR_e200_s1
feng2023,Dapeng Feng 2023,531,1989-10-01..1999-09-30,1989-10-01..1999-09-30,pubCcausal,PUBModel,PUR,feng2023,200,2,0,concurrent,model,0.534064,0.554776,0.795271,-0.03076,1.668751,-14.155681,10.14107,531,3652,pubCcausal_feng2023_PUR_e200_s2
feng2023,Dapeng Feng 2023,531,1989-10-01..1999-09-30,1989-10-01..1999-09-30,pubCcausal,PUBModel,PUR,feng2023,200,2,1,concurrent,model,0.656602,0.657216,0.860081,-0.032021,1.418342,-10.663323,0.641103,531,3652,pubCcausal_feng2023_PUR_e200_s2
feng2023,Dapeng Feng 2023,531,1989-10-01..1999-09-30,1989-10-01..1999-09-30,pubCcausal,PUBModel,PUR,feng2023,200,2,1,concurrent,idw,0.539792,,,,,,,531,3652,pubCcausal_feng2023_PUR_e200_s2
feng2023,Dapeng Feng 2023,531,1989-10-01..1999-09-30,1989-10-01..1999-09-30,pubCcausal,PUBModel,PUR,feng2023,200,2,1,concurrent,ctx_mean,0.539792,,,,,,,531,3652,pubCcausal_feng2023_PUR_e200_s2
feng2023,Dapeng Feng 2023,531,1989-10-01..1999-09-30,1989-10-01..1999-09-30,pubCcausal,PUBModel,PUR,feng2023,200,2,1,concurrent,nn_donor,0.539792,,,,,,,531,3652,pubCcausal_feng2023_PUR_e200_s2
feng2023,Dapeng Feng 2023,531,1989-10-01..1999-09-30,1989-10-01..1999-09-30,pubCcausal,PUBModel,PUR,feng2023,200,2,2,concurrent,model,0.669217,0.65915,0.863122,-0.030323,1.405068,-11.463662,0.692223,531,3652,pubCcausal_feng2023_PUR_e200_s2
feng2023,Dapeng Feng 2023,531,1989-10-01..1999-09-30,1989-10-01..1999-09-30,pubCcausal,PUBModel,PUR,feng2023,200,2,2,concurrent,idw,0.601359,,,,,,,531,3652,pubCcausal_feng2023_PUR_e200_s2
feng2023,Dapeng Feng 2023,531,1989-10-01..1999-09-30,1989-10-01..1999-09-30,pubCcausal,PUBModel,PUR,feng2023,200,2,2,concurrent,ctx_mean,0.576018,,,,,,,531,3652,pubCcausal_feng2023_PUR_e200_s2
feng2023,Dapeng Feng 2023,531,1989-10-01..1999-09-30,1989-10-01..1999-09-30,pubCcausal,PUBModel,PUR,feng2023,200,2,2,concurrent,nn_donor,0.539792,,,,,,,531,3652,pubCcausal_feng2023_PUR_e200_s2
feng2023,Dapeng Feng 2023,531,1989-10-01..1999-09-30,1989-10-01..1999-09-30,pubCcausal,PUBModel,PUR,feng2023,200,2,4,concurrent,model,0.669793,0.652653,0.863568,-0.034524,1.410901,-12.639413,1.065779,531,3652,pubCcausal_feng2023_PUR_e200_s2
feng2023,Dapeng Feng 2023,531,1989-10-01..1999-09-30,1989-10-01..1999-09-30,pubCcausal,PUBModel,PUR,feng2023,200,2,4,concurrent,idw,0.627394,,,,,,,531,3652,pubCcausal_feng2023_PUR_e200_s2
feng2023,Dapeng Feng 2023,531,1989-10-01..1999-09-30,1989-10-01..1999-09-30,pubCcausal,PUBModel,PUR,feng2023,200,2,4,concurrent,ctx_mean,0.579662,,,,,,,531,3652,pubCcausal_feng2023_PUR_e200_s2
feng2023,Dapeng Feng 2023,531,1989-10-01..1999-09-30,1989-10-01..1999-09-30,pubCcausal,PUBModel,PUR,feng2023,200,2,4,concurrent,nn_donor,0.539792,,,,,,,531,3652,pubCcausal_feng2023_PUR_e200_s2
feng2023,Dapeng Feng 2023,531,1989-10-01..1999-09-30,1989-10-01..1999-09-30,pubCcausal,PUBModel,PUR,feng2023,200,2,8,concurrent,model,0.667512,0.656741,0.864515,-0.032697,1.402651,-12.107155,0.341262,531,3652,pubCcausal_feng2023_PUR_e200_s2
feng2023,Dapeng Feng 2023,531,1989-10-01..1999-09-30,1989-10-01..1999-09-30,pubCcausal,PUBModel,PUR,feng2023,200,2,8,concurrent,idw,0.629379,,,,,,,531,3652,pubCcausal_feng2023_PUR_e200_s2
feng2023,Dapeng Feng 2023,531,1989-10-01..1999-09-30,1989-10-01..1999-09-30,pubCcausal,PUBModel,PUR,feng2023,200,2,8,concurrent,ctx_mean,0.546594,,,,,,,531,3652,pubCcausal_feng2023_PUR_e200_s2
feng2023,Dapeng Feng 2023,531,1989-10-01..1999-09-30,1989-10-01..1999-09-30,pubCcausal,PUBModel,PUR,feng2023,200,2,8,concurrent,nn_donor,0.539792,,,,,,,531,3652,pubCcausal_feng2023_PUR_e200_s2
leo10_531,10 years 531 Leo,531,1999-10-01..2008-09-30,1989-10-01..1999-09-30,pubCcausal,PUBModel,temporal,leo10_531,200,0,0,concurrent,model,0.615108,0.628714,0.806917,-0.127146,1.514772,-22.909599,-1.920055,531,3652,pubCcausal_leo10_531_temporal_e200_s0
leo10_531,10 years 531 Leo,531,1999-10-01..2008-09-30,1989-10-01..1999-09-30,pubCcausal,PUBModel,temporal,leo10_531,200,0,1,concurrent,model,0.739333,0.735686,0.879429,-0.069511,1.237964,-16.015822,-3.851318,531,3652,pubCcausal_leo10_531_temporal_e200_s0
leo10_531,10 years 531 Leo,531,1999-10-01..2008-09-30,1989-10-01..1999-09-30,pubCcausal,PUBModel,temporal,leo10_531,200,0,1,concurrent,idw,0.539792,,,,,,,531,3652,pubCcausal_leo10_531_temporal_e200_s0
leo10_531,10 years 531 Leo,531,1999-10-01..2008-09-30,1989-10-01..1999-09-30,pubCcausal,PUBModel,temporal,leo10_531,200,0,1,concurrent,ctx_mean,0.539792,,,,,,,531,3652,pubCcausal_leo10_531_temporal_e200_s0
leo10_531,10 years 531 Leo,531,1999-10-01..2008-09-30,1989-10-01..1999-09-30,pubCcausal,PUBModel,temporal,leo10_531,200,0,1,concurrent,nn_donor,0.539792,,,,,,,531,3652,pubCcausal_leo10_531_temporal_e200_s0
leo10_531,10 years 531 Leo,531,1999-10-01..2008-09-30,1989-10-01..1999-09-30,pubCcausal,PUBModel,temporal,leo10_531,200,0,2,concurrent,model,0.75376,0.740073,0.886157,-0.071256,1.215417,-17.029213,-4.000061,531,3652,pubCcausal_leo10_531_temporal_e200_s0
leo10_531,10 years 531 Leo,531,1999-10-01..2008-09-30,1989-10-01..1999-09-30,pubCcausal,PUBModel,temporal,leo10_531,200,0,2,concurrent,idw,0.601359,,,,,,,531,3652,pubCcausal_leo10_531_temporal_e200_s0
leo10_531,10 years 531 Leo,531,1999-10-01..2008-09-30,1989-10-01..1999-09-30,pubCcausal,PUBModel,temporal,leo10_531,200,0,2,concurrent,ctx_mean,0.576018,,,,,,,531,3652,pubCcausal_leo10_531_temporal_e200_s0
leo10_531,10 years 531 Leo,531,1999-10-01..2008-09-30,1989-10-01..1999-09-30,pubCcausal,PUBModel,temporal,leo10_531,200,0,2,concurrent,nn_donor,0.539792,,,,,,,531,3652,pubCcausal_leo10_531_temporal_e200_s0
leo10_531,10 years 531 Leo,531,1999-10-01..2008-09-30,1989-10-01..1999-09-30,pubCcausal,PUBModel,temporal,leo10_531,200,0,4,concurrent,model,0.760881,0.739363,0.887845,-0.072768,1.205462,-17.322844,-4.116842,531,3652,pubCcausal_leo10_531_temporal_e200_s0
leo10_531,10 years 531 Leo,531,1999-10-01..2008-09-30,1989-10-01..1999-09-30,pubCcausal,PUBModel,temporal,leo10_531,200,0,4,concurrent,idw,0.627394,,,,,,,531,3652,pubCcausal_leo10_531_temporal_e200_s0
leo10_531,10 years 531 Leo,531,1999-10-01..2008-09-30,1989-10-01..1999-09-30,pubCcausal,PUBModel,temporal,leo10_531,200,0,4,concurrent,ctx_mean,0.579662,,,,,,,531,3652,pubCcausal_leo10_531_temporal_e200_s0
leo10_531,10 years 531 Leo,531,1999-10-01..2008-09-30,1989-10-01..1999-09-30,pubCcausal,PUBModel,temporal,leo10_531,200,0,4,concurrent,nn_donor,0.539792,,,,,,,531,3652,pubCcausal_leo10_531_temporal_e200_s0
leo10_531,10 years 531 Leo,531,1999-10-01..2008-09-30,1989-10-01..1999-09-30,pubCcausal,PUBModel,temporal,leo10_531,200,0,8,concurrent,model,0.763449,0.738067,0.888445,-0.069402,1.201826,-17.364551,-2.827654,531,3652,pubCcausal_leo10_531_temporal_e200_s0
leo10_531,10 years 531 Leo,531,1999-10-01..2008-09-30,1989-10-01..1999-09-30,pubCcausal,PUBModel,temporal,leo10_531,200,0,8,concurrent,idw,0.629379,,,,,,,531,3652,pubCcausal_leo10_531_temporal_e200_s0
leo10_531,10 years 531 Leo,531,1999-10-01..2008-09-30,1989-10-01..1999-09-30,pubCcausal,PUBModel,temporal,leo10_531,200,0,8,concurrent,ctx_mean,0.546594,,,,,,,531,3652,pubCcausal_leo10_531_temporal_e200_s0
leo10_531,10 years 531 Leo,531,1999-10-01..2008-09-30,1989-10-01..1999-09-30,pubCcausal,PUBModel,temporal,leo10_531,200,0,8,concurrent,nn_donor,0.539792,,,,,,,531,3652,pubCcausal_leo10_531_temporal_e200_s0
leo10_531,10 years 531 Leo,531,1999-10-01..2008-09-30,1989-10-01..1999-09-30,pubCcausal,PUBModel,temporal,leo10_531,200,1,0,concurrent,model,0.620105,0.639956,0.80606,-0.112116,1.525028,-23.429852,-5.184,531,3652,pubCcausal_leo10_531_temporal_e200_s1
leo10_531,10 years 531 Leo,531,1999-10-01..2008-09-30,1989-10-01..1999-09-30,pubCcausal,PUBModel,temporal,leo10_531,200,1,1,concurrent,model,0.734865,0.73036,0.876319,-0.076896,1.242664,-18.607788,-6.008736,531,3652,pubCcausal_leo10_531_temporal_e200_s1
leo10_531,10 years 531 Leo,531,1999-10-01..2008-09-30,1989-10-01..1999-09-30,pubCcausal,PUBModel,temporal,leo10_531,200,1,1,concurrent,idw,0.539792,,,,,,,531,3652,pubCcausal_leo10_531_temporal_e200_s1
leo10_531,10 years 531 Leo,531,1999-10-01..2008-09-30,1989-10-01..1999-09-30,pubCcausal,PUBModel,temporal,leo10_531,200,1,1,concurrent,ctx_mean,0.539792,,,,,,,531,3652,pubCcausal_leo10_531_temporal_e200_s1
leo10_531,10 years 531 Leo,531,1999-10-01..2008-09-30,1989-10-01..1999-09-30,pubCcausal,PUBModel,temporal,leo10_531,200,1,1,concurrent,nn_donor,0.539792,,,,,,,531,3652,pubCcausal_leo10_531_temporal_e200_s1
leo10_531,10 years 531 Leo,531,1999-10-01..2008-09-30,1989-10-01..1999-09-30,pubCcausal,PUBModel,temporal,leo10_531,200,1,2,concurrent,model,0.747907,0.734214,0.881483,-0.076507,1.221753,-18.341117,-5.44914,531,3652,pubCcausal_leo10_531_temporal_e200_s1
leo10_531,10 years 531 Leo,531,1999-10-01..2008-09-30,1989-10-01..1999-09-30,pubCcausal,PUBModel,temporal,leo10_531,200,1,2,concurrent,idw,0.601359,,,,,,,531,3652,pubCcausal_leo10_531_temporal_e200_s1
leo10_531,10 years 531 Leo,531,1999-10-01..2008-09-30,1989-10-01..1999-09-30,pubCcausal,PUBModel,temporal,leo10_531,200,1,2,concurrent,ctx_mean,0.576018,,,,,,,531,3652,pubCcausal_leo10_531_temporal_e200_s1
leo10_531,10 years 531 Leo,531,1999-10-01..2008-09-30,1989-10-01..1999-09-30,pubCcausal,PUBModel,temporal,leo10_531,200,1,2,concurrent,nn_donor,0.539792,,,,,,,531,3652,pubCcausal_leo10_531_temporal_e200_s1
leo10_531,10 years 531 Leo,531,1999-10-01..2008-09-30,1989-10-01..1999-09-30,pubCcausal,PUBModel,temporal,leo10_531,200,1,4,concurrent,model,0.75217,0.731062,0.883073,-0.076835,1.221247,-18.493551,-5.230765,531,3652,pubCcausal_leo10_531_temporal_e200_s1
leo10_531,10 years 531 Leo,531,1999-10-01..2008-09-30,1989-10-01..1999-09-30,pubCcausal,PUBModel,temporal,leo10_531,200,1,4,concurrent,idw,0.627394,,,,,,,531,3652,pubCcausal_leo10_531_temporal_e200_s1
leo10_531,10 years 531 Leo,531,1999-10-01..2008-09-30,1989-10-01..1999-09-30,pubCcausal,PUBModel,temporal,leo10_531,200,1,4,concurrent,ctx_mean,0.579662,,,,,,,531,3652,pubCcausal_leo10_531_temporal_e200_s1
leo10_531,10 years 531 Leo,531,1999-10-01..2008-09-30,1989-10-01..1999-09-30,pubCcausal,PUBModel,temporal,leo10_531,200,1,4,concurrent,nn_donor,0.539792,,,,,,,531,3652,pubCcausal_leo10_531_temporal_e200_s1
leo10_531,10 years 531 Leo,531,1999-10-01..2008-09-30,1989-10-01..1999-09-30,pubCcausal,PUBModel,temporal,leo10_531,200,1,8,concurrent,model,0.752718,0.730962,0.883384,-0.076884,1.218209,-18.617767,-5.278484,531,3652,pubCcausal_leo10_531_temporal_e200_s1
leo10_531,10 years 531 Leo,531,1999-10-01..2008-09-30,1989-10-01..1999-09-30,pubCcausal,PUBModel,temporal,leo10_531,200,1,8,concurrent,idw,0.629379,,,,,,,531,3652,pubCcausal_leo10_531_temporal_e200_s1
leo10_531,10 years 531 Leo,531,1999-10-01..2008-09-30,1989-10-01..1999-09-30,pubCcausal,PUBModel,temporal,leo10_531,200,1,8,concurrent,ctx_mean,0.546594,,,,,,,531,3652,pubCcausal_leo10_531_temporal_e200_s1
leo10_531,10 years 531 Leo,531,1999-10-01..2008-09-30,1989-10-01..1999-09-30,pubCcausal,PUBModel,temporal,leo10_531,200,1,8,concurrent,nn_donor,0.539792,,,,,,,531,3652,pubCcausal_leo10_531_temporal_e200_s1
leo10_531,10 years 531 Leo,531,1999-10-01..2008-09-30,1989-10-01..1999-09-30,pubCcausal,PUBModel,temporal,leo10_531,200,2,0,concurrent,model,0.620984,0.641418,0.806356,-0.120346,1.516024,-22.332534,-11.986544,531,3652,pubCcausal_leo10_531_temporal_e200_s2
leo10_531,10 years 531 Leo,531,1999-10-01..2008-09-30,1989-10-01..1999-09-30,pubCcausal,PUBModel,temporal,leo10_531,200,2,1,concurrent,model,0.732401,0.733933,0.87658,-0.070872,1.253463,-17.233627,-3.767156,531,3652,pubCcausal_leo10_531_temporal_e200_s2
leo10_531,10 years 531 Leo,531,1999-10-01..2008-09-30,1989-10-01..1999-09-30,pubCcausal,PUBModel,temporal,leo10_531,200,2,1,concurrent,idw,0.539792,,,,,,,531,3652,pubCcausal_leo10_531_temporal_e200_s2
leo10_531,10 years 531 Leo,531,1999-10-01..2008-09-30,1989-10-01..1999-09-30,pubCcausal,PUBModel,temporal,leo10_531,200,2,1,concurrent,ctx_mean,0.539792,,,,,,,531,3652,pubCcausal_leo10_531_temporal_e200_s2
leo10_531,10 years 531 Leo,531,1999-10-01..2008-09-30,1989-10-01..1999-09-30,pubCcausal,PUBModel,temporal,leo10_531,200,2,1,concurrent,nn_donor,0.539792,,,,,,,531,3652,pubCcausal_leo10_531_temporal_e200_s2
leo10_531,10 years 531 Leo,531,1999-10-01..2008-09-30,1989-10-01..1999-09-30,pubCcausal,PUBModel,temporal,leo10_531,200,2,2,concurrent,model,0.747831,0.735252,0.882412,-0.07345,1.213104,-17.328631,-4.416142,531,3652,pubCcausal_leo10_531_temporal_e200_s2
leo10_531,10 years 531 Leo,531,1999-10-01..2008-09-30,1989-10-01..1999-09-30,pubCcausal,PUBModel,temporal,leo10_531,200,2,2,concurrent,idw,0.601359,,,,,,,531,3652,pubCcausal_leo10_531_temporal_e200_s2
leo10_531,10 years 531 Leo,531,1999-10-01..2008-09-30,1989-10-01..1999-09-30,pubCcausal,PUBModel,temporal,leo10_531,200,2,2,concurrent,ctx_mean,0.576018,,,,,,,531,3652,pubCcausal_leo10_531_temporal_e200_s2
leo10_531,10 years 531 Leo,531,1999-10-01..2008-09-30,1989-10-01..1999-09-30,pubCcausal,PUBModel,temporal,leo10_531,200,2,2,concurrent,nn_donor,0.539792,,,,,,,531,3652,pubCcausal_leo10_531_temporal_e200_s2
leo10_531,10 years 531 Leo,531,1999-10-01..2008-09-30,1989-10-01..1999-09-30,pubCcausal,PUBModel,temporal,leo10_531,200,2,4,concurrent,model,0.749574,0.734334,0.882335,-0.072179,1.207567,-17.231281,-4.006651,531,3652,pubCcausal_leo10_531_temporal_e200_s2
leo10_531,10 years 531 Leo,531,1999-10-01..2008-09-30,1989-10-01..1999-09-30,pubCcausal,PUBModel,temporal,leo10_531,200,2,4,concurrent,idw,0.627394,,,,,,,531,3652,pubCcausal_leo10_531_temporal_e200_s2
leo10_531,10 years 531 Leo,531,1999-10-01..2008-09-30,1989-10-01..1999-09-30,pubCcausal,PUBModel,temporal,leo10_531,200,2,4,concurrent,ctx_mean,0.579662,,,,,,,531,3652,pubCcausal_leo10_531_temporal_e200_s2
leo10_531,10 years 531 Leo,531,1999-10-01..2008-09-30,1989-10-01..1999-09-30,pubCcausal,PUBModel,temporal,leo10_531,200,2,4,concurrent,nn_donor,0.539792,,,,,,,531,3652,pubCcausal_leo10_531_temporal_e200_s2
leo10_531,10 years 531 Leo,531,1999-10-01..2008-09-30,1989-10-01..1999-09-30,pubCcausal,PUBModel,temporal,leo10_531,200,2,8,concurrent,model,0.75538,0.740825,0.883759,-0.072979,1.200141,-17.471852,-3.840034,531,3652,pubCcausal_leo10_531_temporal_e200_s2
leo10_531,10 years 531 Leo,531,1999-10-01..2008-09-30,1989-10-01..1999-09-30,pubCcausal,PUBModel,temporal,leo10_531,200,2,8,concurrent,idw,0.629379,,,,,,,531,3652,pubCcausal_leo10_531_temporal_e200_s2
leo10_531,10 years 531 Leo,531,1999-10-01..2008-09-30,1989-10-01..1999-09-30,pubCcausal,PUBModel,temporal,leo10_531,200,2,8,concurrent,ctx_mean,0.546594,,,,,,,531,3652,pubCcausal_leo10_531_temporal_e200_s2
leo10_531,10 years 531 Leo,531,1999-10-01..2008-09-30,1989-10-01..1999-09-30,pubCcausal,PUBModel,temporal,leo10_531,200,2,8,concurrent,nn_donor,0.539792,,,,,,,531,3652,pubCcausal_leo10_531_temporal_e200_s2
leo15_531,15 years 531 (legacy temporal),531,1980-10-01..1995-09-30,1995-10-01..2010-09-30,pubCcausal,PUBModel,temporal,leo15_531,200,0,0,concurrent,model,0.635806,0.688012,0.818197,0.006338,1.388229,-15.605506,10.22745,531,5479,pubCcausal_leo15_531_temporal_e200_s0
leo15_531,15 years 531 (legacy temporal),531,1980-10-01..1995-09-30,1995-10-01..2010-09-30,pubCcausal,PUBModel,temporal,leo15_531,200,0,1,concurrent,model,0.751938,0.771623,0.878458,-0.008963,1.146289,-11.241828,5.159347,531,5479,pubCcausal_leo15_531_temporal_e200_s0
leo15_531,15 years 531 (legacy temporal),531,1980-10-01..1995-09-30,1995-10-01..2010-09-30,pubCcausal,PUBModel,temporal,leo15_531,200,0,1,concurrent,idw,0.536529,,,,,,,531,5479,pubCcausal_leo15_531_temporal_e200_s0
leo15_531,15 years 531 (legacy temporal),531,1980-10-01..1995-09-30,1995-10-01..2010-09-30,pubCcausal,PUBModel,temporal,leo15_531,200,0,1,concurrent,ctx_mean,0.536529,,,,,,,531,5479,pubCcausal_leo15_531_temporal_e200_s0
leo15_531,15 years 531 (legacy temporal),531,1980-10-01..1995-09-30,1995-10-01..2010-09-30,pubCcausal,PUBModel,temporal,leo15_531,200,0,1,concurrent,nn_donor,0.536529,,,,,,,531,5479,pubCcausal_leo15_531_temporal_e200_s0
leo15_531,15 years 531 (legacy temporal),531,1980-10-01..1995-09-30,1995-10-01..2010-09-30,pubCcausal,PUBModel,temporal,leo15_531,200,0,2,concurrent,model,0.760201,0.774544,0.88626,-0.013041,1.114325,-11.355505,5.105734,531,5479,pubCcausal_leo15_531_temporal_e200_s0
leo15_531,15 years 531 (legacy temporal),531,1980-10-01..1995-09-30,1995-10-01..2010-09-30,pubCcausal,PUBModel,temporal,leo15_531,200,0,2,concurrent,idw,0.611843,,,,,,,531,5479,pubCcausal_leo15_531_temporal_e200_s0
leo15_531,15 years 531 (legacy temporal),531,1980-10-01..1995-09-30,1995-10-01..2010-09-30,pubCcausal,PUBModel,temporal,leo15_531,200,0,2,concurrent,ctx_mean,0.584399,,,,,,,531,5479,pubCcausal_leo15_531_temporal_e200_s0
leo15_531,15 years 531 (legacy temporal),531,1980-10-01..1995-09-30,1995-10-01..2010-09-30,pubCcausal,PUBModel,temporal,leo15_531,200,0,2,concurrent,nn_donor,0.536529,,,,,,,531,5479,pubCcausal_leo15_531_temporal_e200_s0
leo15_531,15 years 531 (legacy temporal),531,1980-10-01..1995-09-30,1995-10-01..2010-09-30,pubCcausal,PUBModel,temporal,leo15_531,200,0,4,concurrent,model,0.762108,0.774046,0.886207,-0.009536,1.107791,-11.362654,6.430632,531,5479,pubCcausal_leo15_531_temporal_e200_s0
leo15_531,15 years 531 (legacy temporal),531,1980-10-01..1995-09-30,1995-10-01..2010-09-30,pubCcausal,PUBModel,temporal,leo15_531,200,0,4,concurrent,idw,0.633249,,,,,,,531,5479,pubCcausal_leo15_531_temporal_e200_s0
leo15_531,15 years 531 (legacy temporal),531,1980-10-01..1995-09-30,1995-10-01..2010-09-30,pubCcausal,PUBModel,temporal,leo15_531,200,0,4,concurrent,ctx_mean,0.570549,,,,,,,531,5479,pubCcausal_leo15_531_temporal_e200_s0
leo15_531,15 years 531 (legacy temporal),531,1980-10-01..1995-09-30,1995-10-01..2010-09-30,pubCcausal,PUBModel,temporal,leo15_531,200,0,4,concurrent,nn_donor,0.536529,,,,,,,531,5479,pubCcausal_leo15_531_temporal_e200_s0
leo15_531,15 years 531 (legacy temporal),531,1980-10-01..1995-09-30,1995-10-01..2010-09-30,pubCcausal,PUBModel,temporal,leo15_531,200,0,8,concurrent,model,0.761625,0.773084,0.887201,-0.007163,1.114403,-11.789764,8.369443,531,5479,pubCcausal_leo15_531_temporal_e200_s0
leo15_531,15 years 531 (legacy temporal),531,1980-10-01..1995-09-30,1995-10-01..2010-09-30,pubCcausal,PUBModel,temporal,leo15_531,200,0,8,concurrent,idw,0.633516,,,,,,,531,5479,pubCcausal_leo15_531_temporal_e200_s0
leo15_531,15 years 531 (legacy temporal),531,1980-10-01..1995-09-30,1995-10-01..2010-09-30,pubCcausal,PUBModel,temporal,leo15_531,200,0,8,concurrent,ctx_mean,0.530109,,,,,,,531,5479,pubCcausal_leo15_531_temporal_e200_s0
leo15_531,15 years 531 (legacy temporal),531,1980-10-01..1995-09-30,1995-10-01..2010-09-30,pubCcausal,PUBModel,temporal,leo15_531,200,0,8,concurrent,nn_donor,0.536529,,,,,,,531,5479,pubCcausal_leo15_531_temporal_e200_s0
leo15_531,15 years 531 (legacy temporal),531,1980-10-01..1995-09-30,1995-10-01..2010-09-30,pubCcausal,PUBModel,temporal,leo15_531,200,1,0,concurrent,model,0.631677,0.689293,0.818355,0.011925,1.40521,-15.604255,16.742313,531,5479,pubCcausal_leo15_531_temporal_e200_s1
leo15_531,15 years 531 (legacy temporal),531,1980-10-01..1995-09-30,1995-10-01..2010-09-30,pubCcausal,PUBModel,temporal,leo15_531,200,1,1,concurrent,model,0.742147,0.762282,0.87676,-0.018118,1.160652,-11.97701,4.00507,531,5479,pubCcausal_leo15_531_temporal_e200_s1
leo15_531,15 years 531 (legacy temporal),531,1980-10-01..1995-09-30,1995-10-01..2010-09-30,pubCcausal,PUBModel,temporal,leo15_531,200,1,1,concurrent,idw,0.536529,,,,,,,531,5479,pubCcausal_leo15_531_temporal_e200_s1
leo15_531,15 years 531 (legacy temporal),531,1980-10-01..1995-09-30,1995-10-01..2010-09-30,pubCcausal,PUBModel,temporal,leo15_531,200,1,1,concurrent,ctx_mean,0.536529,,,,,,,531,5479,pubCcausal_leo15_531_temporal_e200_s1
leo15_531,15 years 531 (legacy temporal),531,1980-10-01..1995-09-30,1995-10-01..2010-09-30,pubCcausal,PUBModel,temporal,leo15_531,200,1,1,concurrent,nn_donor,0.536529,,,,,,,531,5479,pubCcausal_leo15_531_temporal_e200_s1
leo15_531,15 years 531 (legacy temporal),531,1980-10-01..1995-09-30,1995-10-01..2010-09-30,pubCcausal,PUBModel,temporal,leo15_531,200,1,2,concurrent,model,0.755184,0.772679,0.884354,-0.013259,1.138878,-11.533238,5.741831,531,5479,pubCcausal_leo15_531_temporal_e200_s1
leo15_531,15 years 531 (legacy temporal),531,1980-10-01..1995-09-30,1995-10-01..2010-09-30,pubCcausal,PUBModel,temporal,leo15_531,200,1,2,concurrent,idw,0.611843,,,,,,,531,5479,pubCcausal_leo15_531_temporal_e200_s1
leo15_531,15 years 531 (legacy temporal),531,1980-10-01..1995-09-30,1995-10-01..2010-09-30,pubCcausal,PUBModel,temporal,leo15_531,200,1,2,concurrent,ctx_mean,0.584399,,,,,,,531,5479,pubCcausal_leo15_531_temporal_e200_s1
leo15_531,15 years 531 (legacy temporal),531,1980-10-01..1995-09-30,1995-10-01..2010-09-30,pubCcausal,PUBModel,temporal,leo15_531,200,1,2,concurrent,nn_donor,0.536529,,,,,,,531,5479,pubCcausal_leo15_531_temporal_e200_s1
leo15_531,15 years 531 (legacy temporal),531,1980-10-01..1995-09-30,1995-10-01..2010-09-30,pubCcausal,PUBModel,temporal,leo15_531,200,1,4,concurrent,model,0.760706,0.774518,0.886307,-0.009073,1.132316,-11.952623,7.440123,531,5479,pubCcausal_leo15_531_temporal_e200_s1
leo15_531,15 years 531 (legacy temporal),531,1980-10-01..1995-09-30,1995-10-01..2010-09-30,pubCcausal,PUBModel,temporal,leo15_531,200,1,4,concurrent,idw,0.633249,,,,,,,531,5479,pubCcausal_leo15_531_temporal_e200_s1
leo15_531,15 years 531 (legacy temporal),531,1980-10-01..1995-09-30,1995-10-01..2010-09-30,pubCcausal,PUBModel,temporal,leo15_531,200,1,4,concurrent,ctx_mean,0.570549,,,,,,,531,5479,pubCcausal_leo15_531_temporal_e200_s1
leo15_531,15 years 531 (legacy temporal),531,1980-10-01..1995-09-30,1995-10-01..2010-09-30,pubCcausal,PUBModel,temporal,leo15_531,200,1,4,concurrent,nn_donor,0.536529,,,,,,,531,5479,pubCcausal_leo15_531_temporal_e200_s1
leo15_531,15 years 531 (legacy temporal),531,1980-10-01..1995-09-30,1995-10-01..2010-09-30,pubCcausal,PUBModel,temporal,leo15_531,200,1,8,concurrent,model,0.761753,0.775566,0.888063,-0.006386,1.124194,-12.523894,8.81599,531,5479,pubCcausal_leo15_531_temporal_e200_s1
leo15_531,15 years 531 (legacy temporal),531,1980-10-01..1995-09-30,1995-10-01..2010-09-30,pubCcausal,PUBModel,temporal,leo15_531,200,1,8,concurrent,idw,0.633516,,,,,,,531,5479,pubCcausal_leo15_531_temporal_e200_s1
leo15_531,15 years 531 (legacy temporal),531,1980-10-01..1995-09-30,1995-10-01..2010-09-30,pubCcausal,PUBModel,temporal,leo15_531,200,1,8,concurrent,ctx_mean,0.530109,,,,,,,531,5479,pubCcausal_leo15_531_temporal_e200_s1
leo15_531,15 years 531 (legacy temporal),531,1980-10-01..1995-09-30,1995-10-01..2010-09-30,pubCcausal,PUBModel,temporal,leo15_531,200,1,8,concurrent,nn_donor,0.536529,,,,,,,531,5479,pubCcausal_leo15_531_temporal_e200_s1
leo15_531,15 years 531 (legacy temporal),531,1980-10-01..1995-09-30,1995-10-01..2010-09-30,pubCcausal,PUBModel,temporal,leo15_531,200,2,0,concurrent,model,0.641786,0.698196,0.822729,0.00157,1.393985,-16.150098,14.109961,531,5479,pubCcausal_leo15_531_temporal_e200_s2
leo15_531,15 years 531 (legacy temporal),531,1980-10-01..1995-09-30,1995-10-01..2010-09-30,pubCcausal,PUBModel,temporal,leo15_531,200,2,1,concurrent,model,0.748988,0.770861,0.880685,-0.006096,1.154767,-10.389163,5.811801,531,5479,pubCcausal_leo15_531_temporal_e200_s2
leo15_531,15 years 531 (legacy temporal),531,1980-10-01..1995-09-30,1995-10-01..2010-09-30,pubCcausal,PUBModel,temporal,leo15_531,200,2,1,concurrent,idw,0.536529,,,,,,,531,5479,pubCcausal_leo15_531_temporal_e200_s2
leo15_531,15 years 531 (legacy temporal),531,1980-10-01..1995-09-30,1995-10-01..2010-09-30,pubCcausal,PUBModel,temporal,leo15_531,200,2,1,concurrent,ctx_mean,0.536529,,,,,,,531,5479,pubCcausal_leo15_531_temporal_e200_s2
leo15_531,15 years 531 (legacy temporal),531,1980-10-01..1995-09-30,1995-10-01..2010-09-30,pubCcausal,PUBModel,temporal,leo15_531,200,2,1,concurrent,nn_donor,0.536529,,,,,,,531,5479,pubCcausal_leo15_531_temporal_e200_s2
leo15_531,15 years 531 (legacy temporal),531,1980-10-01..1995-09-30,1995-10-01..2010-09-30,pubCcausal,PUBModel,temporal,leo15_531,200,2,2,concurrent,model,0.764986,0.779843,0.88746,-0.007164,1.137782,-10.656023,6.817684,531,5479,pubCcausal_leo15_531_temporal_e200_s2
leo15_531,15 years 531 (legacy temporal),531,1980-10-01..1995-09-30,1995-10-01..2010-09-30,pubCcausal,PUBModel,temporal,leo15_531,200,2,2,concurrent,idw,0.611843,,,,,,,531,5479,pubCcausal_leo15_531_temporal_e200_s2
leo15_531,15 years 531 (legacy temporal),531,1980-10-01..1995-09-30,1995-10-01..2010-09-30,pubCcausal,PUBModel,temporal,leo15_531,200,2,2,concurrent,ctx_mean,0.584399,,,,,,,531,5479,pubCcausal_leo15_531_temporal_e200_s2
leo15_531,15 years 531 (legacy temporal),531,1980-10-01..1995-09-30,1995-10-01..2010-09-30,pubCcausal,PUBModel,temporal,leo15_531,200,2,2,concurrent,nn_donor,0.536529,,,,,,,531,5479,pubCcausal_leo15_531_temporal_e200_s2
leo15_531,15 years 531 (legacy temporal),531,1980-10-01..1995-09-30,1995-10-01..2010-09-30,pubCcausal,PUBModel,temporal,leo15_531,200,2,4,concurrent,model,0.766563,0.781132,0.888512,-0.006758,1.12395,-11.107154,6.860956,531,5479,pubCcausal_leo15_531_temporal_e200_s2
leo15_531,15 years 531 (legacy temporal),531,1980-10-01..1995-09-30,1995-10-01..2010-09-30,pubCcausal,PUBModel,temporal,leo15_531,200,2,4,concurrent,idw,0.633249,,,,,,,531,5479,pubCcausal_leo15_531_temporal_e200_s2
leo15_531,15 years 531 (legacy temporal),531,1980-10-01..1995-09-30,1995-10-01..2010-09-30,pubCcausal,PUBModel,temporal,leo15_531,200,2,4,concurrent,ctx_mean,0.570549,,,,,,,531,5479,pubCcausal_leo15_531_temporal_e200_s2
leo15_531,15 years 531 (legacy temporal),531,1980-10-01..1995-09-30,1995-10-01..2010-09-30,pubCcausal,PUBModel,temporal,leo15_531,200,2,4,concurrent,nn_donor,0.536529,,,,,,,531,5479,pubCcausal_leo15_531_temporal_e200_s2
leo15_531,15 years 531 (legacy temporal),531,1980-10-01..1995-09-30,1995-10-01..2010-09-30,pubCcausal,PUBModel,temporal,leo15_531,200,2,8,concurrent,model,0.768254,0.781103,0.889805,-0.006712,1.123796,-11.846748,7.819905,531,5479,pubCcausal_leo15_531_temporal_e200_s2
leo15_531,15 years 531 (legacy temporal),531,1980-10-01..1995-09-30,1995-10-01..2010-09-30,pubCcausal,PUBModel,temporal,leo15_531,200,2,8,concurrent,idw,0.633516,,,,,,,531,5479,pubCcausal_leo15_531_temporal_e200_s2
leo15_531,15 years 531 (legacy temporal),531,1980-10-01..1995-09-30,1995-10-01..2010-09-30,pubCcausal,PUBModel,temporal,leo15_531,200,2,8,concurrent,ctx_mean,0.530109,,,,,,,531,5479,pubCcausal_leo15_531_temporal_e200_s2
leo15_531,15 years 531 (legacy temporal),531,1980-10-01..1995-09-30,1995-10-01..2010-09-30,pubCcausal,PUBModel,temporal,leo15_531,200,2,8,concurrent,nn_donor,0.536529,,,,,,,531,5479,pubCcausal_leo15_531_temporal_e200_s2
leo15_671,15 years 671 Leo,671,1980-10-01..1995-09-30,1995-10-01..2010-09-30,pubCcausal,PUBModel,temporal,leo15_671,200,0,0,concurrent,model,0.624142,0.663992,0.814321,-0.012301,1.341327,-16.687853,9.176648,671,5479,pubCcausal_leo15_671_temporal_e200_s0
leo15_671,15 years 671 Leo,671,1980-10-01..1995-09-30,1995-10-01..2010-09-30,pubCcausal,PUBModel,temporal,leo15_671,200,0,1,concurrent,model,0.730721,0.743668,0.87673,-0.01597,1.098563,-11.903004,1.032156,671,5479,pubCcausal_leo15_671_temporal_e200_s0
leo15_671,15 years 671 Leo,671,1980-10-01..1995-09-30,1995-10-01..2010-09-30,pubCcausal,PUBModel,temporal,leo15_671,200,0,1,concurrent,idw,0.509222,,,,,,,671,5479,pubCcausal_leo15_671_temporal_e200_s0
leo15_671,15 years 671 Leo,671,1980-10-01..1995-09-30,1995-10-01..2010-09-30,pubCcausal,PUBModel,temporal,leo15_671,200,0,1,concurrent,ctx_mean,0.509222,,,,,,,671,5479,pubCcausal_leo15_671_temporal_e200_s0
leo15_671,15 years 671 Leo,671,1980-10-01..1995-09-30,1995-10-01..2010-09-30,pubCcausal,PUBModel,temporal,leo15_671,200,0,1,concurrent,nn_donor,0.509222,,,,,,,671,5479,pubCcausal_leo15_671_temporal_e200_s0
leo15_671,15 years 671 Leo,671,1980-10-01..1995-09-30,1995-10-01..2010-09-30,pubCcausal,PUBModel,temporal,leo15_671,200,0,2,concurrent,model,0.74419,0.749921,0.882377,-0.018335,1.082207,-12.548616,2.986719,671,5479,pubCcausal_leo15_671_temporal_e200_s0
leo15_671,15 years 671 Leo,671,1980-10-01..1995-09-30,1995-10-01..2010-09-30,pubCcausal,PUBModel,temporal,leo15_671,200,0,2,concurrent,idw,0.590126,,,,,,,671,5479,pubCcausal_leo15_671_temporal_e200_s0
leo15_671,15 years 671 Leo,671,1980-10-01..1995-09-30,1995-10-01..2010-09-30,pubCcausal,PUBModel,temporal,leo15_671,200,0,2,concurrent,ctx_mean,0.565166,,,,,,,671,5479,pubCcausal_leo15_671_temporal_e200_s0
leo15_671,15 years 671 Leo,671,1980-10-01..1995-09-30,1995-10-01..2010-09-30,pubCcausal,PUBModel,temporal,leo15_671,200,0,2,concurrent,nn_donor,0.509222,,,,,,,671,5479,pubCcausal_leo15_671_temporal_e200_s0
leo15_671,15 years 671 Leo,671,1980-10-01..1995-09-30,1995-10-01..2010-09-30,pubCcausal,PUBModel,temporal,leo15_671,200,0,4,concurrent,model,0.75197,0.750728,0.884215,-0.016268,1.076339,-13.340732,2.128939,671,5479,pubCcausal_leo15_671_temporal_e200_s0
leo15_671,15 years 671 Leo,671,1980-10-01..1995-09-30,1995-10-01..2010-09-30,pubCcausal,PUBModel,temporal,leo15_671,200,0,4,concurrent,idw,0.610245,,,,,,,671,5479,pubCcausal_leo15_671_temporal_e200_s0
leo15_671,15 years 671 Leo,671,1980-10-01..1995-09-30,1995-10-01..2010-09-30,pubCcausal,PUBModel,temporal,leo15_671,200,0,4,concurrent,ctx_mean,0.559254,,,,,,,671,5479,pubCcausal_leo15_671_temporal_e200_s0
leo15_671,15 years 671 Leo,671,1980-10-01..1995-09-30,1995-10-01..2010-09-30,pubCcausal,PUBModel,temporal,leo15_671,200,0,4,concurrent,nn_donor,0.509222,,,,,,,671,5479,pubCcausal_leo15_671_temporal_e200_s0
leo15_671,15 years 671 Leo,671,1980-10-01..1995-09-30,1995-10-01..2010-09-30,pubCcausal,PUBModel,temporal,leo15_671,200,0,8,concurrent,model,0.750296,0.751106,0.885157,-0.013261,1.075042,-13.241258,4.619015,671,5479,pubCcausal_leo15_671_temporal_e200_s0
leo15_671,15 years 671 Leo,671,1980-10-01..1995-09-30,1995-10-01..2010-09-30,pubCcausal,PUBModel,temporal,leo15_671,200,0,8,concurrent,idw,0.621943,,,,,,,671,5479,pubCcausal_leo15_671_temporal_e200_s0
leo15_671,15 years 671 Leo,671,1980-10-01..1995-09-30,1995-10-01..2010-09-30,pubCcausal,PUBModel,temporal,leo15_671,200,0,8,concurrent,ctx_mean,0.51848,,,,,,,671,5479,pubCcausal_leo15_671_temporal_e200_s0
leo15_671,15 years 671 Leo,671,1980-10-01..1995-09-30,1995-10-01..2010-09-30,pubCcausal,PUBModel,temporal,leo15_671,200,0,8,concurrent,nn_donor,0.509222,,,,,,,671,5479,pubCcausal_leo15_671_temporal_e200_s0
leo15_671,15 years 671 Leo,671,1980-10-01..1995-09-30,1995-10-01..2010-09-30,pubCcausal,PUBModel,temporal,leo15_671,200,1,0,concurrent,model,0.625082,0.671549,0.81237,0.002954,1.360761,-15.988306,23.991713,671,5479,pubCcausal_leo15_671_temporal_e200_s1
leo15_671,15 years 671 Leo,671,1980-10-01..1995-09-30,1995-10-01..2010-09-30,pubCcausal,PUBModel,temporal,leo15_671,200,1,1,concurrent,model,0.730015,0.745457,0.876824,-0.012518,1.098662,-11.318162,6.524882,671,5479,pubCcausal_leo15_671_temporal_e200_s1
leo15_671,15 years 671 Leo,671,1980-10-01..1995-09-30,1995-10-01..2010-09-30,pubCcausal,PUBModel,temporal,leo15_671,200,1,1,concurrent,idw,0.509222,,,,,,,671,5479,pubCcausal_leo15_671_temporal_e200_s1
leo15_671,15 years 671 Leo,671,1980-10-01..1995-09-30,1995-10-01..2010-09-30,pubCcausal,PUBModel,temporal,leo15_671,200,1,1,concurrent,ctx_mean,0.509222,,,,,,,671,5479,pubCcausal_leo15_671_temporal_e200_s1
leo15_671,15 years 671 Leo,671,1980-10-01..1995-09-30,1995-10-01..2010-09-30,pubCcausal,PUBModel,temporal,leo15_671,200,1,1,concurrent,nn_donor,0.509222,,,,,,,671,5479,pubCcausal_leo15_671_temporal_e200_s1
leo15_671,15 years 671 Leo,671,1980-10-01..1995-09-30,1995-10-01..2010-09-30,pubCcausal,PUBModel,temporal,leo15_671,200,1,2,concurrent,model,0.749913,0.754981,0.883437,-0.015126,1.073838,-11.801349,6.603026,671,5479,pubCcausal_leo15_671_temporal_e200_s1
leo15_671,15 years 671 Leo,671,1980-10-01..1995-09-30,1995-10-01..2010-09-30,pubCcausal,PUBModel,temporal,leo15_671,200,1,2,concurrent,idw,0.590126,,,,,,,671,5479,pubCcausal_leo15_671_temporal_e200_s1
leo15_671,15 years 671 Leo,671,1980-10-01..1995-09-30,1995-10-01..2010-09-30,pubCcausal,PUBModel,temporal,leo15_671,200,1,2,concurrent,ctx_mean,0.565166,,,,,,,671,5479,pubCcausal_leo15_671_temporal_e200_s1
leo15_671,15 years 671 Leo,671,1980-10-01..1995-09-30,1995-10-01..2010-09-30,pubCcausal,PUBModel,temporal,leo15_671,200,1,2,concurrent,nn_donor,0.509222,,,,,,,671,5479,pubCcausal_leo15_671_temporal_e200_s1
leo15_671,15 years 671 Leo,671,1980-10-01..1995-09-30,1995-10-01..2010-09-30,pubCcausal,PUBModel,temporal,leo15_671,200,1,4,concurrent,model,0.753718,0.760413,0.885887,-0.015428,1.064449,-11.882817,8.95113,671,5479,pubCcausal_leo15_671_temporal_e200_s1
leo15_671,15 years 671 Leo,671,1980-10-01..1995-09-30,1995-10-01..2010-09-30,pubCcausal,PUBModel,temporal,leo15_671,200,1,4,concurrent,idw,0.610245,,,,,,,671,5479,pubCcausal_leo15_671_temporal_e200_s1
leo15_671,15 years 671 Leo,671,1980-10-01..1995-09-30,1995-10-01..2010-09-30,pubCcausal,PUBModel,temporal,leo15_671,200,1,4,concurrent,ctx_mean,0.559254,,,,,,,671,5479,pubCcausal_leo15_671_temporal_e200_s1
leo15_671,15 years 671 Leo,671,1980-10-01..1995-09-30,1995-10-01..2010-09-30,pubCcausal,PUBModel,temporal,leo15_671,200,1,4,concurrent,nn_donor,0.509222,,,,,,,671,5479,pubCcausal_leo15_671_temporal_e200_s1
leo15_671,15 years 671 Leo,671,1980-10-01..1995-09-30,1995-10-01..2010-09-30,pubCcausal,PUBModel,temporal,leo15_671,200,1,8,concurrent,model,0.754343,0.760932,0.885277,-0.00951,1.068016,-12.154149,9.670624,671,5479,pubCcausal_leo15_671_temporal_e200_s1
leo15_671,15 years 671 Leo,671,1980-10-01..1995-09-30,1995-10-01..2010-09-30,pubCcausal,PUBModel,temporal,leo15_671,200,1,8,concurrent,idw,0.621943,,,,,,,671,5479,pubCcausal_leo15_671_temporal_e200_s1
leo15_671,15 years 671 Leo,671,1980-10-01..1995-09-30,1995-10-01..2010-09-30,pubCcausal,PUBModel,temporal,leo15_671,200,1,8,concurrent,ctx_mean,0.51848,,,,,,,671,5479,pubCcausal_leo15_671_temporal_e200_s1
leo15_671,15 years 671 Leo,671,1980-10-01..1995-09-30,1995-10-01..2010-09-30,pubCcausal,PUBModel,temporal,leo15_671,200,1,8,concurrent,nn_donor,0.509222,,,,,,,671,5479,pubCcausal_leo15_671_temporal_e200_s1
leo15_671,15 years 671 Leo,671,1980-10-01..1995-09-30,1995-10-01..2010-09-30,pubCcausal,PUBModel,temporal,leo15_671,200,2,0,concurrent,model,0.624275,0.673524,0.818196,-0.012368,1.339342,-17.180181,12.24092,671,5479,pubCcausal_leo15_671_temporal_e200_s2
leo15_671,15 years 671 Leo,671,1980-10-01..1995-09-30,1995-10-01..2010-09-30,pubCcausal,PUBModel,temporal,leo15_671,200,2,1,concurrent,model,0.734724,0.744819,0.877645,-0.013557,1.103595,-11.39856,4.961333,671,5479,pubCcausal_leo15_671_temporal_e200_s2
leo15_671,15 years 671 Leo,671,1980-10-01..1995-09-30,1995-10-01..2010-09-30,pubCcausal,PUBModel,temporal,leo15_671,200,2,1,concurrent,idw,0.509222,,,,,,,671,5479,pubCcausal_leo15_671_temporal_e200_s2
leo15_671,15 years 671 Leo,671,1980-10-01..1995-09-30,1995-10-01..2010-09-30,pubCcausal,PUBModel,temporal,leo15_671,200,2,1,concurrent,ctx_mean,0.509222,,,,,,,671,5479,pubCcausal_leo15_671_temporal_e200_s2
leo15_671,15 years 671 Leo,671,1980-10-01..1995-09-30,1995-10-01..2010-09-30,pubCcausal,PUBModel,temporal,leo15_671,200,2,1,concurrent,nn_donor,0.509222,,,,,,,671,5479,pubCcausal_leo15_671_temporal_e200_s2
leo15_671,15 years 671 Leo,671,1980-10-01..1995-09-30,1995-10-01..2010-09-30,pubCcausal,PUBModel,temporal,leo15_671,200,2,2,concurrent,model,0.749603,0.754639,0.883705,-0.016621,1.071616,-12.444379,6.55897,671,5479,pubCcausal_leo15_671_temporal_e200_s2
leo15_671,15 years 671 Leo,671,1980-10-01..1995-09-30,1995-10-01..2010-09-30,pubCcausal,PUBModel,temporal,leo15_671,200,2,2,concurrent,idw,0.590126,,,,,,,671,5479,pubCcausal_leo15_671_temporal_e200_s2
leo15_671,15 years 671 Leo,671,1980-10-01..1995-09-30,1995-10-01..2010-09-30,pubCcausal,PUBModel,temporal,leo15_671,200,2,2,concurrent,ctx_mean,0.565166,,,,,,,671,5479,pubCcausal_leo15_671_temporal_e200_s2
leo15_671,15 years 671 Leo,671,1980-10-01..1995-09-30,1995-10-01..2010-09-30,pubCcausal,PUBModel,temporal,leo15_671,200,2,2,concurrent,nn_donor,0.509222,,,,,,,671,5479,pubCcausal_leo15_671_temporal_e200_s2
leo15_671,15 years 671 Leo,671,1980-10-01..1995-09-30,1995-10-01..2010-09-30,pubCcausal,PUBModel,temporal,leo15_671,200,2,4,concurrent,model,0.754757,0.760767,0.886802,-0.018425,1.048298,-12.876941,7.318054,671,5479,pubCcausal_leo15_671_temporal_e200_s2
leo15_671,15 years 671 Leo,671,1980-10-01..1995-09-30,1995-10-01..2010-09-30,pubCcausal,PUBModel,temporal,leo15_671,200,2,4,concurrent,idw,0.610245,,,,,,,671,5479,pubCcausal_leo15_671_temporal_e200_s2
leo15_671,15 years 671 Leo,671,1980-10-01..1995-09-30,1995-10-01..2010-09-30,pubCcausal,PUBModel,temporal,leo15_671,200,2,4,concurrent,ctx_mean,0.559254,,,,,,,671,5479,pubCcausal_leo15_671_temporal_e200_s2
leo15_671,15 years 671 Leo,671,1980-10-01..1995-09-30,1995-10-01..2010-09-30,pubCcausal,PUBModel,temporal,leo15_671,200,2,4,concurrent,nn_donor,0.509222,,,,,,,671,5479,pubCcausal_leo15_671_temporal_e200_s2
leo15_671,15 years 671 Leo,671,1980-10-01..1995-09-30,1995-10-01..2010-09-30,pubCcausal,PUBModel,temporal,leo15_671,200,2,8,concurrent,model,0.755041,0.756108,0.886226,-0.01791,1.056166,-13.001714,7.958345,671,5479,pubCcausal_leo15_671_temporal_e200_s2
leo15_671,15 years 671 Leo,671,1980-10-01..1995-09-30,1995-10-01..2010-09-30,pubCcausal,PUBModel,temporal,leo15_671,200,2,8,concurrent,idw,0.621943,,,,,,,671,5479,pubCcausal_leo15_671_temporal_e200_s2
leo15_671,15 years 671 Leo,671,1980-10-01..1995-09-30,1995-10-01..2010-09-30,pubCcausal,PUBModel,temporal,leo15_671,200,2,8,concurrent,ctx_mean,0.51848,,,,,,,671,5479,pubCcausal_leo15_671_temporal_e200_s2
leo15_671,15 years 671 Leo,671,1980-10-01..1995-09-30,1995-10-01..2010-09-30,pubCcausal,PUBModel,temporal,leo15_671,200,2,8,concurrent,nn_donor,0.509222,,,,,,,671,5479,pubCcausal_leo15_671_temporal_e200_s2
peijun_li,Peijun Li Ensemble,531,1980-10-01..1999-09-30,1995-10-01..1999-09-30,pubCcausal,PUBModel,PUB,peijun_li,200,0,0,concurrent,model,0.682746,0.672023,0.868608,-0.025746,1.365082,-8.936707,-1.682118,531,1461,pubCcausal_peijun_li_PUB_e200_s0
peijun_li,Peijun Li Ensemble,531,1980-10-01..1999-09-30,1995-10-01..1999-09-30,pubCcausal,PUBModel,PUB,peijun_li,200,0,1,concurrent,model,0.738214,0.716925,0.896074,-0.02054,1.220745,-6.487202,-2.233695,531,1461,pubCcausal_peijun_li_PUB_e200_s0
peijun_li,Peijun Li Ensemble,531,1980-10-01..1999-09-30,1995-10-01..1999-09-30,pubCcausal,PUBModel,PUB,peijun_li,200,0,1,concurrent,idw,0.552786,,,,,,,531,1461,pubCcausal_peijun_li_PUB_e200_s0
peijun_li,Peijun Li Ensemble,531,1980-10-01..1999-09-30,1995-10-01..1999-09-30,pubCcausal,PUBModel,PUB,peijun_li,200,0,1,concurrent,ctx_mean,0.552786,,,,,,,531,1461,pubCcausal_peijun_li_PUB_e200_s0
peijun_li,Peijun Li Ensemble,531,1980-10-01..1999-09-30,1995-10-01..1999-09-30,pubCcausal,PUBModel,PUB,peijun_li,200,0,1,concurrent,nn_donor,0.552786,,,,,,,531,1461,pubCcausal_peijun_li_PUB_e200_s0
peijun_li,Peijun Li Ensemble,531,1980-10-01..1999-09-30,1995-10-01..1999-09-30,pubCcausal,PUBModel,PUB,peijun_li,200,0,2,concurrent,model,0.748302,0.722714,0.90011,-0.016743,1.215216,-8.044051,-1.565804,531,1461,pubCcausal_peijun_li_PUB_e200_s0
peijun_li,Peijun Li Ensemble,531,1980-10-01..1999-09-30,1995-10-01..1999-09-30,pubCcausal,PUBModel,PUB,peijun_li,200,0,2,concurrent,idw,0.623367,,,,,,,531,1461,pubCcausal_peijun_li_PUB_e200_s0
peijun_li,Peijun Li Ensemble,531,1980-10-01..1999-09-30,1995-10-01..1999-09-30,pubCcausal,PUBModel,PUB,peijun_li,200,0,2,concurrent,ctx_mean,0.600009,,,,,,,531,1461,pubCcausal_peijun_li_PUB_e200_s0
peijun_li,Peijun Li Ensemble,531,1980-10-01..1999-09-30,1995-10-01..1999-09-30,pubCcausal,PUBModel,PUB,peijun_li,200,0,2,concurrent,nn_donor,0.552786,,,,,,,531,1461,pubCcausal_peijun_li_PUB_e200_s0
peijun_li,Peijun Li Ensemble,531,1980-10-01..1999-09-30,1995-10-01..1999-09-30,pubCcausal,PUBModel,PUB,peijun_li,200,0,4,concurrent,model,0.752539,0.723734,0.90094,-0.016877,1.18651,-7.466331,-1.811556,531,1461,pubCcausal_peijun_li_PUB_e200_s0
peijun_li,Peijun Li Ensemble,531,1980-10-01..1999-09-30,1995-10-01..1999-09-30,pubCcausal,PUBModel,PUB,peijun_li,200,0,4,concurrent,idw,0.645427,,,,,,,531,1461,pubCcausal_peijun_li_PUB_e200_s0
peijun_li,Peijun Li Ensemble,531,1980-10-01..1999-09-30,1995-10-01..1999-09-30,pubCcausal,PUBModel,PUB,peijun_li,200,0,4,concurrent,ctx_mean,0.607733,,,,,,,531,1461,pubCcausal_peijun_li_PUB_e200_s0
peijun_li,Peijun Li Ensemble,531,1980-10-01..1999-09-30,1995-10-01..1999-09-30,pubCcausal,PUBModel,PUB,peijun_li,200,0,4,concurrent,nn_donor,0.552786,,,,,,,531,1461,pubCcausal_peijun_li_PUB_e200_s0
peijun_li,Peijun Li Ensemble,531,1980-10-01..1999-09-30,1995-10-01..1999-09-30,pubCcausal,PUBModel,PUB,peijun_li,200,0,8,concurrent,model,0.755938,0.723812,0.901748,-0.018235,1.189406,-7.642612,-1.428902,531,1461,pubCcausal_peijun_li_PUB_e200_s0
peijun_li,Peijun Li Ensemble,531,1980-10-01..1999-09-30,1995-10-01..1999-09-30,pubCcausal,PUBModel,PUB,peijun_li,200,0,8,concurrent,idw,0.657828,,,,,,,531,1461,pubCcausal_peijun_li_PUB_e200_s0
peijun_li,Peijun Li Ensemble,531,1980-10-01..1999-09-30,1995-10-01..1999-09-30,pubCcausal,PUBModel,PUB,peijun_li,200,0,8,concurrent,ctx_mean,0.55495,,,,,,,531,1461,pubCcausal_peijun_li_PUB_e200_s0
peijun_li,Peijun Li Ensemble,531,1980-10-01..1999-09-30,1995-10-01..1999-09-30,pubCcausal,PUBModel,PUB,peijun_li,200,0,8,concurrent,nn_donor,0.552786,,,,,,,531,1461,pubCcausal_peijun_li_PUB_e200_s0
peijun_li,Peijun Li Ensemble,531,1980-10-01..1999-09-30,1995-10-01..1999-09-30,pubCcausal,PUBModel,PUB,peijun_li,200,1,0,concurrent,model,0.676362,0.681741,0.862291,-0.019607,1.373001,-9.554994,-2.795192,531,1461,pubCcausal_peijun_li_PUB_e200_s1
peijun_li,Peijun Li Ensemble,531,1980-10-01..1999-09-30,1995-10-01..1999-09-30,pubCcausal,PUBModel,PUB,peijun_li,200,1,1,concurrent,model,0.736721,0.710247,0.894028,-0.023444,1.235604,-7.18917,-2.492297,531,1461,pubCcausal_peijun_li_PUB_e200_s1
peijun_li,Peijun Li Ensemble,531,1980-10-01..1999-09-30,1995-10-01..1999-09-30,pubCcausal,PUBModel,PUB,peijun_li,200,1,1,concurrent,idw,0.552786,,,,,,,531,1461,pubCcausal_peijun_li_PUB_e200_s1
peijun_li,Peijun Li Ensemble,531,1980-10-01..1999-09-30,1995-10-01..1999-09-30,pubCcausal,PUBModel,PUB,peijun_li,200,1,1,concurrent,ctx_mean,0.552786,,,,,,,531,1461,pubCcausal_peijun_li_PUB_e200_s1
peijun_li,Peijun Li Ensemble,531,1980-10-01..1999-09-30,1995-10-01..1999-09-30,pubCcausal,PUBModel,PUB,peijun_li,200,1,1,concurrent,nn_donor,0.552786,,,,,,,531,1461,pubCcausal_peijun_li_PUB_e200_s1
peijun_li,Peijun Li Ensemble,531,1980-10-01..1999-09-30,1995-10-01..1999-09-30,pubCcausal,PUBModel,PUB,peijun_li,200,1,2,concurrent,model,0.751022,0.723151,0.900984,-0.019959,1.186963,-8.021036,-3.236788,531,1461,pubCcausal_peijun_li_PUB_e200_s1
peijun_li,Peijun Li Ensemble,531,1980-10-01..1999-09-30,1995-10-01..1999-09-30,pubCcausal,PUBModel,PUB,peijun_li,200,1,2,concurrent,idw,0.623367,,,,,,,531,1461,pubCcausal_peijun_li_PUB_e200_s1
peijun_li,Peijun Li Ensemble,531,1980-10-01..1999-09-30,1995-10-01..1999-09-30,pubCcausal,PUBModel,PUB,peijun_li,200,1,2,concurrent,ctx_mean,0.600009,,,,,,,531,1461,pubCcausal_peijun_li_PUB_e200_s1
peijun_li,Peijun Li Ensemble,531,1980-10-01..1999-09-30,1995-10-01..1999-09-30,pubCcausal,PUBModel,PUB,peijun_li,200,1,2,concurrent,nn_donor,0.552786,,,,,,,531,1461,pubCcausal_peijun_li_PUB_e200_s1
peijun_li,Peijun Li Ensemble,531,1980-10-01..1999-09-30,1995-10-01..1999-09-30,pubCcausal,PUBModel,PUB,peijun_li,200,1,4,concurrent,model,0.753993,0.721345,0.901006,-0.01842,1.17086,-8.124092,-1.54983,531,1461,pubCcausal_peijun_li_PUB_e200_s1
peijun_li,Peijun Li Ensemble,531,1980-10-01..1999-09-30,1995-10-01..1999-09-30,pubCcausal,PUBModel,PUB,peijun_li,200,1,4,concurrent,idw,0.645427,,,,,,,531,1461,pubCcausal_peijun_li_PUB_e200_s1
peijun_li,Peijun Li Ensemble,531,1980-10-01..1999-09-30,1995-10-01..1999-09-30,pubCcausal,PUBModel,PUB,peijun_li,200,1,4,concurrent,ctx_mean,0.607733,,,,,,,531,1461,pubCcausal_peijun_li_PUB_e200_s1
peijun_li,Peijun Li Ensemble,531,1980-10-01..1999-09-30,1995-10-01..1999-09-30,pubCcausal,PUBModel,PUB,peijun_li,200,1,4,concurrent,nn_donor,0.552786,,,,,,,531,1461,pubCcausal_peijun_li_PUB_e200_s1
peijun_li,Peijun Li Ensemble,531,1980-10-01..1999-09-30,1995-10-01..1999-09-30,pubCcausal,PUBModel,PUB,peijun_li,200,1,8,concurrent,model,0.750895,0.720433,0.901598,-0.016706,1.163447,-8.214367,-0.587791,531,1461,pubCcausal_peijun_li_PUB_e200_s1
peijun_li,Peijun Li Ensemble,531,1980-10-01..1999-09-30,1995-10-01..1999-09-30,pubCcausal,PUBModel,PUB,peijun_li,200,1,8,concurrent,idw,0.657828,,,,,,,531,1461,pubCcausal_peijun_li_PUB_e200_s1
peijun_li,Peijun Li Ensemble,531,1980-10-01..1999-09-30,1995-10-01..1999-09-30,pubCcausal,PUBModel,PUB,peijun_li,200,1,8,concurrent,ctx_mean,0.55495,,,,,,,531,1461,pubCcausal_peijun_li_PUB_e200_s1
peijun_li,Peijun Li Ensemble,531,1980-10-01..1999-09-30,1995-10-01..1999-09-30,pubCcausal,PUBModel,PUB,peijun_li,200,1,8,concurrent,nn_donor,0.552786,,,,,,,531,1461,pubCcausal_peijun_li_PUB_e200_s1
peijun_li,Peijun Li Ensemble,531,1980-10-01..1999-09-30,1995-10-01..1999-09-30,pubCcausal,PUBModel,PUB,peijun_li,200,2,0,concurrent,model,0.673073,0.675468,0.867467,-0.01589,1.377351,-9.053807,-1.54279,531,1461,pubCcausal_peijun_li_PUB_e200_s2
peijun_li,Peijun Li Ensemble,531,1980-10-01..1999-09-30,1995-10-01..1999-09-30,pubCcausal,PUBModel,PUB,peijun_li,200,2,1,concurrent,model,0.73114,0.716301,0.896442,-0.018566,1.238219,-6.219474,-7.5505,531,1461,pubCcausal_peijun_li_PUB_e200_s2
peijun_li,Peijun Li Ensemble,531,1980-10-01..1999-09-30,1995-10-01..1999-09-30,pubCcausal,PUBModel,PUB,peijun_li,200,2,1,concurrent,idw,0.552786,,,,,,,531,1461,pubCcausal_peijun_li_PUB_e200_s2
peijun_li,Peijun Li Ensemble,531,1980-10-01..1999-09-30,1995-10-01..1999-09-30,pubCcausal,PUBModel,PUB,peijun_li,200,2,1,concurrent,ctx_mean,0.552786,,,,,,,531,1461,pubCcausal_peijun_li_PUB_e200_s2
peijun_li,Peijun Li Ensemble,531,1980-10-01..1999-09-30,1995-10-01..1999-09-30,pubCcausal,PUBModel,PUB,peijun_li,200,2,1,concurrent,nn_donor,0.552786,,,,,,,531,1461,pubCcausal_peijun_li_PUB_e200_s2
peijun_li,Peijun Li Ensemble,531,1980-10-01..1999-09-30,1995-10-01..1999-09-30,pubCcausal,PUBModel,PUB,peijun_li,200,2,2,concurrent,model,0.746372,0.726518,0.901851,-0.020074,1.206186,-6.982568,-8.051739,531,1461,pubCcausal_peijun_li_PUB_e200_s2
peijun_li,Peijun Li Ensemble,531,1980-10-01..1999-09-30,1995-10-01..1999-09-30,pubCcausal,PUBModel,PUB,peijun_li,200,2,2,concurrent,idw,0.623367,,,,,,,531,1461,pubCcausal_peijun_li_PUB_e200_s2
peijun_li,Peijun Li Ensemble,531,1980-10-01..1999-09-30,1995-10-01..1999-09-30,pubCcausal,PUBModel,PUB,peijun_li,200,2,2,concurrent,ctx_mean,0.600009,,,,,,,531,1461,pubCcausal_peijun_li_PUB_e200_s2
peijun_li,Peijun Li Ensemble,531,1980-10-01..1999-09-30,1995-10-01..1999-09-30,pubCcausal,PUBModel,PUB,peijun_li,200,2,2,concurrent,nn_donor,0.552786,,,,,,,531,1461,pubCcausal_peijun_li_PUB_e200_s2
peijun_li,Peijun Li Ensemble,531,1980-10-01..1999-09-30,1995-10-01..1999-09-30,pubCcausal,PUBModel,PUB,peijun_li,200,2,4,concurrent,model,0.749287,0.72611,0.903103,-0.020428,1.205264,-6.390307,-6.770387,531,1461,pubCcausal_peijun_li_PUB_e200_s2
peijun_li,Peijun Li Ensemble,531,1980-10-01..1999-09-30,1995-10-01..1999-09-30,pubCcausal,PUBModel,PUB,peijun_li,200,2,4,concurrent,idw,0.645427,,,,,,,531,1461,pubCcausal_peijun_li_PUB_e200_s2
peijun_li,Peijun Li Ensemble,531,1980-10-01..1999-09-30,1995-10-01..1999-09-30,pubCcausal,PUBModel,PUB,peijun_li,200,2,4,concurrent,ctx_mean,0.607733,,,,,,,531,1461,pubCcausal_peijun_li_PUB_e200_s2
peijun_li,Peijun Li Ensemble,531,1980-10-01..1999-09-30,1995-10-01..1999-09-30,pubCcausal,PUBModel,PUB,peijun_li,200,2,4,concurrent,nn_donor,0.552786,,,,,,,531,1461,pubCcausal_peijun_li_PUB_e200_s2
peijun_li,Peijun Li Ensemble,531,1980-10-01..1999-09-30,1995-10-01..1999-09-30,pubCcausal,PUBModel,PUB,peijun_li,200,2,8,concurrent,model,0.747943,0.723666,0.902531,-0.016471,1.201323,-6.647248,-6.815839,531,1461,pubCcausal_peijun_li_PUB_e200_s2
peijun_li,Peijun Li Ensemble,531,1980-10-01..1999-09-30,1995-10-01..1999-09-30,pubCcausal,PUBModel,PUB,peijun_li,200,2,8,concurrent,idw,0.657828,,,,,,,531,1461,pubCcausal_peijun_li_PUB_e200_s2
peijun_li,Peijun Li Ensemble,531,1980-10-01..1999-09-30,1995-10-01..1999-09-30,pubCcausal,PUBModel,PUB,peijun_li,200,2,8,concurrent,ctx_mean,0.55495,,,,,,,531,1461,pubCcausal_peijun_li_PUB_e200_s2
peijun_li,Peijun Li Ensemble,531,1980-10-01..1999-09-30,1995-10-01..1999-09-30,pubCcausal,PUBModel,PUB,peijun_li,200,2,8,concurrent,nn_donor,0.552786,,,,,,,531,1461,pubCcausal_peijun_li_PUB_e200_s2
peijun_li,Peijun Li Ensemble,531,1980-10-01..1999-09-30,1995-10-01..1999-09-30,pubCcausal,PUBModel,PUR,peijun_li,200,0,0,concurrent,model,0.555059,0.581731,0.81697,-0.033944,1.61052,-12.486357,5.085354,531,1461,pubCcausal_peijun_li_PUR_e200_s0
peijun_li,Peijun Li Ensemble,531,1980-10-01..1999-09-30,1995-10-01..1999-09-30,pubCcausal,PUBModel,PUR,peijun_li,200,0,1,concurrent,model,0.688289,0.668909,0.873479,-0.017825,1.355132,-9.212734,-0.56338,531,1461,pubCcausal_peijun_li_PUR_e200_s0
peijun_li,Peijun Li Ensemble,531,1980-10-01..1999-09-30,1995-10-01..1999-09-30,pubCcausal,PUBModel,PUR,peijun_li,200,0,1,concurrent,idw,0.552786,,,,,,,531,1461,pubCcausal_peijun_li_PUR_e200_s0
peijun_li,Peijun Li Ensemble,531,1980-10-01..1999-09-30,1995-10-01..1999-09-30,pubCcausal,PUBModel,PUR,peijun_li,200,0,1,concurrent,ctx_mean,0.552786,,,,,,,531,1461,pubCcausal_peijun_li_PUR_e200_s0
peijun_li,Peijun Li Ensemble,531,1980-10-01..1999-09-30,1995-10-01..1999-09-30,pubCcausal,PUBModel,PUR,peijun_li,200,0,1,concurrent,nn_donor,0.552786,,,,,,,531,1461,pubCcausal_peijun_li_PUR_e200_s0
peijun_li,Peijun Li Ensemble,531,1980-10-01..1999-09-30,1995-10-01..1999-09-30,pubCcausal,PUBModel,PUR,peijun_li,200,0,2,concurrent,model,0.699548,0.666321,0.881956,-0.025242,1.315671,-9.832805,-1.26825,531,1461,pubCcausal_peijun_li_PUR_e200_s0
peijun_li,Peijun Li Ensemble,531,1980-10-01..1999-09-30,1995-10-01..1999-09-30,pubCcausal,PUBModel,PUR,peijun_li,200,0,2,concurrent,idw,0.623367,,,,,,,531,1461,pubCcausal_peijun_li_PUR_e200_s0
peijun_li,Peijun Li Ensemble,531,1980-10-01..1999-09-30,1995-10-01..1999-09-30,pubCcausal,PUBModel,PUR,peijun_li,200,0,2,concurrent,ctx_mean,0.600009,,,,,,,531,1461,pubCcausal_peijun_li_PUR_e200_s0
peijun_li,Peijun Li Ensemble,531,1980-10-01..1999-09-30,1995-10-01..1999-09-30,pubCcausal,PUBModel,PUR,peijun_li,200,0,2,concurrent,nn_donor,0.552786,,,,,,,531,1461,pubCcausal_peijun_li_PUR_e200_s0
peijun_li,Peijun Li Ensemble,531,1980-10-01..1999-09-30,1995-10-01..1999-09-30,pubCcausal,PUBModel,PUR,peijun_li,200,0,4,concurrent,model,0.699847,0.671765,0.88304,-0.024677,1.301002,-10.406311,-0.413591,531,1461,pubCcausal_peijun_li_PUR_e200_s0
peijun_li,Peijun Li Ensemble,531,1980-10-01..1999-09-30,1995-10-01..1999-09-30,pubCcausal,PUBModel,PUR,peijun_li,200,0,4,concurrent,idw,0.645427,,,,,,,531,1461,pubCcausal_peijun_li_PUR_e200_s0
peijun_li,Peijun Li Ensemble,531,1980-10-01..1999-09-30,1995-10-01..1999-09-30,pubCcausal,PUBModel,PUR,peijun_li,200,0,4,concurrent,ctx_mean,0.607733,,,,,,,531,1461,pubCcausal_peijun_li_PUR_e200_s0
peijun_li,Peijun Li Ensemble,531,1980-10-01..1999-09-30,1995-10-01..1999-09-30,pubCcausal,PUBModel,PUR,peijun_li,200,0,4,concurrent,nn_donor,0.552786,,,,,,,531,1461,pubCcausal_peijun_li_PUR_e200_s0
peijun_li,Peijun Li Ensemble,531,1980-10-01..1999-09-30,1995-10-01..1999-09-30,pubCcausal,PUBModel,PUR,peijun_li,200,0,8,concurrent,model,0.702024,0.67535,0.883056,-0.022925,1.301632,-9.874177,0.634868,531,1461,pubCcausal_peijun_li_PUR_e200_s0
peijun_li,Peijun Li Ensemble,531,1980-10-01..1999-09-30,1995-10-01..1999-09-30,pubCcausal,PUBModel,PUR,peijun_li,200,0,8,concurrent,idw,0.657828,,,,,,,531,1461,pubCcausal_peijun_li_PUR_e200_s0
peijun_li,Peijun Li Ensemble,531,1980-10-01..1999-09-30,1995-10-01..1999-09-30,pubCcausal,PUBModel,PUR,peijun_li,200,0,8,concurrent,ctx_mean,0.55495,,,,,,,531,1461,pubCcausal_peijun_li_PUR_e200_s0
peijun_li,Peijun Li Ensemble,531,1980-10-01..1999-09-30,1995-10-01..1999-09-30,pubCcausal,PUBModel,PUR,peijun_li,200,0,8,concurrent,nn_donor,0.552786,,,,,,,531,1461,pubCcausal_peijun_li_PUR_e200_s0
peijun_li,Peijun Li Ensemble,531,1980-10-01..1999-09-30,1995-10-01..1999-09-30,pubCcausal,PUBModel,PUR,peijun_li,200,1,0,concurrent,model,0.544423,0.560161,0.814574,-0.037225,1.646842,-14.631228,-0.689693,531,1461,pubCcausal_peijun_li_PUR_e200_s1
peijun_li,Peijun Li Ensemble,531,1980-10-01..1999-09-30,1995-10-01..1999-09-30,pubCcausal,PUBModel,PUR,peijun_li,200,1,1,concurrent,model,0.675416,0.644878,0.872158,-0.034501,1.376358,-11.710205,-6.170856,531,1461,pubCcausal_peijun_li_PUR_e200_s1
peijun_li,Peijun Li Ensemble,531,1980-10-01..1999-09-30,1995-10-01..1999-09-30,pubCcausal,PUBModel,PUR,peijun_li,200,1,1,concurrent,idw,0.552786,,,,,,,531,1461,pubCcausal_peijun_li_PUR_e200_s1
peijun_li,Peijun Li Ensemble,531,1980-10-01..1999-09-30,1995-10-01..1999-09-30,pubCcausal,PUBModel,PUR,peijun_li,200,1,1,concurrent,ctx_mean,0.552786,,,,,,,531,1461,pubCcausal_peijun_li_PUR_e200_s1
peijun_li,Peijun Li Ensemble,531,1980-10-01..1999-09-30,1995-10-01..1999-09-30,pubCcausal,PUBModel,PUR,peijun_li,200,1,1,concurrent,nn_donor,0.552786,,,,,,,531,1461,pubCcausal_peijun_li_PUR_e200_s1
peijun_li,Peijun Li Ensemble,531,1980-10-01..1999-09-30,1995-10-01..1999-09-30,pubCcausal,PUBModel,PUR,peijun_li,200,1,2,concurrent,model,0.682444,0.649302,0.878662,-0.030528,1.334416,-11.07778,-5.96337,531,1461,pubCcausal_peijun_li_PUR_e200_s1
peijun_li,Peijun Li Ensemble,531,1980-10-01..1999-09-30,1995-10-01..1999-09-30,pubCcausal,PUBModel,PUR,peijun_li,200,1,2,concurrent,idw,0.623367,,,,,,,531,1461,pubCcausal_peijun_li_PUR_e200_s1
peijun_li,Peijun Li Ensemble,531,1980-10-01..1999-09-30,1995-10-01..1999-09-30,pubCcausal,PUBModel,PUR,peijun_li,200,1,2,concurrent,ctx_mean,0.600009,,,,,,,531,1461,pubCcausal_peijun_li_PUR_e200_s1
peijun_li,Peijun Li Ensemble,531,1980-10-01..1999-09-30,1995-10-01..1999-09-30,pubCcausal,PUBModel,PUR,peijun_li,200,1,2,concurrent,nn_donor,0.552786,,,,,,,531,1461,pubCcausal_peijun_li_PUR_e200_s1
peijun_li,Peijun Li Ensemble,531,1980-10-01..1999-09-30,1995-10-01..1999-09-30,pubCcausal,PUBModel,PUR,peijun_li,200,1,4,concurrent,model,0.686887,0.656273,0.880188,-0.036556,1.328739,-11.624471,-5.06674,531,1461,pubCcausal_peijun_li_PUR_e200_s1
peijun_li,Peijun Li Ensemble,531,1980-10-01..1999-09-30,1995-10-01..1999-09-30,pubCcausal,PUBModel,PUR,peijun_li,200,1,4,concurrent,idw,0.645427,,,,,,,531,1461,pubCcausal_peijun_li_PUR_e200_s1
peijun_li,Peijun Li Ensemble,531,1980-10-01..1999-09-30,1995-10-01..1999-09-30,pubCcausal,PUBModel,PUR,peijun_li,200,1,4,concurrent,ctx_mean,0.607733,,,,,,,531,1461,pubCcausal_peijun_li_PUR_e200_s1
peijun_li,Peijun Li Ensemble,531,1980-10-01..1999-09-30,1995-10-01..1999-09-30,pubCcausal,PUBModel,PUR,peijun_li,200,1,4,concurrent,nn_donor,0.552786,,,,,,,531,1461,pubCcausal_peijun_li_PUR_e200_s1
peijun_li,Peijun Li Ensemble,531,1980-10-01..1999-09-30,1995-10-01..1999-09-30,pubCcausal,PUBModel,PUR,peijun_li,200,1,8,concurrent,model,0.68975,0.659604,0.881343,-0.033868,1.321246,-11.672423,-4.299661,531,1461,pubCcausal_peijun_li_PUR_e200_s1
peijun_li,Peijun Li Ensemble,531,1980-10-01..1999-09-30,1995-10-01..1999-09-30,pubCcausal,PUBModel,PUR,peijun_li,200,1,8,concurrent,idw,0.657828,,,,,,,531,1461,pubCcausal_peijun_li_PUR_e200_s1
peijun_li,Peijun Li Ensemble,531,1980-10-01..1999-09-30,1995-10-01..1999-09-30,pubCcausal,PUBModel,PUR,peijun_li,200,1,8,concurrent,ctx_mean,0.55495,,,,,,,531,1461,pubCcausal_peijun_li_PUR_e200_s1
peijun_li,Peijun Li Ensemble,531,1980-10-01..1999-09-30,1995-10-01..1999-09-30,pubCcausal,PUBModel,PUR,peijun_li,200,1,8,concurrent,nn_donor,0.552786,,,,,,,531,1461,pubCcausal_peijun_li_PUR_e200_s1
peijun_li,Peijun Li Ensemble,531,1980-10-01..1999-09-30,1995-10-01..1999-09-30,pubCcausal,PUBModel,PUR,peijun_li,200,2,0,concurrent,model,0.545913,0.568222,0.805016,-0.014644,1.630882,-13.111567,1.057899,531,1461,pubCcausal_peijun_li_PUR_e200_s2
peijun_li,Peijun Li Ensemble,531,1980-10-01..1999-09-30,1995-10-01..1999-09-30,pubCcausal,PUBModel,PUR,peijun_li,200,2,1,concurrent,model,0.669163,0.649494,0.871231,-0.028269,1.408674,-10.640683,-2.44253,531,1461,pubCcausal_peijun_li_PUR_e200_s2
peijun_li,Peijun Li Ensemble,531,1980-10-01..1999-09-30,1995-10-01..1999-09-30,pubCcausal,PUBModel,PUR,peijun_li,200,2,1,concurrent,idw,0.552786,,,,,,,531,1461,pubCcausal_peijun_li_PUR_e200_s2
peijun_li,Peijun Li Ensemble,531,1980-10-01..1999-09-30,1995-10-01..1999-09-30,pubCcausal,PUBModel,PUR,peijun_li,200,2,1,concurrent,ctx_mean,0.552786,,,,,,,531,1461,pubCcausal_peijun_li_PUR_e200_s2
peijun_li,Peijun Li Ensemble,531,1980-10-01..1999-09-30,1995-10-01..1999-09-30,pubCcausal,PUBModel,PUR,peijun_li,200,2,1,concurrent,nn_donor,0.552786,,,,,,,531,1461,pubCcausal_peijun_li_PUR_e200_s2
peijun_li,Peijun Li Ensemble,531,1980-10-01..1999-09-30,1995-10-01..1999-09-30,pubCcausal,PUBModel,PUR,peijun_li,200,2,2,concurrent,model,0.678201,0.648646,0.875973,-0.034066,1.368655,-10.423496,-4.377923,531,1461,pubCcausal_peijun_li_PUR_e200_s2
peijun_li,Peijun Li Ensemble,531,1980-10-01..1999-09-30,1995-10-01..1999-09-30,pubCcausal,PUBModel,PUR,peijun_li,200,2,2,concurrent,idw,0.623367,,,,,,,531,1461,pubCcausal_peijun_li_PUR_e200_s2
peijun_li,Peijun Li Ensemble,531,1980-10-01..1999-09-30,1995-10-01..1999-09-30,pubCcausal,PUBModel,PUR,peijun_li,200,2,2,concurrent,ctx_mean,0.600009,,,,,,,531,1461,pubCcausal_peijun_li_PUR_e200_s2
peijun_li,Peijun Li Ensemble,531,1980-10-01..1999-09-30,1995-10-01..1999-09-30,pubCcausal,PUBModel,PUR,peijun_li,200,2,2,concurrent,nn_donor,0.552786,,,,,,,531,1461,pubCcausal_peijun_li_PUR_e200_s2
peijun_li,Peijun Li Ensemble,531,1980-10-01..1999-09-30,1995-10-01..1999-09-30,pubCcausal,PUBModel,PUR,peijun_li,200,2,4,concurrent,model,0.67948,0.644628,0.877341,-0.031311,1.369223,-11.076295,-4.051262,531,1461,pubCcausal_peijun_li_PUR_e200_s2
peijun_li,Peijun Li Ensemble,531,1980-10-01..1999-09-30,1995-10-01..1999-09-30,pubCcausal,PUBModel,PUR,peijun_li,200,2,4,concurrent,idw,0.645427,,,,,,,531,1461,pubCcausal_peijun_li_PUR_e200_s2
peijun_li,Peijun Li Ensemble,531,1980-10-01..1999-09-30,1995-10-01..1999-09-30,pubCcausal,PUBModel,PUR,peijun_li,200,2,4,concurrent,ctx_mean,0.607733,,,,,,,531,1461,pubCcausal_peijun_li_PUR_e200_s2
peijun_li,Peijun Li Ensemble,531,1980-10-01..1999-09-30,1995-10-01..1999-09-30,pubCcausal,PUBModel,PUR,peijun_li,200,2,4,concurrent,nn_donor,0.552786,,,,,,,531,1461,pubCcausal_peijun_li_PUR_e200_s2
peijun_li,Peijun Li Ensemble,531,1980-10-01..1999-09-30,1995-10-01..1999-09-30,pubCcausal,PUBModel,PUR,peijun_li,200,2,8,concurrent,model,0.681448,0.644814,0.87824,-0.029599,1.368091,-11.748003,-3.90206,531,1461,pubCcausal_peijun_li_PUR_e200_s2
peijun_li,Peijun Li Ensemble,531,1980-10-01..1999-09-30,1995-10-01..1999-09-30,pubCcausal,PUBModel,PUR,peijun_li,200,2,8,concurrent,idw,0.657828,,,,,,,531,1461,pubCcausal_peijun_li_PUR_e200_s2
peijun_li,Peijun Li Ensemble,531,1980-10-01..1999-09-30,1995-10-01..1999-09-30,pubCcausal,PUBModel,PUR,peijun_li,200,2,8,concurrent,ctx_mean,0.55495,,,,,,,531,1461,pubCcausal_peijun_li_PUR_e200_s2
peijun_li,Peijun Li Ensemble,531,1980-10-01..1999-09-30,1995-10-01..1999-09-30,pubCcausal,PUBModel,PUR,peijun_li,200,2,8,concurrent,nn_donor,0.552786,,,,,,,531,1461,pubCcausal_peijun_li_PUR_e200_s2
spatial,spatial,531,,,pubHIST,PUBModel,PUB,spatial,200,0,0,historical,model,0.59177,0.620515,0.811516,-0.027206,1.545072,-16.330824,13.642066,531,1461,pubHIST_PUB_e200_s0
spatial,spatial,531,,,pubHIST,PUBModel,PUB,spatial,200,0,1,historical,model,0.591513,0.624895,0.813369,-0.022459,1.54513,-16.303087,12.878236,531,1461,pubHIST_PUB_e200_s0
spatial,spatial,531,,,pubHIST,PUBModel,PUB,spatial,200,0,1,historical,idw,-0.600521,,,,,,,531,1461,pubHIST_PUB_e200_s0
spatial,spatial,531,,,pubHIST,PUBModel,PUB,spatial,200,0,1,historical,ctx_mean,-0.600521,,,,,,,531,1461,pubHIST_PUB_e200_s0
spatial,spatial,531,,,pubHIST,PUBModel,PUB,spatial,200,0,1,historical,nn_donor,-0.600521,,,,,,,531,1461,pubHIST_PUB_e200_s0
spatial,spatial,531,,,pubHIST,PUBModel,PUB,spatial,200,0,2,historical,model,0.594412,0.623241,0.813792,-0.024912,1.543748,-16.707112,12.031814,531,1461,pubHIST_PUB_e200_s0
spatial,spatial,531,,,pubHIST,PUBModel,PUB,spatial,200,0,2,historical,idw,-0.6267,,,,,,,531,1461,pubHIST_PUB_e200_s0
spatial,spatial,531,,,pubHIST,PUBModel,PUB,spatial,200,0,2,historical,ctx_mean,-0.582867,,,,,,,531,1461,pubHIST_PUB_e200_s0
spatial,spatial,531,,,pubHIST,PUBModel,PUB,spatial,200,0,2,historical,nn_donor,-0.600521,,,,,,,531,1461,pubHIST_PUB_e200_s0
spatial,spatial,531,,,pubHIST,PUBModel,PUB,spatial,200,0,4,historical,model,0.595105,0.62247,0.812027,-0.024236,1.543929,-15.831874,12.248943,531,1461,pubHIST_PUB_e200_s0
spatial,spatial,531,,,pubHIST,PUBModel,PUB,spatial,200,0,4,historical,idw,-0.569214,,,,,,,531,1461,pubHIST_PUB_e200_s0
spatial,spatial,531,,,pubHIST,PUBModel,PUB,spatial,200,0,4,historical,ctx_mean,-0.522412,,,,,,,531,1461,pubHIST_PUB_e200_s0
spatial,spatial,531,,,pubHIST,PUBModel,PUB,spatial,200,0,4,historical,nn_donor,-0.600521,,,,,,,531,1461,pubHIST_PUB_e200_s0
spatial,spatial,531,,,pubHIST,PUBModel,PUB,spatial,200,0,8,historical,model,0.594336,0.629835,0.812243,-0.027875,1.54126,-16.551245,13.184624,531,1461,pubHIST_PUB_e200_s0
spatial,spatial,531,,,pubHIST,PUBModel,PUB,spatial,200,0,8,historical,idw,-0.5382,,,,,,,531,1461,pubHIST_PUB_e200_s0
spatial,spatial,531,,,pubHIST,PUBModel,PUB,spatial,200,0,8,historical,ctx_mean,-0.471106,,,,,,,531,1461,pubHIST_PUB_e200_s0
spatial,spatial,531,,,pubHIST,PUBModel,PUB,spatial,200,0,8,historical,nn_donor,-0.600521,,,,,,,531,1461,pubHIST_PUB_e200_s0
spatial,spatial,531,,,pubHIST,PUBModel,PUR,spatial,200,0,0,historical,model,0.488618,0.514536,0.755303,-0.0569,1.702288,-23.30181,23.042788,531,1461,pubHIST_PUR_e200_s0
spatial,spatial,531,,,pubHIST,PUBModel,PUR,spatial,200,0,1,historical,model,0.494592,0.519876,0.756751,-0.0646,1.708637,-23.373498,25.92443,531,1461,pubHIST_PUR_e200_s0
spatial,spatial,531,,,pubHIST,PUBModel,PUR,spatial,200,0,1,historical,idw,-0.600521,,,,,,,531,1461,pubHIST_PUR_e200_s0
spatial,spatial,531,,,pubHIST,PUBModel,PUR,spatial,200,0,1,historical,ctx_mean,-0.600521,,,,,,,531,1461,pubHIST_PUR_e200_s0
spatial,spatial,531,,,pubHIST,PUBModel,PUR,spatial,200,0,1,historical,nn_donor,-0.600521,,,,,,,531,1461,pubHIST_PUR_e200_s0
spatial,spatial,531,,,pubHIST,PUBModel,PUR,spatial,200,0,2,historical,model,0.49634,0.517512,0.75681,-0.06743,1.707771,-23.718636,24.344236,531,1461,pubHIST_PUR_e200_s0
spatial,spatial,531,,,pubHIST,PUBModel,PUR,spatial,200,0,2,historical,idw,-0.6267,,,,,,,531,1461,pubHIST_PUR_e200_s0
spatial,spatial,531,,,pubHIST,PUBModel,PUR,spatial,200,0,2,historical,ctx_mean,-0.582867,,,,,,,531,1461,pubHIST_PUR_e200_s0
spatial,spatial,531,,,pubHIST,PUBModel,PUR,spatial,200,0,2,historical,nn_donor,-0.600521,,,,,,,531,1461,pubHIST_PUR_e200_s0
spatial,spatial,531,,,pubHIST,PUBModel,PUR,spatial,200,0,4,historical,model,0.495069,0.519167,0.756311,-0.069363,1.703114,-23.601077,20.105508,531,1461,pubHIST_PUR_e200_s0
spatial,spatial,531,,,pubHIST,PUBModel,PUR,spatial,200,0,4,historical,idw,-0.569214,,,,,,,531,1461,pubHIST_PUR_e200_s0
spatial,spatial,531,,,pubHIST,PUBModel,PUR,spatial,200,0,4,historical,ctx_mean,-0.522412,,,,,,,531,1461,pubHIST_PUR_e200_s0
spatial,spatial,531,,,pubHIST,PUBModel,PUR,spatial,200,0,4,historical,nn_donor,-0.600521,,,,,,,531,1461,pubHIST_PUR_e200_s0
spatial,spatial,531,,,pubHIST,PUBModel,PUR,spatial,200,0,8,historical,model,0.492914,0.519331,0.757091,-0.067481,1.70404,-23.438535,20.296943,531,1461,pubHIST_PUR_e200_s0
spatial,spatial,531,,,pubHIST,PUBModel,PUR,spatial,200,0,8,historical,idw,-0.5382,,,,,,,531,1461,pubHIST_PUR_e200_s0
spatial,spatial,531,,,pubHIST,PUBModel,PUR,spatial,200,0,8,historical,ctx_mean,-0.471106,,,,,,,531,1461,pubHIST_PUR_e200_s0
spatial,spatial,531,,,pubHIST,PUBModel,PUR,spatial,200,0,8,historical,nn_donor,-0.600521,,,,,,,531,1461,pubHIST_PUR_e200_s0
temporal,temporal,531,,,pubHIST,PUBModel,temporal,temporal,200,0,0,historical,model,0.522359,0.574926,0.741946,-0.032528,1.599606,-27.182237,34.615391,531,5479,pubHIST_temporal_e200_s0
temporal,temporal,531,,,pubHIST,PUBModel,temporal,temporal,200,0,1,historical,model,0.521191,0.583178,0.743547,-0.031777,1.59566,-26.391484,34.539259,531,5479,pubHIST_temporal_e200_s0
temporal,temporal,531,,,pubHIST,PUBModel,temporal,temporal,200,0,1,historical,idw,-0.728892,,,,,,,531,5479,pubHIST_temporal_e200_s0
temporal,temporal,531,,,pubHIST,PUBModel,temporal,temporal,200,0,1,historical,ctx_mean,-0.728892,,,,,,,531,5479,pubHIST_temporal_e200_s0
temporal,temporal,531,,,pubHIST,PUBModel,temporal,temporal,200,0,1,historical,nn_donor,-0.728892,,,,,,,531,5479,pubHIST_temporal_e200_s0
temporal,temporal,531,,,pubHIST,PUBModel,temporal,temporal,200,0,2,historical,model,0.522595,0.582763,0.743437,-0.028141,1.596678,-26.088926,37.499282,531,5479,pubHIST_temporal_e200_s0
temporal,temporal,531,,,pubHIST,PUBModel,temporal,temporal,200,0,2,historical,idw,-0.757058,,,,,,,531,5479,pubHIST_temporal_e200_s0
temporal,temporal,531,,,pubHIST,PUBModel,temporal,temporal,200,0,2,historical,ctx_mean,-0.758426,,,,,,,531,5479,pubHIST_temporal_e200_s0
temporal,temporal,531,,,pubHIST,PUBModel,temporal,temporal,200,0,2,historical,nn_donor,-0.728892,,,,,,,531,5479,pubHIST_temporal_e200_s0
temporal,temporal,531,,,pubHIST,PUBModel,temporal,temporal,200,0,4,historical,model,0.52173,0.580093,0.743379,-0.027584,1.596099,-25.895185,37.155253,531,5479,pubHIST_temporal_e200_s0
temporal,temporal,531,,,pubHIST,PUBModel,temporal,temporal,200,0,4,historical,idw,-0.693453,,,,,,,531,5479,pubHIST_temporal_e200_s0
temporal,temporal,531,,,pubHIST,PUBModel,temporal,temporal,200,0,4,historical,ctx_mean,-0.715649,,,,,,,531,5479,pubHIST_temporal_e200_s0
temporal,temporal,531,,,pubHIST,PUBModel,temporal,temporal,200,0,4,historical,nn_donor,-0.728892,,,,,,,531,5479,pubHIST_temporal_e200_s0
temporal,temporal,531,,,pubHIST,PUBModel,temporal,temporal,200,0,8,historical,model,0.521544,0.581246,0.744108,-0.030979,1.594896,-26.11121,36.653729,531,5479,pubHIST_temporal_e200_s0
temporal,temporal,531,,,pubHIST,PUBModel,temporal,temporal,200,0,8,historical,idw,-0.670421,,,,,,,531,5479,pubHIST_temporal_e200_s0
temporal,temporal,531,,,pubHIST,PUBModel,temporal,temporal,200,0,8,historical,ctx_mean,-0.58984,,,,,,,531,5479,pubHIST_temporal_e200_s0
temporal,temporal,531,,,pubHIST,PUBModel,temporal,temporal,200,0,8,historical,nn_donor,-0.728892,,,,,,,531,5479,pubHIST_temporal_e200_s0
leo15_531,15 years 531 (legacy temporal),531,1980-10-01..1995-09-30,1995-10-01..2010-09-30,pubL128,PUBModel,temporal,leo15_531,200,0,0,historical,model,0.5383,0.598793,0.75051,-0.000859,1.593286,-22.740811,27.238844,531,5479,pubL128_leo15_531_temporal_e200_s0
leo15_531,15 years 531 (legacy temporal),531,1980-10-01..1995-09-30,1995-10-01..2010-09-30,pubL128,PUBModel,temporal,leo15_531,200,0,1,historical,model,0.550121,0.601331,0.765197,-0.028558,1.562114,-24.671833,37.274441,531,5479,pubL128_leo15_531_temporal_e200_s0
leo15_531,15 years 531 (legacy temporal),531,1980-10-01..1995-09-30,1995-10-01..2010-09-30,pubL128,PUBModel,temporal,leo15_531,200,0,1,historical,idw,-1.185464,,,,,,,531,5479,pubL128_leo15_531_temporal_e200_s0
leo15_531,15 years 531 (legacy temporal),531,1980-10-01..1995-09-30,1995-10-01..2010-09-30,pubL128,PUBModel,temporal,leo15_531,200,0,1,historical,ctx_mean,-1.185464,,,,,,,531,5479,pubL128_leo15_531_temporal_e200_s0
leo15_531,15 years 531 (legacy temporal),531,1980-10-01..1995-09-30,1995-10-01..2010-09-30,pubL128,PUBModel,temporal,leo15_531,200,0,1,historical,nn_donor,-1.185464,,,,,,,531,5479,pubL128_leo15_531_temporal_e200_s0
leo15_531,15 years 531 (legacy temporal),531,1980-10-01..1995-09-30,1995-10-01..2010-09-30,pubL128,PUBModel,temporal,leo15_531,200,0,2,historical,model,0.552921,0.601954,0.764029,-0.026821,1.564608,-24.872917,37.019969,531,5479,pubL128_leo15_531_temporal_e200_s0
leo15_531,15 years 531 (legacy temporal),531,1980-10-01..1995-09-30,1995-10-01..2010-09-30,pubL128,PUBModel,temporal,leo15_531,200,0,2,historical,idw,-1.110035,,,,,,,531,5479,pubL128_leo15_531_temporal_e200_s0
leo15_531,15 years 531 (legacy temporal),531,1980-10-01..1995-09-30,1995-10-01..2010-09-30,pubL128,PUBModel,temporal,leo15_531,200,0,2,historical,ctx_mean,-1.08867,,,,,,,531,5479,pubL128_leo15_531_temporal_e200_s0
leo15_531,15 years 531 (legacy temporal),531,1980-10-01..1995-09-30,1995-10-01..2010-09-30,pubL128,PUBModel,temporal,leo15_531,200,0,2,historical,nn_donor,-1.185464,,,,,,,531,5479,pubL128_leo15_531_temporal_e200_s0
leo15_531,15 years 531 (legacy temporal),531,1980-10-01..1995-09-30,1995-10-01..2010-09-30,pubL128,PUBModel,temporal,leo15_531,200,0,4,historical,model,0.552251,0.604532,0.763746,-0.023625,1.563022,-24.613018,37.065907,531,5479,pubL128_leo15_531_temporal_e200_s0
leo15_531,15 years 531 (legacy temporal),531,1980-10-01..1995-09-30,1995-10-01..2010-09-30,pubL128,PUBModel,temporal,leo15_531,200,0,4,historical,idw,-1.025588,,,,,,,531,5479,pubL128_leo15_531_temporal_e200_s0
leo15_531,15 years 531 (legacy temporal),531,1980-10-01..1995-09-30,1995-10-01..2010-09-30,pubL128,PUBModel,temporal,leo15_531,200,0,4,historical,ctx_mean,-0.917983,,,,,,,531,5479,pubL128_leo15_531_temporal_e200_s0
leo15_531,15 years 531 (legacy temporal),531,1980-10-01..1995-09-30,1995-10-01..2010-09-30,pubL128,PUBModel,temporal,leo15_531,200,0,4,historical,nn_donor,-1.185464,,,,,,,531,5479,pubL128_leo15_531_temporal_e200_s0
leo15_531,15 years 531 (legacy temporal),531,1980-10-01..1995-09-30,1995-10-01..2010-09-30,pubL128,PUBModel,temporal,leo15_531,200,0,8,historical,model,0.553579,0.60333,0.762978,-0.025942,1.562283,-24.524946,35.461098,531,5479,pubL128_leo15_531_temporal_e200_s0
leo15_531,15 years 531 (legacy temporal),531,1980-10-01..1995-09-30,1995-10-01..2010-09-30,pubL128,PUBModel,temporal,leo15_531,200,0,8,historical,idw,-0.982618,,,,,,,531,5479,pubL128_leo15_531_temporal_e200_s0
leo15_531,15 years 531 (legacy temporal),531,1980-10-01..1995-09-30,1995-10-01..2010-09-30,pubL128,PUBModel,temporal,leo15_531,200,0,8,historical,ctx_mean,-0.84769,,,,,,,531,5479,pubL128_leo15_531_temporal_e200_s0
leo15_531,15 years 531 (legacy temporal),531,1980-10-01..1995-09-30,1995-10-01..2010-09-30,pubL128,PUBModel,temporal,leo15_531,200,0,8,historical,nn_donor,-1.185464,,,,,,,531,5479,pubL128_leo15_531_temporal_e200_s0
peijun_li,Peijun Li Ensemble,531,1980-10-01..1999-09-30,1995-10-01..1999-09-30,pubL128,PUBModel,PUB,peijun_li,200,0,0,historical,model,0.594158,0.615503,0.815094,-0.031814,1.547146,-17.209535,11.735763,531,1461,pubL128_peijun_li_PUB_e200_s0
peijun_li,Peijun Li Ensemble,531,1980-10-01..1999-09-30,1995-10-01..1999-09-30,pubL128,PUBModel,PUB,peijun_li,200,0,1,historical,model,0.607717,0.63234,0.81985,-0.033409,1.525117,-16.088514,17.29394,531,1461,pubL128_peijun_li_PUB_e200_s0
peijun_li,Peijun Li Ensemble,531,1980-10-01..1999-09-30,1995-10-01..1999-09-30,pubL128,PUBModel,PUB,peijun_li,200,0,1,historical,idw,-1.246339,,,,,,,531,1461,pubL128_peijun_li_PUB_e200_s0
peijun_li,Peijun Li Ensemble,531,1980-10-01..1999-09-30,1995-10-01..1999-09-30,pubL128,PUBModel,PUB,peijun_li,200,0,1,historical,ctx_mean,-1.246339,,,,,,,531,1461,pubL128_peijun_li_PUB_e200_s0
peijun_li,Peijun Li Ensemble,531,1980-10-01..1999-09-30,1995-10-01..1999-09-30,pubL128,PUBModel,PUB,peijun_li,200,0,1,historical,nn_donor,-1.246339,,,,,,,531,1461,pubL128_peijun_li_PUB_e200_s0
peijun_li,Peijun Li Ensemble,531,1980-10-01..1999-09-30,1995-10-01..1999-09-30,pubL128,PUBModel,PUB,peijun_li,200,0,2,historical,model,0.60561,0.632479,0.82074,-0.03247,1.527976,-16.272437,17.735902,531,1461,pubL128_peijun_li_PUB_e200_s0
peijun_li,Peijun Li Ensemble,531,1980-10-01..1999-09-30,1995-10-01..1999-09-30,pubL128,PUBModel,PUB,peijun_li,200,0,2,historical,idw,-1.215887,,,,,,,531,1461,pubL128_peijun_li_PUB_e200_s0
peijun_li,Peijun Li Ensemble,531,1980-10-01..1999-09-30,1995-10-01..1999-09-30,pubL128,PUBModel,PUB,peijun_li,200,0,2,historical,ctx_mean,-1.177731,,,,,,,531,1461,pubL128_peijun_li_PUB_e200_s0
peijun_li,Peijun Li Ensemble,531,1980-10-01..1999-09-30,1995-10-01..1999-09-30,pubL128,PUBModel,PUB,peijun_li,200,0,2,historical,nn_donor,-1.246339,,,,,,,531,1461,pubL128_peijun_li_PUB_e200_s0
peijun_li,Peijun Li Ensemble,531,1980-10-01..1999-09-30,1995-10-01..1999-09-30,pubL128,PUBModel,PUB,peijun_li,200,0,4,historical,model,0.605011,0.631078,0.821832,-0.030267,1.529507,-16.056256,15.724002,531,1461,pubL128_peijun_li_PUB_e200_s0
peijun_li,Peijun Li Ensemble,531,1980-10-01..1999-09-30,1995-10-01..1999-09-30,pubL128,PUBModel,PUB,peijun_li,200,0,4,historical,idw,-1.146183,,,,,,,531,1461,pubL128_peijun_li_PUB_e200_s0
peijun_li,Peijun Li Ensemble,531,1980-10-01..1999-09-30,1995-10-01..1999-09-30,pubL128,PUBModel,PUB,peijun_li,200,0,4,historical,ctx_mean,-1.060397,,,,,,,531,1461,pubL128_peijun_li_PUB_e200_s0
peijun_li,Peijun Li Ensemble,531,1980-10-01..1999-09-30,1995-10-01..1999-09-30,pubL128,PUBModel,PUB,peijun_li,200,0,4,historical,nn_donor,-1.246339,,,,,,,531,1461,pubL128_peijun_li_PUB_e200_s0
peijun_li,Peijun Li Ensemble,531,1980-10-01..1999-09-30,1995-10-01..1999-09-30,pubL128,PUBModel,PUB,peijun_li,200,0,8,historical,model,0.604226,0.629937,0.821518,-0.026347,1.530042,-15.538843,16.216294,531,1461,pubL128_peijun_li_PUB_e200_s0
peijun_li,Peijun Li Ensemble,531,1980-10-01..1999-09-30,1995-10-01..1999-09-30,pubL128,PUBModel,PUB,peijun_li,200,0,8,historical,idw,-1.129826,,,,,,,531,1461,pubL128_peijun_li_PUB_e200_s0
peijun_li,Peijun Li Ensemble,531,1980-10-01..1999-09-30,1995-10-01..1999-09-30,pubL128,PUBModel,PUB,peijun_li,200,0,8,historical,ctx_mean,-0.960188,,,,,,,531,1461,pubL128_peijun_li_PUB_e200_s0
peijun_li,Peijun Li Ensemble,531,1980-10-01..1999-09-30,1995-10-01..1999-09-30,pubL128,PUBModel,PUB,peijun_li,200,0,8,historical,nn_donor,-1.246339,,,,,,,531,1461,pubL128_peijun_li_PUB_e200_s0
peijun_li,Peijun Li Ensemble,531,1980-10-01..1999-09-30,1995-10-01..1999-09-30,pubL128,PUBModel,PUR,peijun_li,200,0,0,historical,model,0.490097,0.519537,0.752943,-0.044287,1.747918,-22.110512,16.23625,531,1461,pubL128_peijun_li_PUR_e200_s0
peijun_li,Peijun Li Ensemble,531,1980-10-01..1999-09-30,1995-10-01..1999-09-30,pubL128,PUBModel,PUR,peijun_li,200,0,1,historical,model,0.493409,0.515231,0.756309,-0.0455,1.718309,-25.150027,21.547357,531,1461,pubL128_peijun_li_PUR_e200_s0
peijun_li,Peijun Li Ensemble,531,1980-10-01..1999-09-30,1995-10-01..1999-09-30,pubL128,PUBModel,PUR,peijun_li,200,0,1,historical,idw,-1.246339,,,,,,,531,1461,pubL128_peijun_li_PUR_e200_s0
peijun_li,Peijun Li Ensemble,531,1980-10-01..1999-09-30,1995-10-01..1999-09-30,pubL128,PUBModel,PUR,peijun_li,200,0,1,historical,ctx_mean,-1.246339,,,,,,,531,1461,pubL128_peijun_li_PUR_e200_s0
peijun_li,Peijun Li Ensemble,531,1980-10-01..1999-09-30,1995-10-01..1999-09-30,pubL128,PUBModel,PUR,peijun_li,200,0,1,historical,nn_donor,-1.246339,,,,,,,531,1461,pubL128_peijun_li_PUR_e200_s0
peijun_li,Peijun Li Ensemble,531,1980-10-01..1999-09-30,1995-10-01..1999-09-30,pubL128,PUBModel,PUR,peijun_li,200,0,2,historical,model,0.499232,0.51815,0.757572,-0.044924,1.720777,-24.009892,18.535035,531,1461,pubL128_peijun_li_PUR_e200_s0
peijun_li,Peijun Li Ensemble,531,1980-10-01..1999-09-30,1995-10-01..1999-09-30,pubL128,PUBModel,PUR,peijun_li,200,0,2,historical,idw,-1.215887,,,,,,,531,1461,pubL128_peijun_li_PUR_e200_s0
peijun_li,Peijun Li Ensemble,531,1980-10-01..1999-09-30,1995-10-01..1999-09-30,pubL128,PUBModel,PUR,peijun_li,200,0,2,historical,ctx_mean,-1.177731,,,,,,,531,1461,pubL128_peijun_li_PUR_e200_s0
peijun_li,Peijun Li Ensemble,531,1980-10-01..1999-09-30,1995-10-01..1999-09-30,pubL128,PUBModel,PUR,peijun_li,200,0,2,historical,nn_donor,-1.246339,,,,,,,531,1461,pubL128_peijun_li_PUR_e200_s0
peijun_li,Peijun Li Ensemble,531,1980-10-01..1999-09-30,1995-10-01..1999-09-30,pubL128,PUBModel,PUR,peijun_li,200,0,4,historical,model,0.498264,0.507882,0.758545,-0.044726,1.72718,-23.59864,16.857965,531,1461,pubL128_peijun_li_PUR_e200_s0
peijun_li,Peijun Li Ensemble,531,1980-10-01..1999-09-30,1995-10-01..1999-09-30,pubL128,PUBModel,PUR,peijun_li,200,0,4,historical,idw,-1.146183,,,,,,,531,1461,pubL128_peijun_li_PUR_e200_s0
peijun_li,Peijun Li Ensemble,531,1980-10-01..1999-09-30,1995-10-01..1999-09-30,pubL128,PUBModel,PUR,peijun_li,200,0,4,historical,ctx_mean,-1.060397,,,,,,,531,1461,pubL128_peijun_li_PUR_e200_s0
peijun_li,Peijun Li Ensemble,531,1980-10-01..1999-09-30,1995-10-01..1999-09-30,pubL128,PUBModel,PUR,peijun_li,200,0,4,historical,nn_donor,-1.246339,,,,,,,531,1461,pubL128_peijun_li_PUR_e200_s0
peijun_li,Peijun Li Ensemble,531,1980-10-01..1999-09-30,1995-10-01..1999-09-30,pubL128,PUBModel,PUR,peijun_li,200,0,8,historical,model,0.493977,0.511721,0.756075,-0.043606,1.726657,-23.969945,19.990592,531,1461,pubL128_peijun_li_PUR_e200_s0
peijun_li,Peijun Li Ensemble,531,1980-10-01..1999-09-30,1995-10-01..1999-09-30,pubL128,PUBModel,PUR,peijun_li,200,0,8,historical,idw,-1.129826,,,,,,,531,1461,pubL128_peijun_li_PUR_e200_s0
peijun_li,Peijun Li Ensemble,531,1980-10-01..1999-09-30,1995-10-01..1999-09-30,pubL128,PUBModel,PUR,peijun_li,200,0,8,historical,ctx_mean,-0.960188,,,,,,,531,1461,pubL128_peijun_li_PUR_e200_s0
peijun_li,Peijun Li Ensemble,531,1980-10-01..1999-09-30,1995-10-01..1999-09-30,pubL128,PUBModel,PUR,peijun_li,200,0,8,historical,nn_donor,-1.246339,,,,,,,531,1461,pubL128_peijun_li_PUR_e200_s0
leo15_531,15 years 531 (legacy temporal),531,1980-10-01..1995-09-30,1995-10-01..2010-09-30,pubL16,PUBModel,temporal,leo15_531,200,0,0,historical,model,0.534326,0.602237,0.749583,-0.009332,1.594178,-22.530778,22.169882,531,5479,pubL16_leo15_531_temporal_e200_s0
leo15_531,15 years 531 (legacy temporal),531,1980-10-01..1995-09-30,1995-10-01..2010-09-30,pubL16,PUBModel,temporal,leo15_531,200,0,1,historical,model,0.628814,0.679229,0.812484,-0.025149,1.388812,-17.108242,8.335467,531,5479,pubL16_leo15_531_temporal_e200_s0
leo15_531,15 years 531 (legacy temporal),531,1980-10-01..1995-09-30,1995-10-01..2010-09-30,pubL16,PUBModel,temporal,leo15_531,200,0,1,historical,idw,-0.705932,,,,,,,531,5479,pubL16_leo15_531_temporal_e200_s0
leo15_531,15 years 531 (legacy temporal),531,1980-10-01..1995-09-30,1995-10-01..2010-09-30,pubL16,PUBModel,temporal,leo15_531,200,0,1,historical,ctx_mean,-0.705932,,,,,,,531,5479,pubL16_leo15_531_temporal_e200_s0
leo15_531,15 years 531 (legacy temporal),531,1980-10-01..1995-09-30,1995-10-01..2010-09-30,pubL16,PUBModel,temporal,leo15_531,200,0,1,historical,nn_donor,-0.705932,,,,,,,531,5479,pubL16_leo15_531_temporal_e200_s0
leo15_531,15 years 531 (legacy temporal),531,1980-10-01..1995-09-30,1995-10-01..2010-09-30,pubL16,PUBModel,temporal,leo15_531,200,0,2,historical,model,0.644761,0.679919,0.816312,-0.016925,1.383495,-17.55714,12.772836,531,5479,pubL16_leo15_531_temporal_e200_s0
leo15_531,15 years 531 (legacy temporal),531,1980-10-01..1995-09-30,1995-10-01..2010-09-30,pubL16,PUBModel,temporal,leo15_531,200,0,2,historical,idw,-0.638918,,,,,,,531,5479,pubL16_leo15_531_temporal_e200_s0
leo15_531,15 years 531 (legacy temporal),531,1980-10-01..1995-09-30,1995-10-01..2010-09-30,pubL16,PUBModel,temporal,leo15_531,200,0,2,historical,ctx_mean,-0.641235,,,,,,,531,5479,pubL16_leo15_531_temporal_e200_s0
leo15_531,15 years 531 (legacy temporal),531,1980-10-01..1995-09-30,1995-10-01..2010-09-30,pubL16,PUBModel,temporal,leo15_531,200,0,2,historical,nn_donor,-0.705932,,,,,,,531,5479,pubL16_leo15_531_temporal_e200_s0
leo15_531,15 years 531 (legacy temporal),531,1980-10-01..1995-09-30,1995-10-01..2010-09-30,pubL16,PUBModel,temporal,leo15_531,200,0,4,historical,model,0.649388,0.685629,0.819738,-0.011862,1.374749,-17.375672,14.49824,531,5479,pubL16_leo15_531_temporal_e200_s0
leo15_531,15 years 531 (legacy temporal),531,1980-10-01..1995-09-30,1995-10-01..2010-09-30,pubL16,PUBModel,temporal,leo15_531,200,0,4,historical,idw,-0.568405,,,,,,,531,5479,pubL16_leo15_531_temporal_e200_s0
leo15_531,15 years 531 (legacy temporal),531,1980-10-01..1995-09-30,1995-10-01..2010-09-30,pubL16,PUBModel,temporal,leo15_531,200,0,4,historical,ctx_mean,-0.521921,,,,,,,531,5479,pubL16_leo15_531_temporal_e200_s0
leo15_531,15 years 531 (legacy temporal),531,1980-10-01..1995-09-30,1995-10-01..2010-09-30,pubL16,PUBModel,temporal,leo15_531,200,0,4,historical,nn_donor,-0.705932,,,,,,,531,5479,pubL16_leo15_531_temporal_e200_s0
leo15_531,15 years 531 (legacy temporal),531,1980-10-01..1995-09-30,1995-10-01..2010-09-30,pubL16,PUBModel,temporal,leo15_531,200,0,8,historical,model,0.646449,0.683105,0.817649,-0.005892,1.37883,-17.835782,15.661642,531,5479,pubL16_leo15_531_temporal_e200_s0
leo15_531,15 years 531 (legacy temporal),531,1980-10-01..1995-09-30,1995-10-01..2010-09-30,pubL16,PUBModel,temporal,leo15_531,200,0,8,historical,idw,-0.532831,,,,,,,531,5479,pubL16_leo15_531_temporal_e200_s0
leo15_531,15 years 531 (legacy temporal),531,1980-10-01..1995-09-30,1995-10-01..2010-09-30,pubL16,PUBModel,temporal,leo15_531,200,0,8,historical,ctx_mean,-0.450024,,,,,,,531,5479,pubL16_leo15_531_temporal_e200_s0
leo15_531,15 years 531 (legacy temporal),531,1980-10-01..1995-09-30,1995-10-01..2010-09-30,pubL16,PUBModel,temporal,leo15_531,200,0,8,historical,nn_donor,-0.705932,,,,,,,531,5479,pubL16_leo15_531_temporal_e200_s0
peijun_li,Peijun Li Ensemble,531,1980-10-01..1999-09-30,1995-10-01..1999-09-30,pubL16,PUBModel,PUB,peijun_li,200,0,0,historical,model,0.593219,0.613979,0.81098,-0.031828,1.546492,-18.143613,7.849968,531,1461,pubL16_peijun_li_PUB_e200_s0
peijun_li,Peijun Li Ensemble,531,1980-10-01..1999-09-30,1995-10-01..1999-09-30,pubL16,PUBModel,PUB,peijun_li,200,0,1,historical,model,0.655151,0.663007,0.853855,-0.007921,1.416114,-9.341538,-0.100737,531,1461,pubL16_peijun_li_PUB_e200_s0
peijun_li,Peijun Li Ensemble,531,1980-10-01..1999-09-30,1995-10-01..1999-09-30,pubL16,PUBModel,PUB,peijun_li,200,0,1,historical,idw,-0.663386,,,,,,,531,1461,pubL16_peijun_li_PUB_e200_s0
peijun_li,Peijun Li Ensemble,531,1980-10-01..1999-09-30,1995-10-01..1999-09-30,pubL16,PUBModel,PUB,peijun_li,200,0,1,historical,ctx_mean,-0.663386,,,,,,,531,1461,pubL16_peijun_li_PUB_e200_s0
peijun_li,Peijun Li Ensemble,531,1980-10-01..1999-09-30,1995-10-01..1999-09-30,pubL16,PUBModel,PUB,peijun_li,200,0,1,historical,nn_donor,-0.663386,,,,,,,531,1461,pubL16_peijun_li_PUB_e200_s0
peijun_li,Peijun Li Ensemble,531,1980-10-01..1999-09-30,1995-10-01..1999-09-30,pubL16,PUBModel,PUB,peijun_li,200,0,2,historical,model,0.666248,0.663847,0.860494,-0.001997,1.378798,-8.94537,0.03942,531,1461,pubL16_peijun_li_PUB_e200_s0
peijun_li,Peijun Li Ensemble,531,1980-10-01..1999-09-30,1995-10-01..1999-09-30,pubL16,PUBModel,PUB,peijun_li,200,0,2,historical,idw,-0.606875,,,,,,,531,1461,pubL16_peijun_li_PUB_e200_s0
peijun_li,Peijun Li Ensemble,531,1980-10-01..1999-09-30,1995-10-01..1999-09-30,pubL16,PUBModel,PUB,peijun_li,200,0,2,historical,ctx_mean,-0.609874,,,,,,,531,1461,pubL16_peijun_li_PUB_e200_s0
peijun_li,Peijun Li Ensemble,531,1980-10-01..1999-09-30,1995-10-01..1999-09-30,pubL16,PUBModel,PUB,peijun_li,200,0,2,historical,nn_donor,-0.663386,,,,,,,531,1461,pubL16_peijun_li_PUB_e200_s0
peijun_li,Peijun Li Ensemble,531,1980-10-01..1999-09-30,1995-10-01..1999-09-30,pubL16,PUBModel,PUB,peijun_li,200,0,4,historical,model,0.672417,0.673475,0.862497,-0.000586,1.35987,-9.309087,0.693729,531,1461,pubL16_peijun_li_PUB_e200_s0
peijun_li,Peijun Li Ensemble,531,1980-10-01..1999-09-30,1995-10-01..1999-09-30,pubL16,PUBModel,PUB,peijun_li,200,0,4,historical,idw,-0.554641,,,,,,,531,1461,pubL16_peijun_li_PUB_e200_s0
peijun_li,Peijun Li Ensemble,531,1980-10-01..1999-09-30,1995-10-01..1999-09-30,pubL16,PUBModel,PUB,peijun_li,200,0,4,historical,ctx_mean,-0.543597,,,,,,,531,1461,pubL16_peijun_li_PUB_e200_s0
peijun_li,Peijun Li Ensemble,531,1980-10-01..1999-09-30,1995-10-01..1999-09-30,pubL16,PUBModel,PUB,peijun_li,200,0,4,historical,nn_donor,-0.663386,,,,,,,531,1461,pubL16_peijun_li_PUB_e200_s0
peijun_li,Peijun Li Ensemble,531,1980-10-01..1999-09-30,1995-10-01..1999-09-30,pubL16,PUBModel,PUB,peijun_li,200,0,8,historical,model,0.671,0.673691,0.862027,0.004596,1.35807,-9.668676,2.212836,531,1461,pubL16_peijun_li_PUB_e200_s0
peijun_li,Peijun Li Ensemble,531,1980-10-01..1999-09-30,1995-10-01..1999-09-30,pubL16,PUBModel,PUB,peijun_li,200,0,8,historical,idw,-0.515668,,,,,,,531,1461,pubL16_peijun_li_PUB_e200_s0
peijun_li,Peijun Li Ensemble,531,1980-10-01..1999-09-30,1995-10-01..1999-09-30,pubL16,PUBModel,PUB,peijun_li,200,0,8,historical,ctx_mean,-0.471972,,,,,,,531,1461,pubL16_peijun_li_PUB_e200_s0
peijun_li,Peijun Li Ensemble,531,1980-10-01..1999-09-30,1995-10-01..1999-09-30,pubL16,PUBModel,PUB,peijun_li,200,0,8,historical,nn_donor,-0.663386,,,,,,,531,1461,pubL16_peijun_li_PUB_e200_s0
peijun_li,Peijun Li Ensemble,531,1980-10-01..1999-09-30,1995-10-01..1999-09-30,pubL16,PUBModel,PUR,peijun_li,200,0,0,historical,model,0.482999,0.510578,0.758736,-0.032886,1.803903,-23.408716,11.18995,531,1461,pubL16_peijun_li_PUR_e200_s0
peijun_li,Peijun Li Ensemble,531,1980-10-01..1999-09-30,1995-10-01..1999-09-30,pubL16,PUBModel,PUR,peijun_li,200,0,1,historical,model,0.596188,0.623303,0.824239,-0.013108,1.541865,-13.7455,2.208423,531,1461,pubL16_peijun_li_PUR_e200_s0
peijun_li,Peijun Li Ensemble,531,1980-10-01..1999-09-30,1995-10-01..1999-09-30,pubL16,PUBModel,PUR,peijun_li,200,0,1,historical,idw,-0.663386,,,,,,,531,1461,pubL16_peijun_li_PUR_e200_s0
peijun_li,Peijun Li Ensemble,531,1980-10-01..1999-09-30,1995-10-01..1999-09-30,pubL16,PUBModel,PUR,peijun_li,200,0,1,historical,ctx_mean,-0.663386,,,,,,,531,1461,pubL16_peijun_li_PUR_e200_s0
peijun_li,Peijun Li Ensemble,531,1980-10-01..1999-09-30,1995-10-01..1999-09-30,pubL16,PUBModel,PUR,peijun_li,200,0,1,historical,nn_donor,-0.663386,,,,,,,531,1461,pubL16_peijun_li_PUR_e200_s0
peijun_li,Peijun Li Ensemble,531,1980-10-01..1999-09-30,1995-10-01..1999-09-30,pubL16,PUBModel,PUR,peijun_li,200,0,2,historical,model,0.601935,0.622265,0.826513,-0.0133,1.501476,-13.307769,0.794443,531,1461,pubL16_peijun_li_PUR_e200_s0
peijun_li,Peijun Li Ensemble,531,1980-10-01..1999-09-30,1995-10-01..1999-09-30,pubL16,PUBModel,PUR,peijun_li,200,0,2,historical,idw,-0.606875,,,,,,,531,1461,pubL16_peijun_li_PUR_e200_s0
peijun_li,Peijun Li Ensemble,531,1980-10-01..1999-09-30,1995-10-01..1999-09-30,pubL16,PUBModel,PUR,peijun_li,200,0,2,historical,ctx_mean,-0.609874,,,,,,,531,1461,pubL16_peijun_li_PUR_e200_s0
peijun_li,Peijun Li Ensemble,531,1980-10-01..1999-09-30,1995-10-01..1999-09-30,pubL16,PUBModel,PUR,peijun_li,200,0,2,historical,nn_donor,-0.663386,,,,,,,531,1461,pubL16_peijun_li_PUR_e200_s0
peijun_li,Peijun Li Ensemble,531,1980-10-01..1999-09-30,1995-10-01..1999-09-30,pubL16,PUBModel,PUR,peijun_li,200,0,4,historical,model,0.601788,0.626322,0.828888,-0.016766,1.463438,-13.59148,4.195475,531,1461,pubL16_peijun_li_PUR_e200_s0
peijun_li,Peijun Li Ensemble,531,1980-10-01..1999-09-30,1995-10-01..1999-09-30,pubL16,PUBModel,PUR,peijun_li,200,0,4,historical,idw,-0.554641,,,,,,,531,1461,pubL16_peijun_li_PUR_e200_s0
peijun_li,Peijun Li Ensemble,531,1980-10-01..1999-09-30,1995-10-01..1999-09-30,pubL16,PUBModel,PUR,peijun_li,200,0,4,historical,ctx_mean,-0.543597,,,,,,,531,1461,pubL16_peijun_li_PUR_e200_s0
peijun_li,Peijun Li Ensemble,531,1980-10-01..1999-09-30,1995-10-01..1999-09-30,pubL16,PUBModel,PUR,peijun_li,200,0,4,historical,nn_donor,-0.663386,,,,,,,531,1461,pubL16_peijun_li_PUR_e200_s0
peijun_li,Peijun Li Ensemble,531,1980-10-01..1999-09-30,1995-10-01..1999-09-30,pubL16,PUBModel,PUR,peijun_li,200,0,8,historical,model,0.600911,0.622731,0.828994,-0.009659,1.456724,-14.24664,5.413857,531,1461,pubL16_peijun_li_PUR_e200_s0
peijun_li,Peijun Li Ensemble,531,1980-10-01..1999-09-30,1995-10-01..1999-09-30,pubL16,PUBModel,PUR,peijun_li,200,0,8,historical,idw,-0.515668,,,,,,,531,1461,pubL16_peijun_li_PUR_e200_s0
peijun_li,Peijun Li Ensemble,531,1980-10-01..1999-09-30,1995-10-01..1999-09-30,pubL16,PUBModel,PUR,peijun_li,200,0,8,historical,ctx_mean,-0.471972,,,,,,,531,1461,pubL16_peijun_li_PUR_e200_s0
peijun_li,Peijun Li Ensemble,531,1980-10-01..1999-09-30,1995-10-01..1999-09-30,pubL16,PUBModel,PUR,peijun_li,200,0,8,historical,nn_donor,-0.663386,,,,,,,531,1461,pubL16_peijun_li_PUR_e200_s0
feng2023,Dapeng Feng 2023,531,1989-10-01..1999-09-30,1989-10-01..1999-09-30,pubL1,PUBModel,PUB,feng2023,200,0,0,historical,model,0.53551,0.59735,0.770388,-0.019959,1.689666,-21.833771,33.485042,531,3652,pubL1_feng2023_PUB_e200_s0
feng2023,Dapeng Feng 2023,531,1989-10-01..1999-09-30,1989-10-01..1999-09-30,pubL1,PUBModel,PUB,feng2023,200,0,1,historical,model,0.689274,0.698351,0.871164,-0.006966,1.331873,-8.923845,8.047377,531,3652,pubL1_feng2023_PUB_e200_s0
feng2023,Dapeng Feng 2023,531,1989-10-01..1999-09-30,1989-10-01..1999-09-30,pubL1,PUBModel,PUB,feng2023,200,0,1,historical,idw,0.090337,,,,,,,531,3652,pubL1_feng2023_PUB_e200_s0
feng2023,Dapeng Feng 2023,531,1989-10-01..1999-09-30,1989-10-01..1999-09-30,pubL1,PUBModel,PUB,feng2023,200,0,1,historical,ctx_mean,0.090337,,,,,,,531,3652,pubL1_feng2023_PUB_e200_s0
feng2023,Dapeng Feng 2023,531,1989-10-01..1999-09-30,1989-10-01..1999-09-30,pubL1,PUBModel,PUB,feng2023,200,0,1,historical,nn_donor,0.090337,,,,,,,531,3652,pubL1_feng2023_PUB_e200_s0
feng2023,Dapeng Feng 2023,531,1989-10-01..1999-09-30,1989-10-01..1999-09-30,pubL1,PUBModel,PUB,feng2023,200,0,2,historical,model,0.69974,0.709446,0.878565,-0.002293,1.304762,-9.740845,7.829926,531,3652,pubL1_feng2023_PUB_e200_s0
feng2023,Dapeng Feng 2023,531,1989-10-01..1999-09-30,1989-10-01..1999-09-30,pubL1,PUBModel,PUB,feng2023,200,0,2,historical,idw,0.172436,,,,,,,531,3652,pubL1_feng2023_PUB_e200_s0
feng2023,Dapeng Feng 2023,531,1989-10-01..1999-09-30,1989-10-01..1999-09-30,pubL1,PUBModel,PUB,feng2023,200,0,2,historical,ctx_mean,0.183328,,,,,,,531,3652,pubL1_feng2023_PUB_e200_s0
feng2023,Dapeng Feng 2023,531,1989-10-01..1999-09-30,1989-10-01..1999-09-30,pubL1,PUBModel,PUB,feng2023,200,0,2,historical,nn_donor,0.090337,,,,,,,531,3652,pubL1_feng2023_PUB_e200_s0
feng2023,Dapeng Feng 2023,531,1989-10-01..1999-09-30,1989-10-01..1999-09-30,pubL1,PUBModel,PUB,feng2023,200,0,4,historical,model,0.709818,0.716161,0.880895,-0.001286,1.293497,-9.461722,5.846625,531,3652,pubL1_feng2023_PUB_e200_s0
feng2023,Dapeng Feng 2023,531,1989-10-01..1999-09-30,1989-10-01..1999-09-30,pubL1,PUBModel,PUB,feng2023,200,0,4,historical,idw,0.220876,,,,,,,531,3652,pubL1_feng2023_PUB_e200_s0
feng2023,Dapeng Feng 2023,531,1989-10-01..1999-09-30,1989-10-01..1999-09-30,pubL1,PUBModel,PUB,feng2023,200,0,4,historical,ctx_mean,0.22727,,,,,,,531,3652,pubL1_feng2023_PUB_e200_s0
feng2023,Dapeng Feng 2023,531,1989-10-01..1999-09-30,1989-10-01..1999-09-30,pubL1,PUBModel,PUB,feng2023,200,0,4,historical,nn_donor,0.090337,,,,,,,531,3652,pubL1_feng2023_PUB_e200_s0
feng2023,Dapeng Feng 2023,531,1989-10-01..1999-09-30,1989-10-01..1999-09-30,pubL1,PUBModel,PUB,feng2023,200,0,8,historical,model,0.71473,0.716557,0.882008,-0.002673,1.292513,-8.040421,3.410909,531,3652,pubL1_feng2023_PUB_e200_s0
feng2023,Dapeng Feng 2023,531,1989-10-01..1999-09-30,1989-10-01..1999-09-30,pubL1,PUBModel,PUB,feng2023,200,0,8,historical,idw,0.246514,,,,,,,531,3652,pubL1_feng2023_PUB_e200_s0
feng2023,Dapeng Feng 2023,531,1989-10-01..1999-09-30,1989-10-01..1999-09-30,pubL1,PUBModel,PUB,feng2023,200,0,8,historical,ctx_mean,0.218323,,,,,,,531,3652,pubL1_feng2023_PUB_e200_s0
feng2023,Dapeng Feng 2023,531,1989-10-01..1999-09-30,1989-10-01..1999-09-30,pubL1,PUBModel,PUB,feng2023,200,0,8,historical,nn_donor,0.090337,,,,,,,531,3652,pubL1_feng2023_PUB_e200_s0
feng2023,Dapeng Feng 2023,531,1989-10-01..1999-09-30,1989-10-01..1999-09-30,pubL1,PUBModel,PUB,feng2023,200,1,0,historical,model,0.557209,0.604479,0.782625,-0.013519,1.649973,-20.074113,27.471922,531,3652,pubL1_feng2023_PUB_e200_s1
feng2023,Dapeng Feng 2023,531,1989-10-01..1999-09-30,1989-10-01..1999-09-30,pubL1,PUBModel,PUB,feng2023,200,1,1,historical,model,0.682206,0.696902,0.873407,-0.014742,1.329653,-9.921438,4.85616,531,3652,pubL1_feng2023_PUB_e200_s1
feng2023,Dapeng Feng 2023,531,1989-10-01..1999-09-30,1989-10-01..1999-09-30,pubL1,PUBModel,PUB,feng2023,200,1,1,historical,idw,0.090337,,,,,,,531,3652,pubL1_feng2023_PUB_e200_s1
feng2023,Dapeng Feng 2023,531,1989-10-01..1999-09-30,1989-10-01..1999-09-30,pubL1,PUBModel,PUB,feng2023,200,1,1,historical,ctx_mean,0.090337,,,,,,,531,3652,pubL1_feng2023_PUB_e200_s1
feng2023,Dapeng Feng 2023,531,1989-10-01..1999-09-30,1989-10-01..1999-09-30,pubL1,PUBModel,PUB,feng2023,200,1,1,historical,nn_donor,0.090337,,,,,,,531,3652,pubL1_feng2023_PUB_e200_s1
feng2023,Dapeng Feng 2023,531,1989-10-01..1999-09-30,1989-10-01..1999-09-30,pubL1,PUBModel,PUB,feng2023,200,1,2,historical,model,0.6953,0.705969,0.881064,-0.007942,1.287277,-10.342884,2.753451,531,3652,pubL1_feng2023_PUB_e200_s1
feng2023,Dapeng Feng 2023,531,1989-10-01..1999-09-30,1989-10-01..1999-09-30,pubL1,PUBModel,PUB,feng2023,200,1,2,historical,idw,0.172436,,,,,,,531,3652,pubL1_feng2023_PUB_e200_s1
feng2023,Dapeng Feng 2023,531,1989-10-01..1999-09-30,1989-10-01..1999-09-30,pubL1,PUBModel,PUB,feng2023,200,1,2,historical,ctx_mean,0.183328,,,,,,,531,3652,pubL1_feng2023_PUB_e200_s1
feng2023,Dapeng Feng 2023,531,1989-10-01..1999-09-30,1989-10-01..1999-09-30,pubL1,PUBModel,PUB,feng2023,200,1,2,historical,nn_donor,0.090337,,,,,,,531,3652,pubL1_feng2023_PUB_e200_s1
feng2023,Dapeng Feng 2023,531,1989-10-01..1999-09-30,1989-10-01..1999-09-30,pubL1,PUBModel,PUB,feng2023,200,1,4,historical,model,0.706145,0.708709,0.882496,-0.005871,1.277631,-9.424665,1.650615,531,3652,pubL1_feng2023_PUB_e200_s1
feng2023,Dapeng Feng 2023,531,1989-10-01..1999-09-30,1989-10-01..1999-09-30,pubL1,PUBModel,PUB,feng2023,200,1,4,historical,idw,0.220876,,,,,,,531,3652,pubL1_feng2023_PUB_e200_s1
feng2023,Dapeng Feng 2023,531,1989-10-01..1999-09-30,1989-10-01..1999-09-30,pubL1,PUBModel,PUB,feng2023,200,1,4,historical,ctx_mean,0.22727,,,,,,,531,3652,pubL1_feng2023_PUB_e200_s1
feng2023,Dapeng Feng 2023,531,1989-10-01..1999-09-30,1989-10-01..1999-09-30,pubL1,PUBModel,PUB,feng2023,200,1,4,historical,nn_donor,0.090337,,,,,,,531,3652,pubL1_feng2023_PUB_e200_s1
feng2023,Dapeng Feng 2023,531,1989-10-01..1999-09-30,1989-10-01..1999-09-30,pubL1,PUBModel,PUB,feng2023,200,1,8,historical,model,0.710246,0.706901,0.885273,-0.000764,1.275238,-9.255133,2.496554,531,3652,pubL1_feng2023_PUB_e200_s1
feng2023,Dapeng Feng 2023,531,1989-10-01..1999-09-30,1989-10-01..1999-09-30,pubL1,PUBModel,PUB,feng2023,200,1,8,historical,idw,0.246514,,,,,,,531,3652,pubL1_feng2023_PUB_e200_s1
feng2023,Dapeng Feng 2023,531,1989-10-01..1999-09-30,1989-10-01..1999-09-30,pubL1,PUBModel,PUB,feng2023,200,1,8,historical,ctx_mean,0.218323,,,,,,,531,3652,pubL1_feng2023_PUB_e200_s1
feng2023,Dapeng Feng 2023,531,1989-10-01..1999-09-30,1989-10-01..1999-09-30,pubL1,PUBModel,PUB,feng2023,200,1,8,historical,nn_donor,0.090337,,,,,,,531,3652,pubL1_feng2023_PUB_e200_s1
feng2023,Dapeng Feng 2023,531,1989-10-01..1999-09-30,1989-10-01..1999-09-30,pubL1,PUBModel,PUB,feng2023,200,2,0,historical,model,0.548126,0.600277,0.772868,-0.018336,1.688487,-20.907857,23.722807,531,3652,pubL1_feng2023_PUB_e200_s2
feng2023,Dapeng Feng 2023,531,1989-10-01..1999-09-30,1989-10-01..1999-09-30,pubL1,PUBModel,PUB,feng2023,200,2,1,historical,model,0.686978,0.695211,0.870981,0.001958,1.320079,-8.265852,3.366841,531,3652,pubL1_feng2023_PUB_e200_s2
feng2023,Dapeng Feng 2023,531,1989-10-01..1999-09-30,1989-10-01..1999-09-30,pubL1,PUBModel,PUB,feng2023,200,2,1,historical,idw,0.090337,,,,,,,531,3652,pubL1_feng2023_PUB_e200_s2
feng2023,Dapeng Feng 2023,531,1989-10-01..1999-09-30,1989-10-01..1999-09-30,pubL1,PUBModel,PUB,feng2023,200,2,1,historical,ctx_mean,0.090337,,,,,,,531,3652,pubL1_feng2023_PUB_e200_s2
feng2023,Dapeng Feng 2023,531,1989-10-01..1999-09-30,1989-10-01..1999-09-30,pubL1,PUBModel,PUB,feng2023,200,2,1,historical,nn_donor,0.090337,,,,,,,531,3652,pubL1_feng2023_PUB_e200_s2
feng2023,Dapeng Feng 2023,531,1989-10-01..1999-09-30,1989-10-01..1999-09-30,pubL1,PUBModel,PUB,feng2023,200,2,2,historical,model,0.699812,0.710686,0.880952,-6.2e-05,1.299042,-8.932679,-0.686809,531,3652,pubL1_feng2023_PUB_e200_s2
feng2023,Dapeng Feng 2023,531,1989-10-01..1999-09-30,1989-10-01..1999-09-30,pubL1,PUBModel,PUB,feng2023,200,2,2,historical,idw,0.172436,,,,,,,531,3652,pubL1_feng2023_PUB_e200_s2
feng2023,Dapeng Feng 2023,531,1989-10-01..1999-09-30,1989-10-01..1999-09-30,pubL1,PUBModel,PUB,feng2023,200,2,2,historical,ctx_mean,0.183328,,,,,,,531,3652,pubL1_feng2023_PUB_e200_s2
feng2023,Dapeng Feng 2023,531,1989-10-01..1999-09-30,1989-10-01..1999-09-30,pubL1,PUBModel,PUB,feng2023,200,2,2,historical,nn_donor,0.090337,,,,,,,531,3652,pubL1_feng2023_PUB_e200_s2
feng2023,Dapeng Feng 2023,531,1989-10-01..1999-09-30,1989-10-01..1999-09-30,pubL1,PUBModel,PUB,feng2023,200,2,4,historical,model,0.709799,0.710171,0.884021,-0.006435,1.310346,-8.863532,0.946166,531,3652,pubL1_feng2023_PUB_e200_s2
feng2023,Dapeng Feng 2023,531,1989-10-01..1999-09-30,1989-10-01..1999-09-30,pubL1,PUBModel,PUB,feng2023,200,2,4,historical,idw,0.220876,,,,,,,531,3652,pubL1_feng2023_PUB_e200_s2
feng2023,Dapeng Feng 2023,531,1989-10-01..1999-09-30,1989-10-01..1999-09-30,pubL1,PUBModel,PUB,feng2023,200,2,4,historical,ctx_mean,0.22727,,,,,,,531,3652,pubL1_feng2023_PUB_e200_s2
feng2023,Dapeng Feng 2023,531,1989-10-01..1999-09-30,1989-10-01..1999-09-30,pubL1,PUBModel,PUB,feng2023,200,2,4,historical,nn_donor,0.090337,,,,,,,531,3652,pubL1_feng2023_PUB_e200_s2
feng2023,Dapeng Feng 2023,531,1989-10-01..1999-09-30,1989-10-01..1999-09-30,pubL1,PUBModel,PUB,feng2023,200,2,8,historical,model,0.713953,0.71016,0.883895,-0.003588,1.281451,-8.254111,0.552963,531,3652,pubL1_feng2023_PUB_e200_s2
feng2023,Dapeng Feng 2023,531,1989-10-01..1999-09-30,1989-10-01..1999-09-30,pubL1,PUBModel,PUB,feng2023,200,2,8,historical,idw,0.246514,,,,,,,531,3652,pubL1_feng2023_PUB_e200_s2
feng2023,Dapeng Feng 2023,531,1989-10-01..1999-09-30,1989-10-01..1999-09-30,pubL1,PUBModel,PUB,feng2023,200,2,8,historical,ctx_mean,0.218323,,,,,,,531,3652,pubL1_feng2023_PUB_e200_s2
feng2023,Dapeng Feng 2023,531,1989-10-01..1999-09-30,1989-10-01..1999-09-30,pubL1,PUBModel,PUB,feng2023,200,2,8,historical,nn_donor,0.090337,,,,,,,531,3652,pubL1_feng2023_PUB_e200_s2
feng2023,Dapeng Feng 2023,531,1989-10-01..1999-09-30,1989-10-01..1999-09-30,pubL1,PUBModel,PUR,feng2023,200,0,0,historical,model,0.416924,0.458035,0.693161,-0.055295,1.923558,-32.352138,34.809523,531,3652,pubL1_feng2023_PUR_e200_s0
feng2023,Dapeng Feng 2023,531,1989-10-01..1999-09-30,1989-10-01..1999-09-30,pubL1,PUBModel,PUR,feng2023,200,0,1,historical,model,0.626695,0.621183,0.846417,-0.027,1.430446,-15.974259,7.161392,531,3652,pubL1_feng2023_PUR_e200_s0
feng2023,Dapeng Feng 2023,531,1989-10-01..1999-09-30,1989-10-01..1999-09-30,pubL1,PUBModel,PUR,feng2023,200,0,1,historical,idw,0.090337,,,,,,,531,3652,pubL1_feng2023_PUR_e200_s0
feng2023,Dapeng Feng 2023,531,1989-10-01..1999-09-30,1989-10-01..1999-09-30,pubL1,PUBModel,PUR,feng2023,200,0,1,historical,ctx_mean,0.090337,,,,,,,531,3652,pubL1_feng2023_PUR_e200_s0
feng2023,Dapeng Feng 2023,531,1989-10-01..1999-09-30,1989-10-01..1999-09-30,pubL1,PUBModel,PUR,feng2023,200,0,1,historical,nn_donor,0.090337,,,,,,,531,3652,pubL1_feng2023_PUR_e200_s0
feng2023,Dapeng Feng 2023,531,1989-10-01..1999-09-30,1989-10-01..1999-09-30,pubL1,PUBModel,PUR,feng2023,200,0,2,historical,model,0.652443,0.638835,0.853657,-0.030213,1.421839,-17.648899,12.269922,531,3652,pubL1_feng2023_PUR_e200_s0
feng2023,Dapeng Feng 2023,531,1989-10-01..1999-09-30,1989-10-01..1999-09-30,pubL1,PUBModel,PUR,feng2023,200,0,2,historical,idw,0.172436,,,,,,,531,3652,pubL1_feng2023_PUR_e200_s0
feng2023,Dapeng Feng 2023,531,1989-10-01..1999-09-30,1989-10-01..1999-09-30,pubL1,PUBModel,PUR,feng2023,200,0,2,historical,ctx_mean,0.183328,,,,,,,531,3652,pubL1_feng2023_PUR_e200_s0
feng2023,Dapeng Feng 2023,531,1989-10-01..1999-09-30,1989-10-01..1999-09-30,pubL1,PUBModel,PUR,feng2023,200,0,2,historical,nn_donor,0.090337,,,,,,,531,3652,pubL1_feng2023_PUR_e200_s0
feng2023,Dapeng Feng 2023,531,1989-10-01..1999-09-30,1989-10-01..1999-09-30,pubL1,PUBModel,PUR,feng2023,200,0,4,historical,model,0.660724,0.638872,0.856285,-0.032093,1.407878,-17.027087,10.926434,531,3652,pubL1_feng2023_PUR_e200_s0
feng2023,Dapeng Feng 2023,531,1989-10-01..1999-09-30,1989-10-01..1999-09-30,pubL1,PUBModel,PUR,feng2023,200,0,4,historical,idw,0.220876,,,,,,,531,3652,pubL1_feng2023_PUR_e200_s0
feng2023,Dapeng Feng 2023,531,1989-10-01..1999-09-30,1989-10-01..1999-09-30,pubL1,PUBModel,PUR,feng2023,200,0,4,historical,ctx_mean,0.22727,,,,,,,531,3652,pubL1_feng2023_PUR_e200_s0
feng2023,Dapeng Feng 2023,531,1989-10-01..1999-09-30,1989-10-01..1999-09-30,pubL1,PUBModel,PUR,feng2023,200,0,4,historical,nn_donor,0.090337,,,,,,,531,3652,pubL1_feng2023_PUR_e200_s0
feng2023,Dapeng Feng 2023,531,1989-10-01..1999-09-30,1989-10-01..1999-09-30,pubL1,PUBModel,PUR,feng2023,200,0,8,historical,model,0.655287,0.640829,0.856745,-0.033593,1.423154,-17.48008,9.789729,531,3652,pubL1_feng2023_PUR_e200_s0
feng2023,Dapeng Feng 2023,531,1989-10-01..1999-09-30,1989-10-01..1999-09-30,pubL1,PUBModel,PUR,feng2023,200,0,8,historical,idw,0.246514,,,,,,,531,3652,pubL1_feng2023_PUR_e200_s0
feng2023,Dapeng Feng 2023,531,1989-10-01..1999-09-30,1989-10-01..1999-09-30,pubL1,PUBModel,PUR,feng2023,200,0,8,historical,ctx_mean,0.218323,,,,,,,531,3652,pubL1_feng2023_PUR_e200_s0
feng2023,Dapeng Feng 2023,531,1989-10-01..1999-09-30,1989-10-01..1999-09-30,pubL1,PUBModel,PUR,feng2023,200,0,8,historical,nn_donor,0.090337,,,,,,,531,3652,pubL1_feng2023_PUR_e200_s0
feng2023,Dapeng Feng 2023,531,1989-10-01..1999-09-30,1989-10-01..1999-09-30,pubL1,PUBModel,PUR,feng2023,200,1,0,historical,model,0.408109,0.48112,0.689937,-0.065933,1.922894,-30.384969,28.818481,531,3652,pubL1_feng2023_PUR_e200_s1
feng2023,Dapeng Feng 2023,531,1989-10-01..1999-09-30,1989-10-01..1999-09-30,pubL1,PUBModel,PUR,feng2023,200,1,1,historical,model,0.634464,0.626576,0.845998,-0.038654,1.426276,-16.605788,7.265362,531,3652,pubL1_feng2023_PUR_e200_s1
feng2023,Dapeng Feng 2023,531,1989-10-01..1999-09-30,1989-10-01..1999-09-30,pubL1,PUBModel,PUR,feng2023,200,1,1,historical,idw,0.090337,,,,,,,531,3652,pubL1_feng2023_PUR_e200_s1
feng2023,Dapeng Feng 2023,531,1989-10-01..1999-09-30,1989-10-01..1999-09-30,pubL1,PUBModel,PUR,feng2023,200,1,1,historical,ctx_mean,0.090337,,,,,,,531,3652,pubL1_feng2023_PUR_e200_s1
feng2023,Dapeng Feng 2023,531,1989-10-01..1999-09-30,1989-10-01..1999-09-30,pubL1,PUBModel,PUR,feng2023,200,1,1,historical,nn_donor,0.090337,,,,,,,531,3652,pubL1_feng2023_PUR_e200_s1
feng2023,Dapeng Feng 2023,531,1989-10-01..1999-09-30,1989-10-01..1999-09-30,pubL1,PUBModel,PUR,feng2023,200,1,2,historical,model,0.648348,0.637448,0.85605,-0.036982,1.399274,-16.298092,11.652998,531,3652,pubL1_feng2023_PUR_e200_s1
feng2023,Dapeng Feng 2023,531,1989-10-01..1999-09-30,1989-10-01..1999-09-30,pubL1,PUBModel,PUR,feng2023,200,1,2,historical,idw,0.172436,,,,,,,531,3652,pubL1_feng2023_PUR_e200_s1
feng2023,Dapeng Feng 2023,531,1989-10-01..1999-09-30,1989-10-01..1999-09-30,pubL1,PUBModel,PUR,feng2023,200,1,2,historical,ctx_mean,0.183328,,,,,,,531,3652,pubL1_feng2023_PUR_e200_s1
feng2023,Dapeng Feng 2023,531,1989-10-01..1999-09-30,1989-10-01..1999-09-30,pubL1,PUBModel,PUR,feng2023,200,1,2,historical,nn_donor,0.090337,,,,,,,531,3652,pubL1_feng2023_PUR_e200_s1
feng2023,Dapeng Feng 2023,531,1989-10-01..1999-09-30,1989-10-01..1999-09-30,pubL1,PUBModel,PUR,feng2023,200,1,4,historical,model,0.659231,0.645224,0.85827,-0.039439,1.38592,-16.274309,9.57424,531,3652,pubL1_feng2023_PUR_e200_s1
feng2023,Dapeng Feng 2023,531,1989-10-01..1999-09-30,1989-10-01..1999-09-30,pubL1,PUBModel,PUR,feng2023,200,1,4,historical,idw,0.220876,,,,,,,531,3652,pubL1_feng2023_PUR_e200_s1
feng2023,Dapeng Feng 2023,531,1989-10-01..1999-09-30,1989-10-01..1999-09-30,pubL1,PUBModel,PUR,feng2023,200,1,4,historical,ctx_mean,0.22727,,,,,,,531,3652,pubL1_feng2023_PUR_e200_s1
feng2023,Dapeng Feng 2023,531,1989-10-01..1999-09-30,1989-10-01..1999-09-30,pubL1,PUBModel,PUR,feng2023,200,1,4,historical,nn_donor,0.090337,,,,,,,531,3652,pubL1_feng2023_PUR_e200_s1
feng2023,Dapeng Feng 2023,531,1989-10-01..1999-09-30,1989-10-01..1999-09-30,pubL1,PUBModel,PUR,feng2023,200,1,8,historical,model,0.664111,0.643449,0.859119,-0.041041,1.40278,-16.218049,10.469101,531,3652,pubL1_feng2023_PUR_e200_s1
feng2023,Dapeng Feng 2023,531,1989-10-01..1999-09-30,1989-10-01..1999-09-30,pubL1,PUBModel,PUR,feng2023,200,1,8,historical,idw,0.246514,,,,,,,531,3652,pubL1_feng2023_PUR_e200_s1
feng2023,Dapeng Feng 2023,531,1989-10-01..1999-09-30,1989-10-01..1999-09-30,pubL1,PUBModel,PUR,feng2023,200,1,8,historical,ctx_mean,0.218323,,,,,,,531,3652,pubL1_feng2023_PUR_e200_s1
feng2023,Dapeng Feng 2023,531,1989-10-01..1999-09-30,1989-10-01..1999-09-30,pubL1,PUBModel,PUR,feng2023,200,1,8,historical,nn_donor,0.090337,,,,,,,531,3652,pubL1_feng2023_PUR_e200_s1
feng2023,Dapeng Feng 2023,531,1989-10-01..1999-09-30,1989-10-01..1999-09-30,pubL1,PUBModel,PUR,feng2023,200,2,0,historical,model,0.432475,0.492917,0.71006,-0.048142,1.875636,-28.923776,28.316073,531,3652,pubL1_feng2023_PUR_e200_s2
feng2023,Dapeng Feng 2023,531,1989-10-01..1999-09-30,1989-10-01..1999-09-30,pubL1,PUBModel,PUR,feng2023,200,2,1,historical,model,0.632066,0.632946,0.84818,-0.03206,1.433054,-15.259022,13.272123,531,3652,pubL1_feng2023_PUR_e200_s2
feng2023,Dapeng Feng 2023,531,1989-10-01..1999-09-30,1989-10-01..1999-09-30,pubL1,PUBModel,PUR,feng2023,200,2,1,historical,idw,0.090337,,,,,,,531,3652,pubL1_feng2023_PUR_e200_s2
feng2023,Dapeng Feng 2023,531,1989-10-01..1999-09-30,1989-10-01..1999-09-30,pubL1,PUBModel,PUR,feng2023,200,2,1,historical,ctx_mean,0.090337,,,,,,,531,3652,pubL1_feng2023_PUR_e200_s2
feng2023,Dapeng Feng 2023,531,1989-10-01..1999-09-30,1989-10-01..1999-09-30,pubL1,PUBModel,PUR,feng2023,200,2,1,historical,nn_donor,0.090337,,,,,,,531,3652,pubL1_feng2023_PUR_e200_s2
feng2023,Dapeng Feng 2023,531,1989-10-01..1999-09-30,1989-10-01..1999-09-30,pubL1,PUBModel,PUR,feng2023,200,2,2,historical,model,0.656188,0.654355,0.855079,-0.024645,1.39597,-14.663361,14.1904,531,3652,pubL1_feng2023_PUR_e200_s2
feng2023,Dapeng Feng 2023,531,1989-10-01..1999-09-30,1989-10-01..1999-09-30,pubL1,PUBModel,PUR,feng2023,200,2,2,historical,idw,0.172436,,,,,,,531,3652,pubL1_feng2023_PUR_e200_s2
feng2023,Dapeng Feng 2023,531,1989-10-01..1999-09-30,1989-10-01..1999-09-30,pubL1,PUBModel,PUR,feng2023,200,2,2,historical,ctx_mean,0.183328,,,,,,,531,3652,pubL1_feng2023_PUR_e200_s2
feng2023,Dapeng Feng 2023,531,1989-10-01..1999-09-30,1989-10-01..1999-09-30,pubL1,PUBModel,PUR,feng2023,200,2,2,historical,nn_donor,0.090337,,,,,,,531,3652,pubL1_feng2023_PUR_e200_s2
feng2023,Dapeng Feng 2023,531,1989-10-01..1999-09-30,1989-10-01..1999-09-30,pubL1,PUBModel,PUR,feng2023,200,2,4,historical,model,0.66696,0.650384,0.861515,-0.028438,1.39432,-14.762366,14.558447,531,3652,pubL1_feng2023_PUR_e200_s2
feng2023,Dapeng Feng 2023,531,1989-10-01..1999-09-30,1989-10-01..1999-09-30,pubL1,PUBModel,PUR,feng2023,200,2,4,historical,idw,0.220876,,,,,,,531,3652,pubL1_feng2023_PUR_e200_s2
feng2023,Dapeng Feng 2023,531,1989-10-01..1999-09-30,1989-10-01..1999-09-30,pubL1,PUBModel,PUR,feng2023,200,2,4,historical,ctx_mean,0.22727,,,,,,,531,3652,pubL1_feng2023_PUR_e200_s2
feng2023,Dapeng Feng 2023,531,1989-10-01..1999-09-30,1989-10-01..1999-09-30,pubL1,PUBModel,PUR,feng2023,200,2,4,historical,nn_donor,0.090337,,,,,,,531,3652,pubL1_feng2023_PUR_e200_s2
feng2023,Dapeng Feng 2023,531,1989-10-01..1999-09-30,1989-10-01..1999-09-30,pubL1,PUBModel,PUR,feng2023,200,2,8,historical,model,0.660407,0.651405,0.862052,-0.029084,1.390992,-14.795289,13.101584,531,3652,pubL1_feng2023_PUR_e200_s2
feng2023,Dapeng Feng 2023,531,1989-10-01..1999-09-30,1989-10-01..1999-09-30,pubL1,PUBModel,PUR,feng2023,200,2,8,historical,idw,0.246514,,,,,,,531,3652,pubL1_feng2023_PUR_e200_s2
feng2023,Dapeng Feng 2023,531,1989-10-01..1999-09-30,1989-10-01..1999-09-30,pubL1,PUBModel,PUR,feng2023,200,2,8,historical,ctx_mean,0.218323,,,,,,,531,3652,pubL1_feng2023_PUR_e200_s2
feng2023,Dapeng Feng 2023,531,1989-10-01..1999-09-30,1989-10-01..1999-09-30,pubL1,PUBModel,PUR,feng2023,200,2,8,historical,nn_donor,0.090337,,,,,,,531,3652,pubL1_feng2023_PUR_e200_s2
leo10_531,10 years 531 Leo,531,1999-10-01..2008-09-30,1989-10-01..1999-09-30,pubL1,PUBModel,temporal,leo10_531,200,0,0,historical,model,0.433692,0.487796,0.684071,-0.12821,1.879568,-36.03434,17.653498,531,3652,pubL1_leo10_531_temporal_e200_s0
leo10_531,10 years 531 Leo,531,1999-10-01..2008-09-30,1989-10-01..1999-09-30,pubL1,PUBModel,temporal,leo10_531,200,0,1,historical,model,0.705143,0.705896,0.856807,-0.072252,1.309138,-20.372282,2.833922,531,3652,pubL1_leo10_531_temporal_e200_s0
leo10_531,10 years 531 Leo,531,1999-10-01..2008-09-30,1989-10-01..1999-09-30,pubL1,PUBModel,temporal,leo10_531,200,0,1,historical,idw,0.090337,,,,,,,531,3652,pubL1_leo10_531_temporal_e200_s0
leo10_531,10 years 531 Leo,531,1999-10-01..2008-09-30,1989-10-01..1999-09-30,pubL1,PUBModel,temporal,leo10_531,200,0,1,historical,ctx_mean,0.090337,,,,,,,531,3652,pubL1_leo10_531_temporal_e200_s0
leo10_531,10 years 531 Leo,531,1999-10-01..2008-09-30,1989-10-01..1999-09-30,pubL1,PUBModel,temporal,leo10_531,200,0,1,historical,nn_donor,0.090337,,,,,,,531,3652,pubL1_leo10_531_temporal_e200_s0
leo10_531,10 years 531 Leo,531,1999-10-01..2008-09-30,1989-10-01..1999-09-30,pubL1,PUBModel,temporal,leo10_531,200,0,2,historical,model,0.726338,0.723995,0.86868,-0.064907,1.26435,-19.228694,-0.285575,531,3652,pubL1_leo10_531_temporal_e200_s0
leo10_531,10 years 531 Leo,531,1999-10-01..2008-09-30,1989-10-01..1999-09-30,pubL1,PUBModel,temporal,leo10_531,200,0,2,historical,idw,0.172436,,,,,,,531,3652,pubL1_leo10_531_temporal_e200_s0
leo10_531,10 years 531 Leo,531,1999-10-01..2008-09-30,1989-10-01..1999-09-30,pubL1,PUBModel,temporal,leo10_531,200,0,2,historical,ctx_mean,0.183328,,,,,,,531,3652,pubL1_leo10_531_temporal_e200_s0
leo10_531,10 years 531 Leo,531,1999-10-01..2008-09-30,1989-10-01..1999-09-30,pubL1,PUBModel,temporal,leo10_531,200,0,2,historical,nn_donor,0.090337,,,,,,,531,3652,pubL1_leo10_531_temporal_e200_s0
leo10_531,10 years 531 Leo,531,1999-10-01..2008-09-30,1989-10-01..1999-09-30,pubL1,PUBModel,temporal,leo10_531,200,0,4,historical,model,0.735373,0.725119,0.874551,-0.067757,1.251564,-18.764096,1.243043,531,3652,pubL1_leo10_531_temporal_e200_s0
leo10_531,10 years 531 Leo,531,1999-10-01..2008-09-30,1989-10-01..1999-09-30,pubL1,PUBModel,temporal,leo10_531,200,0,4,historical,idw,0.220876,,,,,,,531,3652,pubL1_leo10_531_temporal_e200_s0
leo10_531,10 years 531 Leo,531,1999-10-01..2008-09-30,1989-10-01..1999-09-30,pubL1,PUBModel,temporal,leo10_531,200,0,4,historical,ctx_mean,0.22727,,,,,,,531,3652,pubL1_leo10_531_temporal_e200_s0
leo10_531,10 years 531 Leo,531,1999-10-01..2008-09-30,1989-10-01..1999-09-30,pubL1,PUBModel,temporal,leo10_531,200,0,4,historical,nn_donor,0.090337,,,,,,,531,3652,pubL1_leo10_531_temporal_e200_s0
leo10_531,10 years 531 Leo,531,1999-10-01..2008-09-30,1989-10-01..1999-09-30,pubL1,PUBModel,temporal,leo10_531,200,0,8,historical,model,0.735485,0.732787,0.875147,-0.061708,1.237113,-18.679481,2.492389,531,3652,pubL1_leo10_531_temporal_e200_s0
leo10_531,10 years 531 Leo,531,1999-10-01..2008-09-30,1989-10-01..1999-09-30,pubL1,PUBModel,temporal,leo10_531,200,0,8,historical,idw,0.246514,,,,,,,531,3652,pubL1_leo10_531_temporal_e200_s0
leo10_531,10 years 531 Leo,531,1999-10-01..2008-09-30,1989-10-01..1999-09-30,pubL1,PUBModel,temporal,leo10_531,200,0,8,historical,ctx_mean,0.218323,,,,,,,531,3652,pubL1_leo10_531_temporal_e200_s0
leo10_531,10 years 531 Leo,531,1999-10-01..2008-09-30,1989-10-01..1999-09-30,pubL1,PUBModel,temporal,leo10_531,200,0,8,historical,nn_donor,0.090337,,,,,,,531,3652,pubL1_leo10_531_temporal_e200_s0
leo10_531,10 years 531 Leo,531,1999-10-01..2008-09-30,1989-10-01..1999-09-30,pubL1,PUBModel,temporal,leo10_531,200,1,0,historical,model,0.442737,0.489951,0.69063,-0.136045,1.876547,-36.724567,6.201247,531,3652,pubL1_leo10_531_temporal_e200_s1
leo10_531,10 years 531 Leo,531,1999-10-01..2008-09-30,1989-10-01..1999-09-30,pubL1,PUBModel,temporal,leo10_531,200,1,1,historical,model,0.706479,0.708007,0.857945,-0.068179,1.289685,-19.119516,-0.051398,531,3652,pubL1_leo10_531_temporal_e200_s1
leo10_531,10 years 531 Leo,531,1999-10-01..2008-09-30,1989-10-01..1999-09-30,pubL1,PUBModel,temporal,leo10_531,200,1,1,historical,idw,0.090337,,,,,,,531,3652,pubL1_leo10_531_temporal_e200_s1
leo10_531,10 years 531 Leo,531,1999-10-01..2008-09-30,1989-10-01..1999-09-30,pubL1,PUBModel,temporal,leo10_531,200,1,1,historical,ctx_mean,0.090337,,,,,,,531,3652,pubL1_leo10_531_temporal_e200_s1
leo10_531,10 years 531 Leo,531,1999-10-01..2008-09-30,1989-10-01..1999-09-30,pubL1,PUBModel,temporal,leo10_531,200,1,1,historical,nn_donor,0.090337,,,,,,,531,3652,pubL1_leo10_531_temporal_e200_s1
leo10_531,10 years 531 Leo,531,1999-10-01..2008-09-30,1989-10-01..1999-09-30,pubL1,PUBModel,temporal,leo10_531,200,1,2,historical,model,0.726903,0.725799,0.869561,-0.067189,1.246022,-19.265672,-0.448841,531,3652,pubL1_leo10_531_temporal_e200_s1
leo10_531,10 years 531 Leo,531,1999-10-01..2008-09-30,1989-10-01..1999-09-30,pubL1,PUBModel,temporal,leo10_531,200,1,2,historical,idw,0.172436,,,,,,,531,3652,pubL1_leo10_531_temporal_e200_s1
leo10_531,10 years 531 Leo,531,1999-10-01..2008-09-30,1989-10-01..1999-09-30,pubL1,PUBModel,temporal,leo10_531,200,1,2,historical,ctx_mean,0.183328,,,,,,,531,3652,pubL1_leo10_531_temporal_e200_s1
leo10_531,10 years 531 Leo,531,1999-10-01..2008-09-30,1989-10-01..1999-09-30,pubL1,PUBModel,temporal,leo10_531,200,1,2,historical,nn_donor,0.090337,,,,,,,531,3652,pubL1_leo10_531_temporal_e200_s1
leo10_531,10 years 531 Leo,531,1999-10-01..2008-09-30,1989-10-01..1999-09-30,pubL1,PUBModel,temporal,leo10_531,200,1,4,historical,model,0.737225,0.730133,0.873988,-0.07116,1.237539,-18.817713,-1.304853,531,3652,pubL1_leo10_531_temporal_e200_s1
leo10_531,10 years 531 Leo,531,1999-10-01..2008-09-30,1989-10-01..1999-09-30,pubL1,PUBModel,temporal,leo10_531,200,1,4,historical,idw,0.220876,,,,,,,531,3652,pubL1_leo10_531_temporal_e200_s1
leo10_531,10 years 531 Leo,531,1999-10-01..2008-09-30,1989-10-01..1999-09-30,pubL1,PUBModel,temporal,leo10_531,200,1,4,historical,ctx_mean,0.22727,,,,,,,531,3652,pubL1_leo10_531_temporal_e200_s1
leo10_531,10 years 531 Leo,531,1999-10-01..2008-09-30,1989-10-01..1999-09-30,pubL1,PUBModel,temporal,leo10_531,200,1,4,historical,nn_donor,0.090337,,,,,,,531,3652,pubL1_leo10_531_temporal_e200_s1
leo10_531,10 years 531 Leo,531,1999-10-01..2008-09-30,1989-10-01..1999-09-30,pubL1,PUBModel,temporal,leo10_531,200,1,8,historical,model,0.738261,0.735873,0.875605,-0.067108,1.218566,-18.111957,-1.980117,531,3652,pubL1_leo10_531_temporal_e200_s1
leo10_531,10 years 531 Leo,531,1999-10-01..2008-09-30,1989-10-01..1999-09-30,pubL1,PUBModel,temporal,leo10_531,200,1,8,historical,idw,0.246514,,,,,,,531,3652,pubL1_leo10_531_temporal_e200_s1
leo10_531,10 years 531 Leo,531,1999-10-01..2008-09-30,1989-10-01..1999-09-30,pubL1,PUBModel,temporal,leo10_531,200,1,8,historical,ctx_mean,0.218323,,,,,,,531,3652,pubL1_leo10_531_temporal_e200_s1
leo10_531,10 years 531 Leo,531,1999-10-01..2008-09-30,1989-10-01..1999-09-30,pubL1,PUBModel,temporal,leo10_531,200,1,8,historical,nn_donor,0.090337,,,,,,,531,3652,pubL1_leo10_531_temporal_e200_s1
leo10_531,10 years 531 Leo,531,1999-10-01..2008-09-30,1989-10-01..1999-09-30,pubL1,PUBModel,temporal,leo10_531,200,2,0,historical,model,0.471386,0.516918,0.710968,-0.142934,1.83295,-35.160692,9.138518,531,3652,pubL1_leo10_531_temporal_e200_s2
leo10_531,10 years 531 Leo,531,1999-10-01..2008-09-30,1989-10-01..1999-09-30,pubL1,PUBModel,temporal,leo10_531,200,2,1,historical,model,0.706463,0.705225,0.858234,-0.069815,1.298701,-20.285429,2.682407,531,3652,pubL1_leo10_531_temporal_e200_s2
leo10_531,10 years 531 Leo,531,1999-10-01..2008-09-30,1989-10-01..1999-09-30,pubL1,PUBModel,temporal,leo10_531,200,2,1,historical,idw,0.090337,,,,,,,531,3652,pubL1_leo10_531_temporal_e200_s2
leo10_531,10 years 531 Leo,531,1999-10-01..2008-09-30,1989-10-01..1999-09-30,pubL1,PUBModel,temporal,leo10_531,200,2,1,historical,ctx_mean,0.090337,,,,,,,531,3652,pubL1_leo10_531_temporal_e200_s2
leo10_531,10 years 531 Leo,531,1999-10-01..2008-09-30,1989-10-01..1999-09-30,pubL1,PUBModel,temporal,leo10_531,200,2,1,historical,nn_donor,0.090337,,,,,,,531,3652,pubL1_leo10_531_temporal_e200_s2
leo10_531,10 years 531 Leo,531,1999-10-01..2008-09-30,1989-10-01..1999-09-30,pubL1,PUBModel,temporal,leo10_531,200,2,2,historical,model,0.721402,0.716022,0.870887,-0.069169,1.242482,-20.095014,-0.894955,531,3652,pubL1_leo10_531_temporal_e200_s2
leo10_531,10 years 531 Leo,531,1999-10-01..2008-09-30,1989-10-01..1999-09-30,pubL1,PUBModel,temporal,leo10_531,200,2,2,historical,idw,0.172436,,,,,,,531,3652,pubL1_leo10_531_temporal_e200_s2
leo10_531,10 years 531 Leo,531,1999-10-01..2008-09-30,1989-10-01..1999-09-30,pubL1,PUBModel,temporal,leo10_531,200,2,2,historical,ctx_mean,0.183328,,,,,,,531,3652,pubL1_leo10_531_temporal_e200_s2
leo10_531,10 years 531 Leo,531,1999-10-01..2008-09-30,1989-10-01..1999-09-30,pubL1,PUBModel,temporal,leo10_531,200,2,2,historical,nn_donor,0.090337,,,,,,,531,3652,pubL1_leo10_531_temporal_e200_s2
leo10_531,10 years 531 Leo,531,1999-10-01..2008-09-30,1989-10-01..1999-09-30,pubL1,PUBModel,temporal,leo10_531,200,2,4,historical,model,0.73354,0.72385,0.875622,-0.066897,1.229351,-19.219042,-1.58632,531,3652,pubL1_leo10_531_temporal_e200_s2
leo10_531,10 years 531 Leo,531,1999-10-01..2008-09-30,1989-10-01..1999-09-30,pubL1,PUBModel,temporal,leo10_531,200,2,4,historical,idw,0.220876,,,,,,,531,3652,pubL1_leo10_531_temporal_e200_s2
leo10_531,10 years 531 Leo,531,1999-10-01..2008-09-30,1989-10-01..1999-09-30,pubL1,PUBModel,temporal,leo10_531,200,2,4,historical,ctx_mean,0.22727,,,,,,,531,3652,pubL1_leo10_531_temporal_e200_s2
leo10_531,10 years 531 Leo,531,1999-10-01..2008-09-30,1989-10-01..1999-09-30,pubL1,PUBModel,temporal,leo10_531,200,2,4,historical,nn_donor,0.090337,,,,,,,531,3652,pubL1_leo10_531_temporal_e200_s2
leo10_531,10 years 531 Leo,531,1999-10-01..2008-09-30,1989-10-01..1999-09-30,pubL1,PUBModel,temporal,leo10_531,200,2,8,historical,model,0.739217,0.729137,0.875146,-0.064309,1.232298,-19.111571,-1.23369,531,3652,pubL1_leo10_531_temporal_e200_s2
leo10_531,10 years 531 Leo,531,1999-10-01..2008-09-30,1989-10-01..1999-09-30,pubL1,PUBModel,temporal,leo10_531,200,2,8,historical,idw,0.246514,,,,,,,531,3652,pubL1_leo10_531_temporal_e200_s2
leo10_531,10 years 531 Leo,531,1999-10-01..2008-09-30,1989-10-01..1999-09-30,pubL1,PUBModel,temporal,leo10_531,200,2,8,historical,ctx_mean,0.218323,,,,,,,531,3652,pubL1_leo10_531_temporal_e200_s2
leo10_531,10 years 531 Leo,531,1999-10-01..2008-09-30,1989-10-01..1999-09-30,pubL1,PUBModel,temporal,leo10_531,200,2,8,historical,nn_donor,0.090337,,,,,,,531,3652,pubL1_leo10_531_temporal_e200_s2
leo15_531,15 years 531 (legacy temporal),531,1980-10-01..1995-09-30,1995-10-01..2010-09-30,pubL1,PUBModel,temporal,leo15_531,200,0,0,historical,model,0.467299,0.54353,0.705624,-0.013888,1.722057,-29.325822,37.532366,531,5479,pubL1_leo15_531_temporal_e200_s0
leo15_531,15 years 531 (legacy temporal),531,1980-10-01..1995-09-30,1995-10-01..2010-09-30,pubL1,PUBModel,temporal,leo15_531,200,0,1,historical,model,0.710825,0.736863,0.859307,-0.024647,1.230388,-13.986288,12.439457,531,5479,pubL1_leo15_531_temporal_e200_s0
leo15_531,15 years 531 (legacy temporal),531,1980-10-01..1995-09-30,1995-10-01..2010-09-30,pubL1,PUBModel,temporal,leo15_531,200,0,1,historical,idw,0.073956,,,,,,,531,5479,pubL1_leo15_531_temporal_e200_s0
leo15_531,15 years 531 (legacy temporal),531,1980-10-01..1995-09-30,1995-10-01..2010-09-30,pubL1,PUBModel,temporal,leo15_531,200,0,1,historical,ctx_mean,0.073956,,,,,,,531,5479,pubL1_leo15_531_temporal_e200_s0
leo15_531,15 years 531 (legacy temporal),531,1980-10-01..1995-09-30,1995-10-01..2010-09-30,pubL1,PUBModel,temporal,leo15_531,200,0,1,historical,nn_donor,0.073956,,,,,,,531,5479,pubL1_leo15_531_temporal_e200_s0
leo15_531,15 years 531 (legacy temporal),531,1980-10-01..1995-09-30,1995-10-01..2010-09-30,pubL1,PUBModel,temporal,leo15_531,200,0,2,historical,model,0.735916,0.74554,0.87083,-0.022992,1.185896,-13.751972,12.57124,531,5479,pubL1_leo15_531_temporal_e200_s0
leo15_531,15 years 531 (legacy temporal),531,1980-10-01..1995-09-30,1995-10-01..2010-09-30,pubL1,PUBModel,temporal,leo15_531,200,0,2,historical,idw,0.170327,,,,,,,531,5479,pubL1_leo15_531_temporal_e200_s0
leo15_531,15 years 531 (legacy temporal),531,1980-10-01..1995-09-30,1995-10-01..2010-09-30,pubL1,PUBModel,temporal,leo15_531,200,0,2,historical,ctx_mean,0.166109,,,,,,,531,5479,pubL1_leo15_531_temporal_e200_s0
leo15_531,15 years 531 (legacy temporal),531,1980-10-01..1995-09-30,1995-10-01..2010-09-30,pubL1,PUBModel,temporal,leo15_531,200,0,2,historical,nn_donor,0.073956,,,,,,,531,5479,pubL1_leo15_531_temporal_e200_s0
leo15_531,15 years 531 (legacy temporal),531,1980-10-01..1995-09-30,1995-10-01..2010-09-30,pubL1,PUBModel,temporal,leo15_531,200,0,4,historical,model,0.741976,0.75552,0.876335,-0.019259,1.173387,-13.413705,11.666887,531,5479,pubL1_leo15_531_temporal_e200_s0
leo15_531,15 years 531 (legacy temporal),531,1980-10-01..1995-09-30,1995-10-01..2010-09-30,pubL1,PUBModel,temporal,leo15_531,200,0,4,historical,idw,0.190836,,,,,,,531,5479,pubL1_leo15_531_temporal_e200_s0
leo15_531,15 years 531 (legacy temporal),531,1980-10-01..1995-09-30,1995-10-01..2010-09-30,pubL1,PUBModel,temporal,leo15_531,200,0,4,historical,ctx_mean,0.197149,,,,,,,531,5479,pubL1_leo15_531_temporal_e200_s0
leo15_531,15 years 531 (legacy temporal),531,1980-10-01..1995-09-30,1995-10-01..2010-09-30,pubL1,PUBModel,temporal,leo15_531,200,0,4,historical,nn_donor,0.073956,,,,,,,531,5479,pubL1_leo15_531_temporal_e200_s0
leo15_531,15 years 531 (legacy temporal),531,1980-10-01..1995-09-30,1995-10-01..2010-09-30,pubL1,PUBModel,temporal,leo15_531,200,0,8,historical,model,0.74756,0.756486,0.87723,-0.015284,1.164852,-13.005493,12.124226,531,5479,pubL1_leo15_531_temporal_e200_s0
leo15_531,15 years 531 (legacy temporal),531,1980-10-01..1995-09-30,1995-10-01..2010-09-30,pubL1,PUBModel,temporal,leo15_531,200,0,8,historical,idw,0.218251,,,,,,,531,5479,pubL1_leo15_531_temporal_e200_s0
leo15_531,15 years 531 (legacy temporal),531,1980-10-01..1995-09-30,1995-10-01..2010-09-30,pubL1,PUBModel,temporal,leo15_531,200,0,8,historical,ctx_mean,0.204654,,,,,,,531,5479,pubL1_leo15_531_temporal_e200_s0
leo15_531,15 years 531 (legacy temporal),531,1980-10-01..1995-09-30,1995-10-01..2010-09-30,pubL1,PUBModel,temporal,leo15_531,200,0,8,historical,nn_donor,0.073956,,,,,,,531,5479,pubL1_leo15_531_temporal_e200_s0
leo15_531,15 years 531 (legacy temporal),531,1980-10-01..1995-09-30,1995-10-01..2010-09-30,pubL1,PUBModel,temporal,leo15_531,200,1,0,historical,model,0.478971,0.542067,0.709244,-0.012852,1.700212,-29.358515,41.479747,531,5479,pubL1_leo15_531_temporal_e200_s1
leo15_531,15 years 531 (legacy temporal),531,1980-10-01..1995-09-30,1995-10-01..2010-09-30,pubL1,PUBModel,temporal,leo15_531,200,1,1,historical,model,0.711645,0.729784,0.859388,-0.030077,1.225605,-13.932499,14.67914,531,5479,pubL1_leo15_531_temporal_e200_s1
leo15_531,15 years 531 (legacy temporal),531,1980-10-01..1995-09-30,1995-10-01..2010-09-30,pubL1,PUBModel,temporal,leo15_531,200,1,1,historical,idw,0.073956,,,,,,,531,5479,pubL1_leo15_531_temporal_e200_s1
leo15_531,15 years 531 (legacy temporal),531,1980-10-01..1995-09-30,1995-10-01..2010-09-30,pubL1,PUBModel,temporal,leo15_531,200,1,1,historical,ctx_mean,0.073956,,,,,,,531,5479,pubL1_leo15_531_temporal_e200_s1
leo15_531,15 years 531 (legacy temporal),531,1980-10-01..1995-09-30,1995-10-01..2010-09-30,pubL1,PUBModel,temporal,leo15_531,200,1,1,historical,nn_donor,0.073956,,,,,,,531,5479,pubL1_leo15_531_temporal_e200_s1
leo15_531,15 years 531 (legacy temporal),531,1980-10-01..1995-09-30,1995-10-01..2010-09-30,pubL1,PUBModel,temporal,leo15_531,200,1,2,historical,model,0.738084,0.751219,0.875097,-0.028041,1.177018,-13.994443,13.683298,531,5479,pubL1_leo15_531_temporal_e200_s1
leo15_531,15 years 531 (legacy temporal),531,1980-10-01..1995-09-30,1995-10-01..2010-09-30,pubL1,PUBModel,temporal,leo15_531,200,1,2,historical,idw,0.170327,,,,,,,531,5479,pubL1_leo15_531_temporal_e200_s1
leo15_531,15 years 531 (legacy temporal),531,1980-10-01..1995-09-30,1995-10-01..2010-09-30,pubL1,PUBModel,temporal,leo15_531,200,1,2,historical,ctx_mean,0.166109,,,,,,,531,5479,pubL1_leo15_531_temporal_e200_s1
leo15_531,15 years 531 (legacy temporal),531,1980-10-01..1995-09-30,1995-10-01..2010-09-30,pubL1,PUBModel,temporal,leo15_531,200,1,2,historical,nn_donor,0.073956,,,,,,,531,5479,pubL1_leo15_531_temporal_e200_s1
leo15_531,15 years 531 (legacy temporal),531,1980-10-01..1995-09-30,1995-10-01..2010-09-30,pubL1,PUBModel,temporal,leo15_531,200,1,4,historical,model,0.749718,0.751854,0.876613,-0.026367,1.167034,-13.36467,13.829314,531,5479,pubL1_leo15_531_temporal_e200_s1
leo15_531,15 years 531 (legacy temporal),531,1980-10-01..1995-09-30,1995-10-01..2010-09-30,pubL1,PUBModel,temporal,leo15_531,200,1,4,historical,idw,0.190836,,,,,,,531,5479,pubL1_leo15_531_temporal_e200_s1
leo15_531,15 years 531 (legacy temporal),531,1980-10-01..1995-09-30,1995-10-01..2010-09-30,pubL1,PUBModel,temporal,leo15_531,200,1,4,historical,ctx_mean,0.197149,,,,,,,531,5479,pubL1_leo15_531_temporal_e200_s1
leo15_531,15 years 531 (legacy temporal),531,1980-10-01..1995-09-30,1995-10-01..2010-09-30,pubL1,PUBModel,temporal,leo15_531,200,1,4,historical,nn_donor,0.073956,,,,,,,531,5479,pubL1_leo15_531_temporal_e200_s1
leo15_531,15 years 531 (legacy temporal),531,1980-10-01..1995-09-30,1995-10-01..2010-09-30,pubL1,PUBModel,temporal,leo15_531,200,1,8,historical,model,0.750108,0.75374,0.878629,-0.024527,1.150574,-13.591784,11.891027,531,5479,pubL1_leo15_531_temporal_e200_s1
leo15_531,15 years 531 (legacy temporal),531,1980-10-01..1995-09-30,1995-10-01..2010-09-30,pubL1,PUBModel,temporal,leo15_531,200,1,8,historical,idw,0.218251,,,,,,,531,5479,pubL1_leo15_531_temporal_e200_s1
leo15_531,15 years 531 (legacy temporal),531,1980-10-01..1995-09-30,1995-10-01..2010-09-30,pubL1,PUBModel,temporal,leo15_531,200,1,8,historical,ctx_mean,0.204654,,,,,,,531,5479,pubL1_leo15_531_temporal_e200_s1
leo15_531,15 years 531 (legacy temporal),531,1980-10-01..1995-09-30,1995-10-01..2010-09-30,pubL1,PUBModel,temporal,leo15_531,200,1,8,historical,nn_donor,0.073956,,,,,,,531,5479,pubL1_leo15_531_temporal_e200_s1
leo15_531,15 years 531 (legacy temporal),531,1980-10-01..1995-09-30,1995-10-01..2010-09-30,pubL1,PUBModel,temporal,leo15_531,200,2,0,historical,model,0.467779,0.536791,0.705435,-0.013762,1.709378,-30.050866,44.56731,531,5479,pubL1_leo15_531_temporal_e200_s2
leo15_531,15 years 531 (legacy temporal),531,1980-10-01..1995-09-30,1995-10-01..2010-09-30,pubL1,PUBModel,temporal,leo15_531,200,2,1,historical,model,0.702431,0.724961,0.857257,-0.009445,1.236267,-14.278691,21.955081,531,5479,pubL1_leo15_531_temporal_e200_s2
leo15_531,15 years 531 (legacy temporal),531,1980-10-01..1995-09-30,1995-10-01..2010-09-30,pubL1,PUBModel,temporal,leo15_531,200,2,1,historical,idw,0.073956,,,,,,,531,5479,pubL1_leo15_531_temporal_e200_s2
leo15_531,15 years 531 (legacy temporal),531,1980-10-01..1995-09-30,1995-10-01..2010-09-30,pubL1,PUBModel,temporal,leo15_531,200,2,1,historical,ctx_mean,0.073956,,,,,,,531,5479,pubL1_leo15_531_temporal_e200_s2
leo15_531,15 years 531 (legacy temporal),531,1980-10-01..1995-09-30,1995-10-01..2010-09-30,pubL1,PUBModel,temporal,leo15_531,200,2,1,historical,nn_donor,0.073956,,,,,,,531,5479,pubL1_leo15_531_temporal_e200_s2
leo15_531,15 years 531 (legacy temporal),531,1980-10-01..1995-09-30,1995-10-01..2010-09-30,pubL1,PUBModel,temporal,leo15_531,200,2,2,historical,model,0.725882,0.744662,0.867284,-0.007652,1.21142,-14.146677,16.858019,531,5479,pubL1_leo15_531_temporal_e200_s2
leo15_531,15 years 531 (legacy temporal),531,1980-10-01..1995-09-30,1995-10-01..2010-09-30,pubL1,PUBModel,temporal,leo15_531,200,2,2,historical,idw,0.170327,,,,,,,531,5479,pubL1_leo15_531_temporal_e200_s2
leo15_531,15 years 531 (legacy temporal),531,1980-10-01..1995-09-30,1995-10-01..2010-09-30,pubL1,PUBModel,temporal,leo15_531,200,2,2,historical,ctx_mean,0.166109,,,,,,,531,5479,pubL1_leo15_531_temporal_e200_s2
leo15_531,15 years 531 (legacy temporal),531,1980-10-01..1995-09-30,1995-10-01..2010-09-30,pubL1,PUBModel,temporal,leo15_531,200,2,2,historical,nn_donor,0.073956,,,,,,,531,5479,pubL1_leo15_531_temporal_e200_s2
leo15_531,15 years 531 (legacy temporal),531,1980-10-01..1995-09-30,1995-10-01..2010-09-30,pubL1,PUBModel,temporal,leo15_531,200,2,4,historical,model,0.736806,0.742431,0.872331,-0.009653,1.202013,-13.424037,16.190281,531,5479,pubL1_leo15_531_temporal_e200_s2
leo15_531,15 years 531 (legacy temporal),531,1980-10-01..1995-09-30,1995-10-01..2010-09-30,pubL1,PUBModel,temporal,leo15_531,200,2,4,historical,idw,0.190836,,,,,,,531,5479,pubL1_leo15_531_temporal_e200_s2
leo15_531,15 years 531 (legacy temporal),531,1980-10-01..1995-09-30,1995-10-01..2010-09-30,pubL1,PUBModel,temporal,leo15_531,200,2,4,historical,ctx_mean,0.197149,,,,,,,531,5479,pubL1_leo15_531_temporal_e200_s2
leo15_531,15 years 531 (legacy temporal),531,1980-10-01..1995-09-30,1995-10-01..2010-09-30,pubL1,PUBModel,temporal,leo15_531,200,2,4,historical,nn_donor,0.073956,,,,,,,531,5479,pubL1_leo15_531_temporal_e200_s2
leo15_531,15 years 531 (legacy temporal),531,1980-10-01..1995-09-30,1995-10-01..2010-09-30,pubL1,PUBModel,temporal,leo15_531,200,2,8,historical,model,0.73992,0.751175,0.874234,-0.004983,1.194928,-14.110094,15.632185,531,5479,pubL1_leo15_531_temporal_e200_s2
leo15_531,15 years 531 (legacy temporal),531,1980-10-01..1995-09-30,1995-10-01..2010-09-30,pubL1,PUBModel,temporal,leo15_531,200,2,8,historical,idw,0.218251,,,,,,,531,5479,pubL1_leo15_531_temporal_e200_s2
leo15_531,15 years 531 (legacy temporal),531,1980-10-01..1995-09-30,1995-10-01..2010-09-30,pubL1,PUBModel,temporal,leo15_531,200,2,8,historical,ctx_mean,0.204654,,,,,,,531,5479,pubL1_leo15_531_temporal_e200_s2
leo15_531,15 years 531 (legacy temporal),531,1980-10-01..1995-09-30,1995-10-01..2010-09-30,pubL1,PUBModel,temporal,leo15_531,200,2,8,historical,nn_donor,0.073956,,,,,,,531,5479,pubL1_leo15_531_temporal_e200_s2
leo15_671,15 years 671 Leo,671,1980-10-01..1995-09-30,1995-10-01..2010-09-30,pubL1,PUBModel,temporal,leo15_671,200,0,0,historical,model,0.452385,0.51405,0.700356,-0.012853,1.637475,-31.200434,44.598018,671,5479,pubL1_leo15_671_temporal_e200_s0
leo15_671,15 years 671 Leo,671,1980-10-01..1995-09-30,1995-10-01..2010-09-30,pubL1,PUBModel,temporal,leo15_671,200,0,1,historical,model,0.685368,0.698334,0.852931,-0.018096,1.182051,-16.198954,14.532064,671,5479,pubL1_leo15_671_temporal_e200_s0
leo15_671,15 years 671 Leo,671,1980-10-01..1995-09-30,1995-10-01..2010-09-30,pubL1,PUBModel,temporal,leo15_671,200,0,1,historical,idw,0.08429,,,,,,,671,5479,pubL1_leo15_671_temporal_e200_s0
leo15_671,15 years 671 Leo,671,1980-10-01..1995-09-30,1995-10-01..2010-09-30,pubL1,PUBModel,temporal,leo15_671,200,0,1,historical,ctx_mean,0.08429,,,,,,,671,5479,pubL1_leo15_671_temporal_e200_s0
leo15_671,15 years 671 Leo,671,1980-10-01..1995-09-30,1995-10-01..2010-09-30,pubL1,PUBModel,temporal,leo15_671,200,0,1,historical,nn_donor,0.08429,,,,,,,671,5479,pubL1_leo15_671_temporal_e200_s0
leo15_671,15 years 671 Leo,671,1980-10-01..1995-09-30,1995-10-01..2010-09-30,pubL1,PUBModel,temporal,leo15_671,200,0,2,historical,model,0.707534,0.718395,0.862526,-0.022904,1.131994,-16.348959,13.618069,671,5479,pubL1_leo15_671_temporal_e200_s0
leo15_671,15 years 671 Leo,671,1980-10-01..1995-09-30,1995-10-01..2010-09-30,pubL1,PUBModel,temporal,leo15_671,200,0,2,historical,idw,0.171272,,,,,,,671,5479,pubL1_leo15_671_temporal_e200_s0
leo15_671,15 years 671 Leo,671,1980-10-01..1995-09-30,1995-10-01..2010-09-30,pubL1,PUBModel,temporal,leo15_671,200,0,2,historical,ctx_mean,0.190068,,,,,,,671,5479,pubL1_leo15_671_temporal_e200_s0
leo15_671,15 years 671 Leo,671,1980-10-01..1995-09-30,1995-10-01..2010-09-30,pubL1,PUBModel,temporal,leo15_671,200,0,2,historical,nn_donor,0.08429,,,,,,,671,5479,pubL1_leo15_671_temporal_e200_s0
leo15_671,15 years 671 Leo,671,1980-10-01..1995-09-30,1995-10-01..2010-09-30,pubL1,PUBModel,temporal,leo15_671,200,0,4,historical,model,0.716109,0.724709,0.867646,-0.024945,1.126815,-15.864888,11.964242,671,5479,pubL1_leo15_671_temporal_e200_s0
leo15_671,15 years 671 Leo,671,1980-10-01..1995-09-30,1995-10-01..2010-09-30,pubL1,PUBModel,temporal,leo15_671,200,0,4,historical,idw,0.226766,,,,,,,671,5479,pubL1_leo15_671_temporal_e200_s0
leo15_671,15 years 671 Leo,671,1980-10-01..1995-09-30,1995-10-01..2010-09-30,pubL1,PUBModel,temporal,leo15_671,200,0,4,historical,ctx_mean,0.207685,,,,,,,671,5479,pubL1_leo15_671_temporal_e200_s0
leo15_671,15 years 671 Leo,671,1980-10-01..1995-09-30,1995-10-01..2010-09-30,pubL1,PUBModel,temporal,leo15_671,200,0,4,historical,nn_donor,0.08429,,,,,,,671,5479,pubL1_leo15_671_temporal_e200_s0
leo15_671,15 years 671 Leo,671,1980-10-01..1995-09-30,1995-10-01..2010-09-30,pubL1,PUBModel,temporal,leo15_671,200,0,8,historical,model,0.719155,0.719664,0.867693,-0.024029,1.127928,-15.71371,11.82511,671,5479,pubL1_leo15_671_temporal_e200_s0
leo15_671,15 years 671 Leo,671,1980-10-01..1995-09-30,1995-10-01..2010-09-30,pubL1,PUBModel,temporal,leo15_671,200,0,8,historical,idw,0.241132,,,,,,,671,5479,pubL1_leo15_671_temporal_e200_s0
leo15_671,15 years 671 Leo,671,1980-10-01..1995-09-30,1995-10-01..2010-09-30,pubL1,PUBModel,temporal,leo15_671,200,0,8,historical,ctx_mean,0.211146,,,,,,,671,5479,pubL1_leo15_671_temporal_e200_s0
leo15_671,15 years 671 Leo,671,1980-10-01..1995-09-30,1995-10-01..2010-09-30,pubL1,PUBModel,temporal,leo15_671,200,0,8,historical,nn_donor,0.08429,,,,,,,671,5479,pubL1_leo15_671_temporal_e200_s0
leo15_671,15 years 671 Leo,671,1980-10-01..1995-09-30,1995-10-01..2010-09-30,pubL1,PUBModel,temporal,leo15_671,200,1,0,historical,model,0.438441,0.499239,0.691451,0.007147,1.654415,-32.001287,58.481224,671,5479,pubL1_leo15_671_temporal_e200_s1
leo15_671,15 years 671 Leo,671,1980-10-01..1995-09-30,1995-10-01..2010-09-30,pubL1,PUBModel,temporal,leo15_671,200,1,1,historical,model,0.685407,0.712751,0.850723,-0.020374,1.177719,-14.935328,13.764849,671,5479,pubL1_leo15_671_temporal_e200_s1
leo15_671,15 years 671 Leo,671,1980-10-01..1995-09-30,1995-10-01..2010-09-30,pubL1,PUBModel,temporal,leo15_671,200,1,1,historical,idw,0.08429,,,,,,,671,5479,pubL1_leo15_671_temporal_e200_s1
leo15_671,15 years 671 Leo,671,1980-10-01..1995-09-30,1995-10-01..2010-09-30,pubL1,PUBModel,temporal,leo15_671,200,1,1,historical,ctx_mean,0.08429,,,,,,,671,5479,pubL1_leo15_671_temporal_e200_s1
leo15_671,15 years 671 Leo,671,1980-10-01..1995-09-30,1995-10-01..2010-09-30,pubL1,PUBModel,temporal,leo15_671,200,1,1,historical,nn_donor,0.08429,,,,,,,671,5479,pubL1_leo15_671_temporal_e200_s1
leo15_671,15 years 671 Leo,671,1980-10-01..1995-09-30,1995-10-01..2010-09-30,pubL1,PUBModel,temporal,leo15_671,200,1,2,historical,model,0.706729,0.729933,0.863572,-0.02063,1.117973,-16.143948,18.116943,671,5479,pubL1_leo15_671_temporal_e200_s1
leo15_671,15 years 671 Leo,671,1980-10-01..1995-09-30,1995-10-01..2010-09-30,pubL1,PUBModel,temporal,leo15_671,200,1,2,historical,idw,0.171272,,,,,,,671,5479,pubL1_leo15_671_temporal_e200_s1
leo15_671,15 years 671 Leo,671,1980-10-01..1995-09-30,1995-10-01..2010-09-30,pubL1,PUBModel,temporal,leo15_671,200,1,2,historical,ctx_mean,0.190068,,,,,,,671,5479,pubL1_leo15_671_temporal_e200_s1
leo15_671,15 years 671 Leo,671,1980-10-01..1995-09-30,1995-10-01..2010-09-30,pubL1,PUBModel,temporal,leo15_671,200,1,2,historical,nn_donor,0.08429,,,,,,,671,5479,pubL1_leo15_671_temporal_e200_s1
leo15_671,15 years 671 Leo,671,1980-10-01..1995-09-30,1995-10-01..2010-09-30,pubL1,PUBModel,temporal,leo15_671,200,1,4,historical,model,0.717633,0.728511,0.870557,-0.021826,1.119295,-15.881796,18.731599,671,5479,pubL1_leo15_671_temporal_e200_s1
leo15_671,15 years 671 Leo,671,1980-10-01..1995-09-30,1995-10-01..2010-09-30,pubL1,PUBModel,temporal,leo15_671,200,1,4,historical,idw,0.226766,,,,,,,671,5479,pubL1_leo15_671_temporal_e200_s1
leo15_671,15 years 671 Leo,671,1980-10-01..1995-09-30,1995-10-01..2010-09-30,pubL1,PUBModel,temporal,leo15_671,200,1,4,historical,ctx_mean,0.207685,,,,,,,671,5479,pubL1_leo15_671_temporal_e200_s1
leo15_671,15 years 671 Leo,671,1980-10-01..1995-09-30,1995-10-01..2010-09-30,pubL1,PUBModel,temporal,leo15_671,200,1,4,historical,nn_donor,0.08429,,,,,,,671,5479,pubL1_leo15_671_temporal_e200_s1
leo15_671,15 years 671 Leo,671,1980-10-01..1995-09-30,1995-10-01..2010-09-30,pubL1,PUBModel,temporal,leo15_671,200,1,8,historical,model,0.722702,0.726383,0.872608,-0.009048,1.105146,-15.292121,18.852206,671,5479,pubL1_leo15_671_temporal_e200_s1
leo15_671,15 years 671 Leo,671,1980-10-01..1995-09-30,1995-10-01..2010-09-30,pubL1,PUBModel,temporal,leo15_671,200,1,8,historical,idw,0.241132,,,,,,,671,5479,pubL1_leo15_671_temporal_e200_s1
leo15_671,15 years 671 Leo,671,1980-10-01..1995-09-30,1995-10-01..2010-09-30,pubL1,PUBModel,temporal,leo15_671,200,1,8,historical,ctx_mean,0.211146,,,,,,,671,5479,pubL1_leo15_671_temporal_e200_s1
leo15_671,15 years 671 Leo,671,1980-10-01..1995-09-30,1995-10-01..2010-09-30,pubL1,PUBModel,temporal,leo15_671,200,1,8,historical,nn_donor,0.08429,,,,,,,671,5479,pubL1_leo15_671_temporal_e200_s1
leo15_671,15 years 671 Leo,671,1980-10-01..1995-09-30,1995-10-01..2010-09-30,pubL1,PUBModel,temporal,leo15_671,200,2,0,historical,model,0.45825,0.521831,0.701841,-0.012362,1.601411,-31.005811,46.679033,671,5479,pubL1_leo15_671_temporal_e200_s2
leo15_671,15 years 671 Leo,671,1980-10-01..1995-09-30,1995-10-01..2010-09-30,pubL1,PUBModel,temporal,leo15_671,200,2,1,historical,model,0.686527,0.701442,0.852611,-0.017478,1.188653,-15.853081,16.292054,671,5479,pubL1_leo15_671_temporal_e200_s2
leo15_671,15 years 671 Leo,671,1980-10-01..1995-09-30,1995-10-01..2010-09-30,pubL1,PUBModel,temporal,leo15_671,200,2,1,historical,idw,0.08429,,,,,,,671,5479,pubL1_leo15_671_temporal_e200_s2
leo15_671,15 years 671 Leo,671,1980-10-01..1995-09-30,1995-10-01..2010-09-30,pubL1,PUBModel,temporal,leo15_671,200,2,1,historical,ctx_mean,0.08429,,,,,,,671,5479,pubL1_leo15_671_temporal_e200_s2
leo15_671,15 years 671 Leo,671,1980-10-01..1995-09-30,1995-10-01..2010-09-30,pubL1,PUBModel,temporal,leo15_671,200,2,1,historical,nn_donor,0.08429,,,,,,,671,5479,pubL1_leo15_671_temporal_e200_s2
leo15_671,15 years 671 Leo,671,1980-10-01..1995-09-30,1995-10-01..2010-09-30,pubL1,PUBModel,temporal,leo15_671,200,2,2,historical,model,0.707386,0.722736,0.863169,-0.02284,1.126567,-16.391194,13.439272,671,5479,pubL1_leo15_671_temporal_e200_s2
leo15_671,15 years 671 Leo,671,1980-10-01..1995-09-30,1995-10-01..2010-09-30,pubL1,PUBModel,temporal,leo15_671,200,2,2,historical,idw,0.171272,,,,,,,671,5479,pubL1_leo15_671_temporal_e200_s2
leo15_671,15 years 671 Leo,671,1980-10-01..1995-09-30,1995-10-01..2010-09-30,pubL1,PUBModel,temporal,leo15_671,200,2,2,historical,ctx_mean,0.190068,,,,,,,671,5479,pubL1_leo15_671_temporal_e200_s2
leo15_671,15 years 671 Leo,671,1980-10-01..1995-09-30,1995-10-01..2010-09-30,pubL1,PUBModel,temporal,leo15_671,200,2,2,historical,nn_donor,0.08429,,,,,,,671,5479,pubL1_leo15_671_temporal_e200_s2
leo15_671,15 years 671 Leo,671,1980-10-01..1995-09-30,1995-10-01..2010-09-30,pubL1,PUBModel,temporal,leo15_671,200,2,4,historical,model,0.717283,0.724848,0.869157,-0.021373,1.105589,-15.895644,13.745382,671,5479,pubL1_leo15_671_temporal_e200_s2
leo15_671,15 years 671 Leo,671,1980-10-01..1995-09-30,1995-10-01..2010-09-30,pubL1,PUBModel,temporal,leo15_671,200,2,4,historical,idw,0.226766,,,,,,,671,5479,pubL1_leo15_671_temporal_e200_s2
leo15_671,15 years 671 Leo,671,1980-10-01..1995-09-30,1995-10-01..2010-09-30,pubL1,PUBModel,temporal,leo15_671,200,2,4,historical,ctx_mean,0.207685,,,,,,,671,5479,pubL1_leo15_671_temporal_e200_s2
leo15_671,15 years 671 Leo,671,1980-10-01..1995-09-30,1995-10-01..2010-09-30,pubL1,PUBModel,temporal,leo15_671,200,2,4,historical,nn_donor,0.08429,,,,,,,671,5479,pubL1_leo15_671_temporal_e200_s2
leo15_671,15 years 671 Leo,671,1980-10-01..1995-09-30,1995-10-01..2010-09-30,pubL1,PUBModel,temporal,leo15_671,200,2,8,historical,model,0.712255,0.722603,0.870543,-0.015579,1.102118,-15.944407,13.073551,671,5479,pubL1_leo15_671_temporal_e200_s2
leo15_671,15 years 671 Leo,671,1980-10-01..1995-09-30,1995-10-01..2010-09-30,pubL1,PUBModel,temporal,leo15_671,200,2,8,historical,idw,0.241132,,,,,,,671,5479,pubL1_leo15_671_temporal_e200_s2
leo15_671,15 years 671 Leo,671,1980-10-01..1995-09-30,1995-10-01..2010-09-30,pubL1,PUBModel,temporal,leo15_671,200,2,8,historical,ctx_mean,0.211146,,,,,,,671,5479,pubL1_leo15_671_temporal_e200_s2
leo15_671,15 years 671 Leo,671,1980-10-01..1995-09-30,1995-10-01..2010-09-30,pubL1,PUBModel,temporal,leo15_671,200,2,8,historical,nn_donor,0.08429,,,,,,,671,5479,pubL1_leo15_671_temporal_e200_s2
peijun_li,Peijun Li Ensemble,531,1980-10-01..1999-09-30,1995-10-01..1999-09-30,pubL1,PUBModel,PUB,peijun_li,200,0,0,historical,model,0.523395,0.569409,0.765293,-0.024712,1.688496,-23.447677,26.015366,531,1461,pubL1_peijun_li_PUB_e200_s0
peijun_li,Peijun Li Ensemble,531,1980-10-01..1999-09-30,1995-10-01..1999-09-30,pubL1,PUBModel,PUB,peijun_li,200,0,1,historical,model,0.697289,0.679451,0.879201,-0.005093,1.319816,-10.578787,8.88076,531,1461,pubL1_peijun_li_PUB_e200_s0
peijun_li,Peijun Li Ensemble,531,1980-10-01..1999-09-30,1995-10-01..1999-09-30,pubL1,PUBModel,PUB,peijun_li,200,0,1,historical,idw,0.068039,,,,,,,531,1461,pubL1_peijun_li_PUB_e200_s0
peijun_li,Peijun Li Ensemble,531,1980-10-01..1999-09-30,1995-10-01..1999-09-30,pubL1,PUBModel,PUB,peijun_li,200,0,1,historical,ctx_mean,0.068039,,,,,,,531,1461,pubL1_peijun_li_PUB_e200_s0
peijun_li,Peijun Li Ensemble,531,1980-10-01..1999-09-30,1995-10-01..1999-09-30,pubL1,PUBModel,PUB,peijun_li,200,0,1,historical,nn_donor,0.068039,,,,,,,531,1461,pubL1_peijun_li_PUB_e200_s0
peijun_li,Peijun Li Ensemble,531,1980-10-01..1999-09-30,1995-10-01..1999-09-30,pubL1,PUBModel,PUB,peijun_li,200,0,2,historical,model,0.725039,0.700593,0.891086,-0.015215,1.272502,-10.73734,7.805615,531,1461,pubL1_peijun_li_PUB_e200_s0
peijun_li,Peijun Li Ensemble,531,1980-10-01..1999-09-30,1995-10-01..1999-09-30,pubL1,PUBModel,PUB,peijun_li,200,0,2,historical,idw,0.148195,,,,,,,531,1461,pubL1_peijun_li_PUB_e200_s0
peijun_li,Peijun Li Ensemble,531,1980-10-01..1999-09-30,1995-10-01..1999-09-30,pubL1,PUBModel,PUB,peijun_li,200,0,2,historical,ctx_mean,0.145311,,,,,,,531,1461,pubL1_peijun_li_PUB_e200_s0
peijun_li,Peijun Li Ensemble,531,1980-10-01..1999-09-30,1995-10-01..1999-09-30,pubL1,PUBModel,PUB,peijun_li,200,0,2,historical,nn_donor,0.068039,,,,,,,531,1461,pubL1_peijun_li_PUB_e200_s0
peijun_li,Peijun Li Ensemble,531,1980-10-01..1999-09-30,1995-10-01..1999-09-30,pubL1,PUBModel,PUB,peijun_li,200,0,4,historical,model,0.724486,0.705824,0.891638,-0.015051,1.257313,-10.477618,6.571533,531,1461,pubL1_peijun_li_PUB_e200_s0
peijun_li,Peijun Li Ensemble,531,1980-10-01..1999-09-30,1995-10-01..1999-09-30,pubL1,PUBModel,PUB,peijun_li,200,0,4,historical,idw,0.184784,,,,,,,531,1461,pubL1_peijun_li_PUB_e200_s0
peijun_li,Peijun Li Ensemble,531,1980-10-01..1999-09-30,1995-10-01..1999-09-30,pubL1,PUBModel,PUB,peijun_li,200,0,4,historical,ctx_mean,0.197794,,,,,,,531,1461,pubL1_peijun_li_PUB_e200_s0
peijun_li,Peijun Li Ensemble,531,1980-10-01..1999-09-30,1995-10-01..1999-09-30,pubL1,PUBModel,PUB,peijun_li,200,0,4,historical,nn_donor,0.068039,,,,,,,531,1461,pubL1_peijun_li_PUB_e200_s0
peijun_li,Peijun Li Ensemble,531,1980-10-01..1999-09-30,1995-10-01..1999-09-30,pubL1,PUBModel,PUB,peijun_li,200,0,8,historical,model,0.727401,0.706725,0.89348,-0.011415,1.276327,-10.232766,5.999947,531,1461,pubL1_peijun_li_PUB_e200_s0
peijun_li,Peijun Li Ensemble,531,1980-10-01..1999-09-30,1995-10-01..1999-09-30,pubL1,PUBModel,PUB,peijun_li,200,0,8,historical,idw,0.216316,,,,,,,531,1461,pubL1_peijun_li_PUB_e200_s0
peijun_li,Peijun Li Ensemble,531,1980-10-01..1999-09-30,1995-10-01..1999-09-30,pubL1,PUBModel,PUB,peijun_li,200,0,8,historical,ctx_mean,0.202246,,,,,,,531,1461,pubL1_peijun_li_PUB_e200_s0
peijun_li,Peijun Li Ensemble,531,1980-10-01..1999-09-30,1995-10-01..1999-09-30,pubL1,PUBModel,PUB,peijun_li,200,0,8,historical,nn_donor,0.068039,,,,,,,531,1461,pubL1_peijun_li_PUB_e200_s0
peijun_li,Peijun Li Ensemble,531,1980-10-01..1999-09-30,1995-10-01..1999-09-30,pubL1,PUBModel,PUB,peijun_li,200,1,0,historical,model,0.533297,0.579134,0.76951,-0.025788,1.688352,-23.629903,30.198647,531,1461,pubL1_peijun_li_PUB_e200_s1
peijun_li,Peijun Li Ensemble,531,1980-10-01..1999-09-30,1995-10-01..1999-09-30,pubL1,PUBModel,PUB,peijun_li,200,1,1,historical,model,0.709917,0.683774,0.878848,-0.015886,1.299468,-11.346193,11.996502,531,1461,pubL1_peijun_li_PUB_e200_s1
peijun_li,Peijun Li Ensemble,531,1980-10-01..1999-09-30,1995-10-01..1999-09-30,pubL1,PUBModel,PUB,peijun_li,200,1,1,historical,idw,0.068039,,,,,,,531,1461,pubL1_peijun_li_PUB_e200_s1
peijun_li,Peijun Li Ensemble,531,1980-10-01..1999-09-30,1995-10-01..1999-09-30,pubL1,PUBModel,PUB,peijun_li,200,1,1,historical,ctx_mean,0.068039,,,,,,,531,1461,pubL1_peijun_li_PUB_e200_s1
peijun_li,Peijun Li Ensemble,531,1980-10-01..1999-09-30,1995-10-01..1999-09-30,pubL1,PUBModel,PUB,peijun_li,200,1,1,historical,nn_donor,0.068039,,,,,,,531,1461,pubL1_peijun_li_PUB_e200_s1
peijun_li,Peijun Li Ensemble,531,1980-10-01..1999-09-30,1995-10-01..1999-09-30,pubL1,PUBModel,PUB,peijun_li,200,1,2,historical,model,0.724966,0.696053,0.890253,-0.014373,1.242846,-11.688044,10.706373,531,1461,pubL1_peijun_li_PUB_e200_s1
peijun_li,Peijun Li Ensemble,531,1980-10-01..1999-09-30,1995-10-01..1999-09-30,pubL1,PUBModel,PUB,peijun_li,200,1,2,historical,idw,0.148195,,,,,,,531,1461,pubL1_peijun_li_PUB_e200_s1
peijun_li,Peijun Li Ensemble,531,1980-10-01..1999-09-30,1995-10-01..1999-09-30,pubL1,PUBModel,PUB,peijun_li,200,1,2,historical,ctx_mean,0.145311,,,,,,,531,1461,pubL1_peijun_li_PUB_e200_s1
peijun_li,Peijun Li Ensemble,531,1980-10-01..1999-09-30,1995-10-01..1999-09-30,pubL1,PUBModel,PUB,peijun_li,200,1,2,historical,nn_donor,0.068039,,,,,,,531,1461,pubL1_peijun_li_PUB_e200_s1
peijun_li,Peijun Li Ensemble,531,1980-10-01..1999-09-30,1995-10-01..1999-09-30,pubL1,PUBModel,PUB,peijun_li,200,1,4,historical,model,0.734966,0.70172,0.892898,-0.013356,1.224869,-11.037607,9.097892,531,1461,pubL1_peijun_li_PUB_e200_s1
peijun_li,Peijun Li Ensemble,531,1980-10-01..1999-09-30,1995-10-01..1999-09-30,pubL1,PUBModel,PUB,peijun_li,200,1,4,historical,idw,0.184784,,,,,,,531,1461,pubL1_peijun_li_PUB_e200_s1
peijun_li,Peijun Li Ensemble,531,1980-10-01..1999-09-30,1995-10-01..1999-09-30,pubL1,PUBModel,PUB,peijun_li,200,1,4,historical,ctx_mean,0.197794,,,,,,,531,1461,pubL1_peijun_li_PUB_e200_s1
peijun_li,Peijun Li Ensemble,531,1980-10-01..1999-09-30,1995-10-01..1999-09-30,pubL1,PUBModel,PUB,peijun_li,200,1,4,historical,nn_donor,0.068039,,,,,,,531,1461,pubL1_peijun_li_PUB_e200_s1
peijun_li,Peijun Li Ensemble,531,1980-10-01..1999-09-30,1995-10-01..1999-09-30,pubL1,PUBModel,PUB,peijun_li,200,1,8,historical,model,0.733528,0.705469,0.892677,-0.010241,1.223926,-10.824829,8.511613,531,1461,pubL1_peijun_li_PUB_e200_s1
peijun_li,Peijun Li Ensemble,531,1980-10-01..1999-09-30,1995-10-01..1999-09-30,pubL1,PUBModel,PUB,peijun_li,200,1,8,historical,idw,0.216316,,,,,,,531,1461,pubL1_peijun_li_PUB_e200_s1
peijun_li,Peijun Li Ensemble,531,1980-10-01..1999-09-30,1995-10-01..1999-09-30,pubL1,PUBModel,PUB,peijun_li,200,1,8,historical,ctx_mean,0.202246,,,,,,,531,1461,pubL1_peijun_li_PUB_e200_s1
peijun_li,Peijun Li Ensemble,531,1980-10-01..1999-09-30,1995-10-01..1999-09-30,pubL1,PUBModel,PUB,peijun_li,200,1,8,historical,nn_donor,0.068039,,,,,,,531,1461,pubL1_peijun_li_PUB_e200_s1
peijun_li,Peijun Li Ensemble,531,1980-10-01..1999-09-30,1995-10-01..1999-09-30,pubL1,PUBModel,PUB,peijun_li,200,2,0,historical,model,0.523912,0.575586,0.767257,-0.039825,1.693569,-23.327283,24.749137,531,1461,pubL1_peijun_li_PUB_e200_s2
peijun_li,Peijun Li Ensemble,531,1980-10-01..1999-09-30,1995-10-01..1999-09-30,pubL1,PUBModel,PUB,peijun_li,200,2,1,historical,model,0.709084,0.689875,0.879725,-0.011564,1.314299,-9.625278,11.071007,531,1461,pubL1_peijun_li_PUB_e200_s2
peijun_li,Peijun Li Ensemble,531,1980-10-01..1999-09-30,1995-10-01..1999-09-30,pubL1,PUBModel,PUB,peijun_li,200,2,1,historical,idw,0.068039,,,,,,,531,1461,pubL1_peijun_li_PUB_e200_s2
peijun_li,Peijun Li Ensemble,531,1980-10-01..1999-09-30,1995-10-01..1999-09-30,pubL1,PUBModel,PUB,peijun_li,200,2,1,historical,ctx_mean,0.068039,,,,,,,531,1461,pubL1_peijun_li_PUB_e200_s2
peijun_li,Peijun Li Ensemble,531,1980-10-01..1999-09-30,1995-10-01..1999-09-30,pubL1,PUBModel,PUB,peijun_li,200,2,1,historical,nn_donor,0.068039,,,,,,,531,1461,pubL1_peijun_li_PUB_e200_s2
peijun_li,Peijun Li Ensemble,531,1980-10-01..1999-09-30,1995-10-01..1999-09-30,pubL1,PUBModel,PUB,peijun_li,200,2,2,historical,model,0.718264,0.691746,0.889334,-0.010338,1.272157,-10.163596,11.116633,531,1461,pubL1_peijun_li_PUB_e200_s2
peijun_li,Peijun Li Ensemble,531,1980-10-01..1999-09-30,1995-10-01..1999-09-30,pubL1,PUBModel,PUB,peijun_li,200,2,2,historical,idw,0.148195,,,,,,,531,1461,pubL1_peijun_li_PUB_e200_s2
peijun_li,Peijun Li Ensemble,531,1980-10-01..1999-09-30,1995-10-01..1999-09-30,pubL1,PUBModel,PUB,peijun_li,200,2,2,historical,ctx_mean,0.145311,,,,,,,531,1461,pubL1_peijun_li_PUB_e200_s2
peijun_li,Peijun Li Ensemble,531,1980-10-01..1999-09-30,1995-10-01..1999-09-30,pubL1,PUBModel,PUB,peijun_li,200,2,2,historical,nn_donor,0.068039,,,,,,,531,1461,pubL1_peijun_li_PUB_e200_s2
peijun_li,Peijun Li Ensemble,531,1980-10-01..1999-09-30,1995-10-01..1999-09-30,pubL1,PUBModel,PUB,peijun_li,200,2,4,historical,model,0.727178,0.696853,0.891242,-0.008151,1.278857,-9.647098,8.582761,531,1461,pubL1_peijun_li_PUB_e200_s2
peijun_li,Peijun Li Ensemble,531,1980-10-01..1999-09-30,1995-10-01..1999-09-30,pubL1,PUBModel,PUB,peijun_li,200,2,4,historical,idw,0.184784,,,,,,,531,1461,pubL1_peijun_li_PUB_e200_s2
peijun_li,Peijun Li Ensemble,531,1980-10-01..1999-09-30,1995-10-01..1999-09-30,pubL1,PUBModel,PUB,peijun_li,200,2,4,historical,ctx_mean,0.197794,,,,,,,531,1461,pubL1_peijun_li_PUB_e200_s2
peijun_li,Peijun Li Ensemble,531,1980-10-01..1999-09-30,1995-10-01..1999-09-30,pubL1,PUBModel,PUB,peijun_li,200,2,4,historical,nn_donor,0.068039,,,,,,,531,1461,pubL1_peijun_li_PUB_e200_s2
peijun_li,Peijun Li Ensemble,531,1980-10-01..1999-09-30,1995-10-01..1999-09-30,pubL1,PUBModel,PUB,peijun_li,200,2,8,historical,model,0.730517,0.696372,0.89167,-0.010212,1.292635,-9.682403,7.167721,531,1461,pubL1_peijun_li_PUB_e200_s2
peijun_li,Peijun Li Ensemble,531,1980-10-01..1999-09-30,1995-10-01..1999-09-30,pubL1,PUBModel,PUB,peijun_li,200,2,8,historical,idw,0.216316,,,,,,,531,1461,pubL1_peijun_li_PUB_e200_s2
peijun_li,Peijun Li Ensemble,531,1980-10-01..1999-09-30,1995-10-01..1999-09-30,pubL1,PUBModel,PUB,peijun_li,200,2,8,historical,ctx_mean,0.202246,,,,,,,531,1461,pubL1_peijun_li_PUB_e200_s2
peijun_li,Peijun Li Ensemble,531,1980-10-01..1999-09-30,1995-10-01..1999-09-30,pubL1,PUBModel,PUB,peijun_li,200,2,8,historical,nn_donor,0.068039,,,,,,,531,1461,pubL1_peijun_li_PUB_e200_s2
peijun_li,Peijun Li Ensemble,531,1980-10-01..1999-09-30,1995-10-01..1999-09-30,pubL1,PUBModel,PUR,peijun_li,200,0,0,historical,model,0.420709,0.46848,0.714521,-0.072126,1.858715,-31.912087,33.600781,531,1461,pubL1_peijun_li_PUR_e200_s0
peijun_li,Peijun Li Ensemble,531,1980-10-01..1999-09-30,1995-10-01..1999-09-30,pubL1,PUBModel,PUR,peijun_li,200,0,1,historical,model,0.666681,0.642793,0.864336,-0.043199,1.367942,-14.929955,14.042036,531,1461,pubL1_peijun_li_PUR_e200_s0
peijun_li,Peijun Li Ensemble,531,1980-10-01..1999-09-30,1995-10-01..1999-09-30,pubL1,PUBModel,PUR,peijun_li,200,0,1,historical,idw,0.068039,,,,,,,531,1461,pubL1_peijun_li_PUR_e200_s0
peijun_li,Peijun Li Ensemble,531,1980-10-01..1999-09-30,1995-10-01..1999-09-30,pubL1,PUBModel,PUR,peijun_li,200,0,1,historical,ctx_mean,0.068039,,,,,,,531,1461,pubL1_peijun_li_PUR_e200_s0
peijun_li,Peijun Li Ensemble,531,1980-10-01..1999-09-30,1995-10-01..1999-09-30,pubL1,PUBModel,PUR,peijun_li,200,0,1,historical,nn_donor,0.068039,,,,,,,531,1461,pubL1_peijun_li_PUR_e200_s0
peijun_li,Peijun Li Ensemble,531,1980-10-01..1999-09-30,1995-10-01..1999-09-30,pubL1,PUBModel,PUR,peijun_li,200,0,2,historical,model,0.679433,0.645239,0.872975,-0.047236,1.32934,-14.418831,11.588145,531,1461,pubL1_peijun_li_PUR_e200_s0
peijun_li,Peijun Li Ensemble,531,1980-10-01..1999-09-30,1995-10-01..1999-09-30,pubL1,PUBModel,PUR,peijun_li,200,0,2,historical,idw,0.148195,,,,,,,531,1461,pubL1_peijun_li_PUR_e200_s0
peijun_li,Peijun Li Ensemble,531,1980-10-01..1999-09-30,1995-10-01..1999-09-30,pubL1,PUBModel,PUR,peijun_li,200,0,2,historical,ctx_mean,0.145311,,,,,,,531,1461,pubL1_peijun_li_PUR_e200_s0
peijun_li,Peijun Li Ensemble,531,1980-10-01..1999-09-30,1995-10-01..1999-09-30,pubL1,PUBModel,PUR,peijun_li,200,0,2,historical,nn_donor,0.068039,,,,,,,531,1461,pubL1_peijun_li_PUR_e200_s0
peijun_li,Peijun Li Ensemble,531,1980-10-01..1999-09-30,1995-10-01..1999-09-30,pubL1,PUBModel,PUR,peijun_li,200,0,4,historical,model,0.69181,0.647026,0.874554,-0.050567,1.31512,-15.289336,10.340731,531,1461,pubL1_peijun_li_PUR_e200_s0
peijun_li,Peijun Li Ensemble,531,1980-10-01..1999-09-30,1995-10-01..1999-09-30,pubL1,PUBModel,PUR,peijun_li,200,0,4,historical,idw,0.184784,,,,,,,531,1461,pubL1_peijun_li_PUR_e200_s0
peijun_li,Peijun Li Ensemble,531,1980-10-01..1999-09-30,1995-10-01..1999-09-30,pubL1,PUBModel,PUR,peijun_li,200,0,4,historical,ctx_mean,0.197794,,,,,,,531,1461,pubL1_peijun_li_PUR_e200_s0
peijun_li,Peijun Li Ensemble,531,1980-10-01..1999-09-30,1995-10-01..1999-09-30,pubL1,PUBModel,PUR,peijun_li,200,0,4,historical,nn_donor,0.068039,,,,,,,531,1461,pubL1_peijun_li_PUR_e200_s0
peijun_li,Peijun Li Ensemble,531,1980-10-01..1999-09-30,1995-10-01..1999-09-30,pubL1,PUBModel,PUR,peijun_li,200,0,8,historical,model,0.695724,0.651981,0.876407,-0.045538,1.332692,-15.656367,7.481477,531,1461,pubL1_peijun_li_PUR_e200_s0
peijun_li,Peijun Li Ensemble,531,1980-10-01..1999-09-30,1995-10-01..1999-09-30,pubL1,PUBModel,PUR,peijun_li,200,0,8,historical,idw,0.216316,,,,,,,531,1461,pubL1_peijun_li_PUR_e200_s0
peijun_li,Peijun Li Ensemble,531,1980-10-01..1999-09-30,1995-10-01..1999-09-30,pubL1,PUBModel,PUR,peijun_li,200,0,8,historical,ctx_mean,0.202246,,,,,,,531,1461,pubL1_peijun_li_PUR_e200_s0
peijun_li,Peijun Li Ensemble,531,1980-10-01..1999-09-30,1995-10-01..1999-09-30,pubL1,PUBModel,PUR,peijun_li,200,0,8,historical,nn_donor,0.068039,,,,,,,531,1461,pubL1_peijun_li_PUR_e200_s0
peijun_li,Peijun Li Ensemble,531,1980-10-01..1999-09-30,1995-10-01..1999-09-30,pubL1,PUBModel,PUR,peijun_li,200,1,0,historical,model,0.44091,0.486821,0.715243,-0.054434,1.867206,-29.274306,32.629321,531,1461,pubL1_peijun_li_PUR_e200_s1
peijun_li,Peijun Li Ensemble,531,1980-10-01..1999-09-30,1995-10-01..1999-09-30,pubL1,PUBModel,PUR,peijun_li,200,1,1,historical,model,0.658911,0.625605,0.867531,-0.027568,1.424627,-14.322496,16.143737,531,1461,pubL1_peijun_li_PUR_e200_s1
peijun_li,Peijun Li Ensemble,531,1980-10-01..1999-09-30,1995-10-01..1999-09-30,pubL1,PUBModel,PUR,peijun_li,200,1,1,historical,idw,0.068039,,,,,,,531,1461,pubL1_peijun_li_PUR_e200_s1
peijun_li,Peijun Li Ensemble,531,1980-10-01..1999-09-30,1995-10-01..1999-09-30,pubL1,PUBModel,PUR,peijun_li,200,1,1,historical,ctx_mean,0.068039,,,,,,,531,1461,pubL1_peijun_li_PUR_e200_s1
peijun_li,Peijun Li Ensemble,531,1980-10-01..1999-09-30,1995-10-01..1999-09-30,pubL1,PUBModel,PUR,peijun_li,200,1,1,historical,nn_donor,0.068039,,,,,,,531,1461,pubL1_peijun_li_PUR_e200_s1
peijun_li,Peijun Li Ensemble,531,1980-10-01..1999-09-30,1995-10-01..1999-09-30,pubL1,PUBModel,PUR,peijun_li,200,1,2,historical,model,0.666718,0.631383,0.875526,-0.031441,1.37773,-13.412153,17.135405,531,1461,pubL1_peijun_li_PUR_e200_s1
peijun_li,Peijun Li Ensemble,531,1980-10-01..1999-09-30,1995-10-01..1999-09-30,pubL1,PUBModel,PUR,peijun_li,200,1,2,historical,idw,0.148195,,,,,,,531,1461,pubL1_peijun_li_PUR_e200_s1
peijun_li,Peijun Li Ensemble,531,1980-10-01..1999-09-30,1995-10-01..1999-09-30,pubL1,PUBModel,PUR,peijun_li,200,1,2,historical,ctx_mean,0.145311,,,,,,,531,1461,pubL1_peijun_li_PUR_e200_s1
peijun_li,Peijun Li Ensemble,531,1980-10-01..1999-09-30,1995-10-01..1999-09-30,pubL1,PUBModel,PUR,peijun_li,200,1,2,historical,nn_donor,0.068039,,,,,,,531,1461,pubL1_peijun_li_PUR_e200_s1
peijun_li,Peijun Li Ensemble,531,1980-10-01..1999-09-30,1995-10-01..1999-09-30,pubL1,PUBModel,PUR,peijun_li,200,1,4,historical,model,0.674607,0.633425,0.875061,-0.029742,1.352386,-13.314365,15.674707,531,1461,pubL1_peijun_li_PUR_e200_s1
peijun_li,Peijun Li Ensemble,531,1980-10-01..1999-09-30,1995-10-01..1999-09-30,pubL1,PUBModel,PUR,peijun_li,200,1,4,historical,idw,0.184784,,,,,,,531,1461,pubL1_peijun_li_PUR_e200_s1
peijun_li,Peijun Li Ensemble,531,1980-10-01..1999-09-30,1995-10-01..1999-09-30,pubL1,PUBModel,PUR,peijun_li,200,1,4,historical,ctx_mean,0.197794,,,,,,,531,1461,pubL1_peijun_li_PUR_e200_s1
peijun_li,Peijun Li Ensemble,531,1980-10-01..1999-09-30,1995-10-01..1999-09-30,pubL1,PUBModel,PUR,peijun_li,200,1,4,historical,nn_donor,0.068039,,,,,,,531,1461,pubL1_peijun_li_PUR_e200_s1
peijun_li,Peijun Li Ensemble,531,1980-10-01..1999-09-30,1995-10-01..1999-09-30,pubL1,PUBModel,PUR,peijun_li,200,1,8,historical,model,0.67236,0.636576,0.876704,-0.023407,1.362234,-12.946861,14.040707,531,1461,pubL1_peijun_li_PUR_e200_s1
peijun_li,Peijun Li Ensemble,531,1980-10-01..1999-09-30,1995-10-01..1999-09-30,pubL1,PUBModel,PUR,peijun_li,200,1,8,historical,idw,0.216316,,,,,,,531,1461,pubL1_peijun_li_PUR_e200_s1
peijun_li,Peijun Li Ensemble,531,1980-10-01..1999-09-30,1995-10-01..1999-09-30,pubL1,PUBModel,PUR,peijun_li,200,1,8,historical,ctx_mean,0.202246,,,,,,,531,1461,pubL1_peijun_li_PUR_e200_s1
peijun_li,Peijun Li Ensemble,531,1980-10-01..1999-09-30,1995-10-01..1999-09-30,pubL1,PUBModel,PUR,peijun_li,200,1,8,historical,nn_donor,0.068039,,,,,,,531,1461,pubL1_peijun_li_PUR_e200_s1
peijun_li,Peijun Li Ensemble,531,1980-10-01..1999-09-30,1995-10-01..1999-09-30,pubL1,PUBModel,PUR,peijun_li,200,2,0,historical,model,0.440432,0.490818,0.728651,-0.05708,1.830609,-27.536274,26.754427,531,1461,pubL1_peijun_li_PUR_e200_s2
peijun_li,Peijun Li Ensemble,531,1980-10-01..1999-09-30,1995-10-01..1999-09-30,pubL1,PUBModel,PUR,peijun_li,200,2,1,historical,model,0.6578,0.630328,0.864261,-0.013576,1.367454,-12.634631,15.699093,531,1461,pubL1_peijun_li_PUR_e200_s2
peijun_li,Peijun Li Ensemble,531,1980-10-01..1999-09-30,1995-10-01..1999-09-30,pubL1,PUBModel,PUR,peijun_li,200,2,1,historical,idw,0.068039,,,,,,,531,1461,pubL1_peijun_li_PUR_e200_s2
peijun_li,Peijun Li Ensemble,531,1980-10-01..1999-09-30,1995-10-01..1999-09-30,pubL1,PUBModel,PUR,peijun_li,200,2,1,historical,ctx_mean,0.068039,,,,,,,531,1461,pubL1_peijun_li_PUR_e200_s2
peijun_li,Peijun Li Ensemble,531,1980-10-01..1999-09-30,1995-10-01..1999-09-30,pubL1,PUBModel,PUR,peijun_li,200,2,1,historical,nn_donor,0.068039,,,,,,,531,1461,pubL1_peijun_li_PUR_e200_s2
peijun_li,Peijun Li Ensemble,531,1980-10-01..1999-09-30,1995-10-01..1999-09-30,pubL1,PUBModel,PUR,peijun_li,200,2,2,historical,model,0.677547,0.640837,0.87256,-0.025012,1.370881,-13.046609,15.627529,531,1461,pubL1_peijun_li_PUR_e200_s2
peijun_li,Peijun Li Ensemble,531,1980-10-01..1999-09-30,1995-10-01..1999-09-30,pubL1,PUBModel,PUR,peijun_li,200,2,2,historical,idw,0.148195,,,,,,,531,1461,pubL1_peijun_li_PUR_e200_s2
peijun_li,Peijun Li Ensemble,531,1980-10-01..1999-09-30,1995-10-01..1999-09-30,pubL1,PUBModel,PUR,peijun_li,200,2,2,historical,ctx_mean,0.145311,,,,,,,531,1461,pubL1_peijun_li_PUR_e200_s2
peijun_li,Peijun Li Ensemble,531,1980-10-01..1999-09-30,1995-10-01..1999-09-30,pubL1,PUBModel,PUR,peijun_li,200,2,2,historical,nn_donor,0.068039,,,,,,,531,1461,pubL1_peijun_li_PUR_e200_s2
peijun_li,Peijun Li Ensemble,531,1980-10-01..1999-09-30,1995-10-01..1999-09-30,pubL1,PUBModel,PUR,peijun_li,200,2,4,historical,model,0.690868,0.644054,0.875127,-0.033969,1.307729,-12.764594,13.720138,531,1461,pubL1_peijun_li_PUR_e200_s2
peijun_li,Peijun Li Ensemble,531,1980-10-01..1999-09-30,1995-10-01..1999-09-30,pubL1,PUBModel,PUR,peijun_li,200,2,4,historical,idw,0.184784,,,,,,,531,1461,pubL1_peijun_li_PUR_e200_s2
peijun_li,Peijun Li Ensemble,531,1980-10-01..1999-09-30,1995-10-01..1999-09-30,pubL1,PUBModel,PUR,peijun_li,200,2,4,historical,ctx_mean,0.197794,,,,,,,531,1461,pubL1_peijun_li_PUR_e200_s2
peijun_li,Peijun Li Ensemble,531,1980-10-01..1999-09-30,1995-10-01..1999-09-30,pubL1,PUBModel,PUR,peijun_li,200,2,4,historical,nn_donor,0.068039,,,,,,,531,1461,pubL1_peijun_li_PUR_e200_s2
peijun_li,Peijun Li Ensemble,531,1980-10-01..1999-09-30,1995-10-01..1999-09-30,pubL1,PUBModel,PUR,peijun_li,200,2,8,historical,model,0.688927,0.652649,0.875444,-0.030312,1.329594,-12.209594,10.326645,531,1461,pubL1_peijun_li_PUR_e200_s2
peijun_li,Peijun Li Ensemble,531,1980-10-01..1999-09-30,1995-10-01..1999-09-30,pubL1,PUBModel,PUR,peijun_li,200,2,8,historical,idw,0.216316,,,,,,,531,1461,pubL1_peijun_li_PUR_e200_s2
peijun_li,Peijun Li Ensemble,531,1980-10-01..1999-09-30,1995-10-01..1999-09-30,pubL1,PUBModel,PUR,peijun_li,200,2,8,historical,ctx_mean,0.202246,,,,,,,531,1461,pubL1_peijun_li_PUR_e200_s2
peijun_li,Peijun Li Ensemble,531,1980-10-01..1999-09-30,1995-10-01..1999-09-30,pubL1,PUBModel,PUR,peijun_li,200,2,8,historical,nn_donor,0.068039,,,,,,,531,1461,pubL1_peijun_li_PUR_e200_s2
leo15_531,15 years 531 (legacy temporal),531,1980-10-01..1995-09-30,1995-10-01..2010-09-30,pubL32,PUBModel,temporal,leo15_531,200,0,0,historical,model,0.540503,0.605543,0.755817,0.004764,1.591493,-23.125724,28.547019,531,5479,pubL32_leo15_531_temporal_e200_s0
leo15_531,15 years 531 (legacy temporal),531,1980-10-01..1995-09-30,1995-10-01..2010-09-30,pubL32,PUBModel,temporal,leo15_531,200,0,1,historical,model,0.600966,0.64877,0.794894,-0.007803,1.475726,-18.611228,23.920637,531,5479,pubL32_leo15_531_temporal_e200_s0
leo15_531,15 years 531 (legacy temporal),531,1980-10-01..1995-09-30,1995-10-01..2010-09-30,pubL32,PUBModel,temporal,leo15_531,200,0,1,historical,idw,-0.824421,,,,,,,531,5479,pubL32_leo15_531_temporal_e200_s0
leo15_531,15 years 531 (legacy temporal),531,1980-10-01..1995-09-30,1995-10-01..2010-09-30,pubL32,PUBModel,temporal,leo15_531,200,0,1,historical,ctx_mean,-0.824421,,,,,,,531,5479,pubL32_leo15_531_temporal_e200_s0
leo15_531,15 years 531 (legacy temporal),531,1980-10-01..1995-09-30,1995-10-01..2010-09-30,pubL32,PUBModel,temporal,leo15_531,200,0,1,historical,nn_donor,-0.824421,,,,,,,531,5479,pubL32_leo15_531_temporal_e200_s0
leo15_531,15 years 531 (legacy temporal),531,1980-10-01..1995-09-30,1995-10-01..2010-09-30,pubL32,PUBModel,temporal,leo15_531,200,0,2,historical,model,0.606193,0.658641,0.800747,-0.002005,1.460862,-18.706642,24.736267,531,5479,pubL32_leo15_531_temporal_e200_s0
leo15_531,15 years 531 (legacy temporal),531,1980-10-01..1995-09-30,1995-10-01..2010-09-30,pubL32,PUBModel,temporal,leo15_531,200,0,2,historical,idw,-0.745291,,,,,,,531,5479,pubL32_leo15_531_temporal_e200_s0
leo15_531,15 years 531 (legacy temporal),531,1980-10-01..1995-09-30,1995-10-01..2010-09-30,pubL32,PUBModel,temporal,leo15_531,200,0,2,historical,ctx_mean,-0.745043,,,,,,,531,5479,pubL32_leo15_531_temporal_e200_s0
leo15_531,15 years 531 (legacy temporal),531,1980-10-01..1995-09-30,1995-10-01..2010-09-30,pubL32,PUBModel,temporal,leo15_531,200,0,2,historical,nn_donor,-0.824421,,,,,,,531,5479,pubL32_leo15_531_temporal_e200_s0
leo15_531,15 years 531 (legacy temporal),531,1980-10-01..1995-09-30,1995-10-01..2010-09-30,pubL32,PUBModel,temporal,leo15_531,200,0,4,historical,model,0.609932,0.662287,0.801585,0.00034,1.457703,-19.111914,26.264723,531,5479,pubL32_leo15_531_temporal_e200_s0
leo15_531,15 years 531 (legacy temporal),531,1980-10-01..1995-09-30,1995-10-01..2010-09-30,pubL32,PUBModel,temporal,leo15_531,200,0,4,historical,idw,-0.68201,,,,,,,531,5479,pubL32_leo15_531_temporal_e200_s0
leo15_531,15 years 531 (legacy temporal),531,1980-10-01..1995-09-30,1995-10-01..2010-09-30,pubL32,PUBModel,temporal,leo15_531,200,0,4,historical,ctx_mean,-0.601606,,,,,,,531,5479,pubL32_leo15_531_temporal_e200_s0
leo15_531,15 years 531 (legacy temporal),531,1980-10-01..1995-09-30,1995-10-01..2010-09-30,pubL32,PUBModel,temporal,leo15_531,200,0,4,historical,nn_donor,-0.824421,,,,,,,531,5479,pubL32_leo15_531_temporal_e200_s0
leo15_531,15 years 531 (legacy temporal),531,1980-10-01..1995-09-30,1995-10-01..2010-09-30,pubL32,PUBModel,temporal,leo15_531,200,0,8,historical,model,0.611684,0.660132,0.801746,0.000296,1.460056,-19.426357,26.655254,531,5479,pubL32_leo15_531_temporal_e200_s0
leo15_531,15 years 531 (legacy temporal),531,1980-10-01..1995-09-30,1995-10-01..2010-09-30,pubL32,PUBModel,temporal,leo15_531,200,0,8,historical,idw,-0.642761,,,,,,,531,5479,pubL32_leo15_531_temporal_e200_s0
leo15_531,15 years 531 (legacy temporal),531,1980-10-01..1995-09-30,1995-10-01..2010-09-30,pubL32,PUBModel,temporal,leo15_531,200,0,8,historical,ctx_mean,-0.541673,,,,,,,531,5479,pubL32_leo15_531_temporal_e200_s0
leo15_531,15 years 531 (legacy temporal),531,1980-10-01..1995-09-30,1995-10-01..2010-09-30,pubL32,PUBModel,temporal,leo15_531,200,0,8,historical,nn_donor,-0.824421,,,,,,,531,5479,pubL32_leo15_531_temporal_e200_s0
peijun_li,Peijun Li Ensemble,531,1980-10-01..1999-09-30,1995-10-01..1999-09-30,pubL32,PUBModel,PUB,peijun_li,200,0,0,historical,model,0.59922,0.609087,0.811161,-0.026373,1.529613,-17.888457,15.933117,531,1461,pubL32_peijun_li_PUB_e200_s0
peijun_li,Peijun Li Ensemble,531,1980-10-01..1999-09-30,1995-10-01..1999-09-30,pubL32,PUBModel,PUB,peijun_li,200,0,1,historical,model,0.638922,0.659742,0.841455,-0.015149,1.439971,-13.483123,9.749413,531,1461,pubL32_peijun_li_PUB_e200_s0
peijun_li,Peijun Li Ensemble,531,1980-10-01..1999-09-30,1995-10-01..1999-09-30,pubL32,PUBModel,PUB,peijun_li,200,0,1,historical,idw,-0.786977,,,,,,,531,1461,pubL32_peijun_li_PUB_e200_s0
peijun_li,Peijun Li Ensemble,531,1980-10-01..1999-09-30,1995-10-01..1999-09-30,pubL32,PUBModel,PUB,peijun_li,200,0,1,historical,ctx_mean,-0.786977,,,,,,,531,1461,pubL32_peijun_li_PUB_e200_s0
peijun_li,Peijun Li Ensemble,531,1980-10-01..1999-09-30,1995-10-01..1999-09-30,pubL32,PUBModel,PUB,peijun_li,200,0,1,historical,nn_donor,-0.786977,,,,,,,531,1461,pubL32_peijun_li_PUB_e200_s0
peijun_li,Peijun Li Ensemble,531,1980-10-01..1999-09-30,1995-10-01..1999-09-30,pubL32,PUBModel,PUB,peijun_li,200,0,2,historical,model,0.641567,0.652225,0.843209,-0.016244,1.424576,-13.713437,9.342699,531,1461,pubL32_peijun_li_PUB_e200_s0
peijun_li,Peijun Li Ensemble,531,1980-10-01..1999-09-30,1995-10-01..1999-09-30,pubL32,PUBModel,PUB,peijun_li,200,0,2,historical,idw,-0.7045,,,,,,,531,1461,pubL32_peijun_li_PUB_e200_s0
peijun_li,Peijun Li Ensemble,531,1980-10-01..1999-09-30,1995-10-01..1999-09-30,pubL32,PUBModel,PUB,peijun_li,200,0,2,historical,ctx_mean,-0.693159,,,,,,,531,1461,pubL32_peijun_li_PUB_e200_s0
peijun_li,Peijun Li Ensemble,531,1980-10-01..1999-09-30,1995-10-01..1999-09-30,pubL32,PUBModel,PUB,peijun_li,200,0,2,historical,nn_donor,-0.786977,,,,,,,531,1461,pubL32_peijun_li_PUB_e200_s0
peijun_li,Peijun Li Ensemble,531,1980-10-01..1999-09-30,1995-10-01..1999-09-30,pubL32,PUBModel,PUB,peijun_li,200,0,4,historical,model,0.644831,0.656345,0.844358,-0.015858,1.414415,-12.945413,8.739356,531,1461,pubL32_peijun_li_PUB_e200_s0
peijun_li,Peijun Li Ensemble,531,1980-10-01..1999-09-30,1995-10-01..1999-09-30,pubL32,PUBModel,PUB,peijun_li,200,0,4,historical,idw,-0.65418,,,,,,,531,1461,pubL32_peijun_li_PUB_e200_s0
peijun_li,Peijun Li Ensemble,531,1980-10-01..1999-09-30,1995-10-01..1999-09-30,pubL32,PUBModel,PUB,peijun_li,200,0,4,historical,ctx_mean,-0.63455,,,,,,,531,1461,pubL32_peijun_li_PUB_e200_s0
peijun_li,Peijun Li Ensemble,531,1980-10-01..1999-09-30,1995-10-01..1999-09-30,pubL32,PUBModel,PUB,peijun_li,200,0,4,historical,nn_donor,-0.786977,,,,,,,531,1461,pubL32_peijun_li_PUB_e200_s0
peijun_li,Peijun Li Ensemble,531,1980-10-01..1999-09-30,1995-10-01..1999-09-30,pubL32,PUBModel,PUB,peijun_li,200,0,8,historical,model,0.649998,0.656467,0.844854,-0.01323,1.42442,-13.413593,8.947855,531,1461,pubL32_peijun_li_PUB_e200_s0
peijun_li,Peijun Li Ensemble,531,1980-10-01..1999-09-30,1995-10-01..1999-09-30,pubL32,PUBModel,PUB,peijun_li,200,0,8,historical,idw,-0.617827,,,,,,,531,1461,pubL32_peijun_li_PUB_e200_s0
peijun_li,Peijun Li Ensemble,531,1980-10-01..1999-09-30,1995-10-01..1999-09-30,pubL32,PUBModel,PUB,peijun_li,200,0,8,historical,ctx_mean,-0.53615,,,,,,,531,1461,pubL32_peijun_li_PUB_e200_s0
peijun_li,Peijun Li Ensemble,531,1980-10-01..1999-09-30,1995-10-01..1999-09-30,pubL32,PUBModel,PUB,peijun_li,200,0,8,historical,nn_donor,-0.786977,,,,,,,531,1461,pubL32_peijun_li_PUB_e200_s0
peijun_li,Peijun Li Ensemble,531,1980-10-01..1999-09-30,1995-10-01..1999-09-30,pubL32,PUBModel,PUR,peijun_li,200,0,0,historical,model,0.474584,0.520132,0.758754,-0.059027,1.764546,-23.912516,6.683154,531,1461,pubL32_peijun_li_PUR_e200_s0
peijun_li,Peijun Li Ensemble,531,1980-10-01..1999-09-30,1995-10-01..1999-09-30,pubL32,PUBModel,PUR,peijun_li,200,0,1,historical,model,0.551028,0.592559,0.798027,-0.03929,1.635759,-18.852069,3.085331,531,1461,pubL32_peijun_li_PUR_e200_s0
peijun_li,Peijun Li Ensemble,531,1980-10-01..1999-09-30,1995-10-01..1999-09-30,pubL32,PUBModel,PUR,peijun_li,200,0,1,historical,idw,-0.786977,,,,,,,531,1461,pubL32_peijun_li_PUR_e200_s0
peijun_li,Peijun Li Ensemble,531,1980-10-01..1999-09-30,1995-10-01..1999-09-30,pubL32,PUBModel,PUR,peijun_li,200,0,1,historical,ctx_mean,-0.786977,,,,,,,531,1461,pubL32_peijun_li_PUR_e200_s0
peijun_li,Peijun Li Ensemble,531,1980-10-01..1999-09-30,1995-10-01..1999-09-30,pubL32,PUBModel,PUR,peijun_li,200,0,1,historical,nn_donor,-0.786977,,,,,,,531,1461,pubL32_peijun_li_PUR_e200_s0
peijun_li,Peijun Li Ensemble,531,1980-10-01..1999-09-30,1995-10-01..1999-09-30,pubL32,PUBModel,PUR,peijun_li,200,0,2,historical,model,0.554804,0.586539,0.798827,-0.041439,1.607359,-18.896184,6.192777,531,1461,pubL32_peijun_li_PUR_e200_s0
peijun_li,Peijun Li Ensemble,531,1980-10-01..1999-09-30,1995-10-01..1999-09-30,pubL32,PUBModel,PUR,peijun_li,200,0,2,historical,idw,-0.7045,,,,,,,531,1461,pubL32_peijun_li_PUR_e200_s0
peijun_li,Peijun Li Ensemble,531,1980-10-01..1999-09-30,1995-10-01..1999-09-30,pubL32,PUBModel,PUR,peijun_li,200,0,2,historical,ctx_mean,-0.693159,,,,,,,531,1461,pubL32_peijun_li_PUR_e200_s0
peijun_li,Peijun Li Ensemble,531,1980-10-01..1999-09-30,1995-10-01..1999-09-30,pubL32,PUBModel,PUR,peijun_li,200,0,2,historical,nn_donor,-0.786977,,,,,,,531,1461,pubL32_peijun_li_PUR_e200_s0
peijun_li,Peijun Li Ensemble,531,1980-10-01..1999-09-30,1995-10-01..1999-09-30,pubL32,PUBModel,PUR,peijun_li,200,0,4,historical,model,0.555689,0.590283,0.800391,-0.042446,1.61076,-18.624331,7.765511,531,1461,pubL32_peijun_li_PUR_e200_s0
peijun_li,Peijun Li Ensemble,531,1980-10-01..1999-09-30,1995-10-01..1999-09-30,pubL32,PUBModel,PUR,peijun_li,200,0,4,historical,idw,-0.65418,,,,,,,531,1461,pubL32_peijun_li_PUR_e200_s0
peijun_li,Peijun Li Ensemble,531,1980-10-01..1999-09-30,1995-10-01..1999-09-30,pubL32,PUBModel,PUR,peijun_li,200,0,4,historical,ctx_mean,-0.63455,,,,,,,531,1461,pubL32_peijun_li_PUR_e200_s0
peijun_li,Peijun Li Ensemble,531,1980-10-01..1999-09-30,1995-10-01..1999-09-30,pubL32,PUBModel,PUR,peijun_li,200,0,4,historical,nn_donor,-0.786977,,,,,,,531,1461,pubL32_peijun_li_PUR_e200_s0
peijun_li,Peijun Li Ensemble,531,1980-10-01..1999-09-30,1995-10-01..1999-09-30,pubL32,PUBModel,PUR,peijun_li,200,0,8,historical,model,0.558318,0.589444,0.802134,-0.041854,1.616837,-19.180366,7.011014,531,1461,pubL32_peijun_li_PUR_e200_s0
peijun_li,Peijun Li Ensemble,531,1980-10-01..1999-09-30,1995-10-01..1999-09-30,pubL32,PUBModel,PUR,peijun_li,200,0,8,historical,idw,-0.617827,,,,,,,531,1461,pubL32_peijun_li_PUR_e200_s0
peijun_li,Peijun Li Ensemble,531,1980-10-01..1999-09-30,1995-10-01..1999-09-30,pubL32,PUBModel,PUR,peijun_li,200,0,8,historical,ctx_mean,-0.53615,,,,,,,531,1461,pubL32_peijun_li_PUR_e200_s0
peijun_li,Peijun Li Ensemble,531,1980-10-01..1999-09-30,1995-10-01..1999-09-30,pubL32,PUBModel,PUR,peijun_li,200,0,8,historical,nn_donor,-0.786977,,,,,,,531,1461,pubL32_peijun_li_PUR_e200_s0
leo15_531,15 years 531 (legacy temporal),531,1980-10-01..1995-09-30,1995-10-01..2010-09-30,pubL3,PUBModel,temporal,leo15_531,200,0,0,historical,model,0.481886,0.551028,0.713291,-0.007018,1.662757,-27.937224,33.607615,531,5479,pubL3_leo15_531_temporal_e200_s0
leo15_531,15 years 531 (legacy temporal),531,1980-10-01..1995-09-30,1995-10-01..2010-09-30,pubL3,PUBModel,temporal,leo15_531,200,0,1,historical,model,0.676931,0.712395,0.844655,-0.031029,1.299746,-16.640169,9.466997,531,5479,pubL3_leo15_531_temporal_e200_s0
leo15_531,15 years 531 (legacy temporal),531,1980-10-01..1995-09-30,1995-10-01..2010-09-30,pubL3,PUBModel,temporal,leo15_531,200,0,1,historical,idw,-0.381844,,,,,,,531,5479,pubL3_leo15_531_temporal_e200_s0
leo15_531,15 years 531 (legacy temporal),531,1980-10-01..1995-09-30,1995-10-01..2010-09-30,pubL3,PUBModel,temporal,leo15_531,200,0,1,historical,ctx_mean,-0.381844,,,,,,,531,5479,pubL3_leo15_531_temporal_e200_s0
leo15_531,15 years 531 (legacy temporal),531,1980-10-01..1995-09-30,1995-10-01..2010-09-30,pubL3,PUBModel,temporal,leo15_531,200,0,1,historical,nn_donor,-0.381844,,,,,,,531,5479,pubL3_leo15_531_temporal_e200_s0
leo15_531,15 years 531 (legacy temporal),531,1980-10-01..1995-09-30,1995-10-01..2010-09-30,pubL3,PUBModel,temporal,leo15_531,200,0,2,historical,model,0.704156,0.718316,0.85575,-0.026709,1.267535,-16.448733,8.647022,531,5479,pubL3_leo15_531_temporal_e200_s0
leo15_531,15 years 531 (legacy temporal),531,1980-10-01..1995-09-30,1995-10-01..2010-09-30,pubL3,PUBModel,temporal,leo15_531,200,0,2,historical,idw,-0.312522,,,,,,,531,5479,pubL3_leo15_531_temporal_e200_s0
leo15_531,15 years 531 (legacy temporal),531,1980-10-01..1995-09-30,1995-10-01..2010-09-30,pubL3,PUBModel,temporal,leo15_531,200,0,2,historical,ctx_mean,-0.310365,,,,,,,531,5479,pubL3_leo15_531_temporal_e200_s0
leo15_531,15 years 531 (legacy temporal),531,1980-10-01..1995-09-30,1995-10-01..2010-09-30,pubL3,PUBModel,temporal,leo15_531,200,0,2,historical,nn_donor,-0.381844,,,,,,,531,5479,pubL3_leo15_531_temporal_e200_s0
leo15_531,15 years 531 (legacy temporal),531,1980-10-01..1995-09-30,1995-10-01..2010-09-30,pubL3,PUBModel,temporal,leo15_531,200,0,4,historical,model,0.71379,0.725023,0.861696,-0.025688,1.253117,-15.655689,10.433874,531,5479,pubL3_leo15_531_temporal_e200_s0
leo15_531,15 years 531 (legacy temporal),531,1980-10-01..1995-09-30,1995-10-01..2010-09-30,pubL3,PUBModel,temporal,leo15_531,200,0,4,historical,idw,-0.261729,,,,,,,531,5479,pubL3_leo15_531_temporal_e200_s0
leo15_531,15 years 531 (legacy temporal),531,1980-10-01..1995-09-30,1995-10-01..2010-09-30,pubL3,PUBModel,temporal,leo15_531,200,0,4,historical,ctx_mean,-0.245046,,,,,,,531,5479,pubL3_leo15_531_temporal_e200_s0
leo15_531,15 years 531 (legacy temporal),531,1980-10-01..1995-09-30,1995-10-01..2010-09-30,pubL3,PUBModel,temporal,leo15_531,200,0,4,historical,nn_donor,-0.381844,,,,,,,531,5479,pubL3_leo15_531_temporal_e200_s0
leo15_531,15 years 531 (legacy temporal),531,1980-10-01..1995-09-30,1995-10-01..2010-09-30,pubL3,PUBModel,temporal,leo15_531,200,0,8,historical,model,0.716293,0.726036,0.864032,-0.017876,1.257363,-15.574655,11.888128,531,5479,pubL3_leo15_531_temporal_e200_s0
leo15_531,15 years 531 (legacy temporal),531,1980-10-01..1995-09-30,1995-10-01..2010-09-30,pubL3,PUBModel,temporal,leo15_531,200,0,8,historical,idw,-0.224105,,,,,,,531,5479,pubL3_leo15_531_temporal_e200_s0
leo15_531,15 years 531 (legacy temporal),531,1980-10-01..1995-09-30,1995-10-01..2010-09-30,pubL3,PUBModel,temporal,leo15_531,200,0,8,historical,ctx_mean,-0.183507,,,,,,,531,5479,pubL3_leo15_531_temporal_e200_s0
leo15_531,15 years 531 (legacy temporal),531,1980-10-01..1995-09-30,1995-10-01..2010-09-30,pubL3,PUBModel,temporal,leo15_531,200,0,8,historical,nn_donor,-0.381844,,,,,,,531,5479,pubL3_leo15_531_temporal_e200_s0
peijun_li,Peijun Li Ensemble,531,1980-10-01..1999-09-30,1995-10-01..1999-09-30,pubL3,PUBModel,PUB,peijun_li,200,0,0,historical,model,0.566326,0.593676,0.786436,-0.048507,1.652859,-22.880343,23.379995,531,1461,pubL3_peijun_li_PUB_e200_s0
peijun_li,Peijun Li Ensemble,531,1980-10-01..1999-09-30,1995-10-01..1999-09-30,pubL3,PUBModel,PUB,peijun_li,200,0,1,historical,model,0.686783,0.676178,0.872693,-0.012095,1.359626,-9.314084,7.318677,531,1461,pubL3_peijun_li_PUB_e200_s0
peijun_li,Peijun Li Ensemble,531,1980-10-01..1999-09-30,1995-10-01..1999-09-30,pubL3,PUBModel,PUB,peijun_li,200,0,1,historical,idw,-0.409147,,,,,,,531,1461,pubL3_peijun_li_PUB_e200_s0
peijun_li,Peijun Li Ensemble,531,1980-10-01..1999-09-30,1995-10-01..1999-09-30,pubL3,PUBModel,PUB,peijun_li,200,0,1,historical,ctx_mean,-0.409147,,,,,,,531,1461,pubL3_peijun_li_PUB_e200_s0
peijun_li,Peijun Li Ensemble,531,1980-10-01..1999-09-30,1995-10-01..1999-09-30,pubL3,PUBModel,PUB,peijun_li,200,0,1,historical,nn_donor,-0.409147,,,,,,,531,1461,pubL3_peijun_li_PUB_e200_s0
peijun_li,Peijun Li Ensemble,531,1980-10-01..1999-09-30,1995-10-01..1999-09-30,pubL3,PUBModel,PUB,peijun_li,200,0,2,historical,model,0.696532,0.688022,0.878778,-0.016621,1.329396,-10.929938,3.582122,531,1461,pubL3_peijun_li_PUB_e200_s0
peijun_li,Peijun Li Ensemble,531,1980-10-01..1999-09-30,1995-10-01..1999-09-30,pubL3,PUBModel,PUB,peijun_li,200,0,2,historical,idw,-0.344925,,,,,,,531,1461,pubL3_peijun_li_PUB_e200_s0
peijun_li,Peijun Li Ensemble,531,1980-10-01..1999-09-30,1995-10-01..1999-09-30,pubL3,PUBModel,PUB,peijun_li,200,0,2,historical,ctx_mean,-0.337294,,,,,,,531,1461,pubL3_peijun_li_PUB_e200_s0
peijun_li,Peijun Li Ensemble,531,1980-10-01..1999-09-30,1995-10-01..1999-09-30,pubL3,PUBModel,PUB,peijun_li,200,0,2,historical,nn_donor,-0.409147,,,,,,,531,1461,pubL3_peijun_li_PUB_e200_s0
peijun_li,Peijun Li Ensemble,531,1980-10-01..1999-09-30,1995-10-01..1999-09-30,pubL3,PUBModel,PUB,peijun_li,200,0,4,historical,model,0.700857,0.6808,0.878231,-0.007182,1.308442,-10.588502,2.346423,531,1461,pubL3_peijun_li_PUB_e200_s0
peijun_li,Peijun Li Ensemble,531,1980-10-01..1999-09-30,1995-10-01..1999-09-30,pubL3,PUBModel,PUB,peijun_li,200,0,4,historical,idw,-0.303798,,,,,,,531,1461,pubL3_peijun_li_PUB_e200_s0
peijun_li,Peijun Li Ensemble,531,1980-10-01..1999-09-30,1995-10-01..1999-09-30,pubL3,PUBModel,PUB,peijun_li,200,0,4,historical,ctx_mean,-0.281537,,,,,,,531,1461,pubL3_peijun_li_PUB_e200_s0
peijun_li,Peijun Li Ensemble,531,1980-10-01..1999-09-30,1995-10-01..1999-09-30,pubL3,PUBModel,PUB,peijun_li,200,0,4,historical,nn_donor,-0.409147,,,,,,,531,1461,pubL3_peijun_li_PUB_e200_s0
peijun_li,Peijun Li Ensemble,531,1980-10-01..1999-09-30,1995-10-01..1999-09-30,pubL3,PUBModel,PUB,peijun_li,200,0,8,historical,model,0.69922,0.684669,0.879192,-0.004777,1.301733,-9.325367,2.61757,531,1461,pubL3_peijun_li_PUB_e200_s0
peijun_li,Peijun Li Ensemble,531,1980-10-01..1999-09-30,1995-10-01..1999-09-30,pubL3,PUBModel,PUB,peijun_li,200,0,8,historical,idw,-0.279166,,,,,,,531,1461,pubL3_peijun_li_PUB_e200_s0
peijun_li,Peijun Li Ensemble,531,1980-10-01..1999-09-30,1995-10-01..1999-09-30,pubL3,PUBModel,PUB,peijun_li,200,0,8,historical,ctx_mean,-0.22568,,,,,,,531,1461,pubL3_peijun_li_PUB_e200_s0
peijun_li,Peijun Li Ensemble,531,1980-10-01..1999-09-30,1995-10-01..1999-09-30,pubL3,PUBModel,PUB,peijun_li,200,0,8,historical,nn_donor,-0.409147,,,,,,,531,1461,pubL3_peijun_li_PUB_e200_s0
peijun_li,Peijun Li Ensemble,531,1980-10-01..1999-09-30,1995-10-01..1999-09-30,pubL3,PUBModel,PUR,peijun_li,200,0,0,historical,model,0.437686,0.482348,0.717727,-0.063359,1.809156,-31.791983,32.539625,531,1461,pubL3_peijun_li_PUR_e200_s0
peijun_li,Peijun Li Ensemble,531,1980-10-01..1999-09-30,1995-10-01..1999-09-30,pubL3,PUBModel,PUR,peijun_li,200,0,1,historical,model,0.621531,0.638497,0.851009,-0.015055,1.476889,-14.025922,10.871074,531,1461,pubL3_peijun_li_PUR_e200_s0
peijun_li,Peijun Li Ensemble,531,1980-10-01..1999-09-30,1995-10-01..1999-09-30,pubL3,PUBModel,PUR,peijun_li,200,0,1,historical,idw,-0.409147,,,,,,,531,1461,pubL3_peijun_li_PUR_e200_s0
peijun_li,Peijun Li Ensemble,531,1980-10-01..1999-09-30,1995-10-01..1999-09-30,pubL3,PUBModel,PUR,peijun_li,200,0,1,historical,ctx_mean,-0.409147,,,,,,,531,1461,pubL3_peijun_li_PUR_e200_s0
peijun_li,Peijun Li Ensemble,531,1980-10-01..1999-09-30,1995-10-01..1999-09-30,pubL3,PUBModel,PUR,peijun_li,200,0,1,historical,nn_donor,-0.409147,,,,,,,531,1461,pubL3_peijun_li_PUR_e200_s0
peijun_li,Peijun Li Ensemble,531,1980-10-01..1999-09-30,1995-10-01..1999-09-30,pubL3,PUBModel,PUR,peijun_li,200,0,2,historical,model,0.642648,0.654197,0.855739,-0.023226,1.43024,-13.127003,11.606703,531,1461,pubL3_peijun_li_PUR_e200_s0
peijun_li,Peijun Li Ensemble,531,1980-10-01..1999-09-30,1995-10-01..1999-09-30,pubL3,PUBModel,PUR,peijun_li,200,0,2,historical,idw,-0.344925,,,,,,,531,1461,pubL3_peijun_li_PUR_e200_s0
peijun_li,Peijun Li Ensemble,531,1980-10-01..1999-09-30,1995-10-01..1999-09-30,pubL3,PUBModel,PUR,peijun_li,200,0,2,historical,ctx_mean,-0.337294,,,,,,,531,1461,pubL3_peijun_li_PUR_e200_s0
peijun_li,Peijun Li Ensemble,531,1980-10-01..1999-09-30,1995-10-01..1999-09-30,pubL3,PUBModel,PUR,peijun_li,200,0,2,historical,nn_donor,-0.409147,,,,,,,531,1461,pubL3_peijun_li_PUR_e200_s0
peijun_li,Peijun Li Ensemble,531,1980-10-01..1999-09-30,1995-10-01..1999-09-30,pubL3,PUBModel,PUR,peijun_li,200,0,4,historical,model,0.647007,0.651627,0.857731,-0.019593,1.398697,-13.845363,10.691006,531,1461,pubL3_peijun_li_PUR_e200_s0
peijun_li,Peijun Li Ensemble,531,1980-10-01..1999-09-30,1995-10-01..1999-09-30,pubL3,PUBModel,PUR,peijun_li,200,0,4,historical,idw,-0.303798,,,,,,,531,1461,pubL3_peijun_li_PUR_e200_s0
peijun_li,Peijun Li Ensemble,531,1980-10-01..1999-09-30,1995-10-01..1999-09-30,pubL3,PUBModel,PUR,peijun_li,200,0,4,historical,ctx_mean,-0.281537,,,,,,,531,1461,pubL3_peijun_li_PUR_e200_s0
peijun_li,Peijun Li Ensemble,531,1980-10-01..1999-09-30,1995-10-01..1999-09-30,pubL3,PUBModel,PUR,peijun_li,200,0,4,historical,nn_donor,-0.409147,,,,,,,531,1461,pubL3_peijun_li_PUR_e200_s0
peijun_li,Peijun Li Ensemble,531,1980-10-01..1999-09-30,1995-10-01..1999-09-30,pubL3,PUBModel,PUR,peijun_li,200,0,8,historical,model,0.648271,0.655464,0.860753,-0.022952,1.399253,-14.014913,10.481689,531,1461,pubL3_peijun_li_PUR_e200_s0
peijun_li,Peijun Li Ensemble,531,1980-10-01..1999-09-30,1995-10-01..1999-09-30,pubL3,PUBModel,PUR,peijun_li,200,0,8,historical,idw,-0.279166,,,,,,,531,1461,pubL3_peijun_li_PUR_e200_s0
peijun_li,Peijun Li Ensemble,531,1980-10-01..1999-09-30,1995-10-01..1999-09-30,pubL3,PUBModel,PUR,peijun_li,200,0,8,historical,ctx_mean,-0.22568,,,,,,,531,1461,pubL3_peijun_li_PUR_e200_s0
peijun_li,Peijun Li Ensemble,531,1980-10-01..1999-09-30,1995-10-01..1999-09-30,pubL3,PUBModel,PUR,peijun_li,200,0,8,historical,nn_donor,-0.409147,,,,,,,531,1461,pubL3_peijun_li_PUR_e200_s0
leo15_531,15 years 531 (legacy temporal),531,1980-10-01..1995-09-30,1995-10-01..2010-09-30,pubL64,PUBModel,temporal,leo15_531,200,0,0,historical,model,0.534057,0.598234,0.747626,-0.019944,1.588008,-24.130795,25.36641,531,5479,pubL64_leo15_531_temporal_e200_s0
leo15_531,15 years 531 (legacy temporal),531,1980-10-01..1995-09-30,1995-10-01..2010-09-30,pubL64,PUBModel,temporal,leo15_531,200,0,1,historical,model,0.552971,0.603113,0.765698,-0.032186,1.554803,-25.189144,31.567111,531,5479,pubL64_leo15_531_temporal_e200_s0
leo15_531,15 years 531 (legacy temporal),531,1980-10-01..1995-09-30,1995-10-01..2010-09-30,pubL64,PUBModel,temporal,leo15_531,200,0,1,historical,idw,-0.992114,,,,,,,531,5479,pubL64_leo15_531_temporal_e200_s0
leo15_531,15 years 531 (legacy temporal),531,1980-10-01..1995-09-30,1995-10-01..2010-09-30,pubL64,PUBModel,temporal,leo15_531,200,0,1,historical,ctx_mean,-0.992114,,,,,,,531,5479,pubL64_leo15_531_temporal_e200_s0
leo15_531,15 years 531 (legacy temporal),531,1980-10-01..1995-09-30,1995-10-01..2010-09-30,pubL64,PUBModel,temporal,leo15_531,200,0,1,historical,nn_donor,-0.992114,,,,,,,531,5479,pubL64_leo15_531_temporal_e200_s0
leo15_531,15 years 531 (legacy temporal),531,1980-10-01..1995-09-30,1995-10-01..2010-09-30,pubL64,PUBModel,temporal,leo15_531,200,0,2,historical,model,0.556189,0.602476,0.765768,-0.029336,1.557266,-25.329437,31.748852,531,5479,pubL64_leo15_531_temporal_e200_s0
leo15_531,15 years 531 (legacy temporal),531,1980-10-01..1995-09-30,1995-10-01..2010-09-30,pubL64,PUBModel,temporal,leo15_531,200,0,2,historical,idw,-0.898884,,,,,,,531,5479,pubL64_leo15_531_temporal_e200_s0
leo15_531,15 years 531 (legacy temporal),531,1980-10-01..1995-09-30,1995-10-01..2010-09-30,pubL64,PUBModel,temporal,leo15_531,200,0,2,historical,ctx_mean,-0.881425,,,,,,,531,5479,pubL64_leo15_531_temporal_e200_s0
leo15_531,15 years 531 (legacy temporal),531,1980-10-01..1995-09-30,1995-10-01..2010-09-30,pubL64,PUBModel,temporal,leo15_531,200,0,2,historical,nn_donor,-0.992114,,,,,,,531,5479,pubL64_leo15_531_temporal_e200_s0
leo15_531,15 years 531 (legacy temporal),531,1980-10-01..1995-09-30,1995-10-01..2010-09-30,pubL64,PUBModel,temporal,leo15_531,200,0,4,historical,model,0.558706,0.601089,0.765784,-0.026572,1.552281,-25.405216,32.70326,531,5479,pubL64_leo15_531_temporal_e200_s0
leo15_531,15 years 531 (legacy temporal),531,1980-10-01..1995-09-30,1995-10-01..2010-09-30,pubL64,PUBModel,temporal,leo15_531,200,0,4,historical,idw,-0.837813,,,,,,,531,5479,pubL64_leo15_531_temporal_e200_s0
leo15_531,15 years 531 (legacy temporal),531,1980-10-01..1995-09-30,1995-10-01..2010-09-30,pubL64,PUBModel,temporal,leo15_531,200,0,4,historical,ctx_mean,-0.762412,,,,,,,531,5479,pubL64_leo15_531_temporal_e200_s0
leo15_531,15 years 531 (legacy temporal),531,1980-10-01..1995-09-30,1995-10-01..2010-09-30,pubL64,PUBModel,temporal,leo15_531,200,0,4,historical,nn_donor,-0.992114,,,,,,,531,5479,pubL64_leo15_531_temporal_e200_s0
leo15_531,15 years 531 (legacy temporal),531,1980-10-01..1995-09-30,1995-10-01..2010-09-30,pubL64,PUBModel,temporal,leo15_531,200,0,8,historical,model,0.559008,0.604152,0.765378,-0.030029,1.55423,-26.056077,34.184572,531,5479,pubL64_leo15_531_temporal_e200_s0
leo15_531,15 years 531 (legacy temporal),531,1980-10-01..1995-09-30,1995-10-01..2010-09-30,pubL64,PUBModel,temporal,leo15_531,200,0,8,historical,idw,-0.794421,,,,,,,531,5479,pubL64_leo15_531_temporal_e200_s0
leo15_531,15 years 531 (legacy temporal),531,1980-10-01..1995-09-30,1995-10-01..2010-09-30,pubL64,PUBModel,temporal,leo15_531,200,0,8,historical,ctx_mean,-0.658786,,,,,,,531,5479,pubL64_leo15_531_temporal_e200_s0
leo15_531,15 years 531 (legacy temporal),531,1980-10-01..1995-09-30,1995-10-01..2010-09-30,pubL64,PUBModel,temporal,leo15_531,200,0,8,historical,nn_donor,-0.992114,,,,,,,531,5479,pubL64_leo15_531_temporal_e200_s0
peijun_li,Peijun Li Ensemble,531,1980-10-01..1999-09-30,1995-10-01..1999-09-30,pubL64,PUBModel,PUB,peijun_li,200,0,0,historical,model,0.601864,0.613981,0.814745,-0.03039,1.544026,-16.683789,13.735933,531,1461,pubL64_peijun_li_PUB_e200_s0
peijun_li,Peijun Li Ensemble,531,1980-10-01..1999-09-30,1995-10-01..1999-09-30,pubL64,PUBModel,PUB,peijun_li,200,0,1,historical,model,0.612381,0.640191,0.827143,-0.027454,1.49426,-15.455736,14.014288,531,1461,pubL64_peijun_li_PUB_e200_s0
peijun_li,Peijun Li Ensemble,531,1980-10-01..1999-09-30,1995-10-01..1999-09-30,pubL64,PUBModel,PUB,peijun_li,200,0,1,historical,idw,-0.980593,,,,,,,531,1461,pubL64_peijun_li_PUB_e200_s0
peijun_li,Peijun Li Ensemble,531,1980-10-01..1999-09-30,1995-10-01..1999-09-30,pubL64,PUBModel,PUB,peijun_li,200,0,1,historical,ctx_mean,-0.980593,,,,,,,531,1461,pubL64_peijun_li_PUB_e200_s0
peijun_li,Peijun Li Ensemble,531,1980-10-01..1999-09-30,1995-10-01..1999-09-30,pubL64,PUBModel,PUB,peijun_li,200,0,1,historical,nn_donor,-0.980593,,,,,,,531,1461,pubL64_peijun_li_PUB_e200_s0
peijun_li,Peijun Li Ensemble,531,1980-10-01..1999-09-30,1995-10-01..1999-09-30,pubL64,PUBModel,PUB,peijun_li,200,0,2,historical,model,0.619586,0.645694,0.827617,-0.026829,1.483177,-14.894262,14.759566,531,1461,pubL64_peijun_li_PUB_e200_s0
peijun_li,Peijun Li Ensemble,531,1980-10-01..1999-09-30,1995-10-01..1999-09-30,pubL64,PUBModel,PUB,peijun_li,200,0,2,historical,idw,-0.920976,,,,,,,531,1461,pubL64_peijun_li_PUB_e200_s0
peijun_li,Peijun Li Ensemble,531,1980-10-01..1999-09-30,1995-10-01..1999-09-30,pubL64,PUBModel,PUB,peijun_li,200,0,2,historical,ctx_mean,-0.896444,,,,,,,531,1461,pubL64_peijun_li_PUB_e200_s0
peijun_li,Peijun Li Ensemble,531,1980-10-01..1999-09-30,1995-10-01..1999-09-30,pubL64,PUBModel,PUB,peijun_li,200,0,2,historical,nn_donor,-0.980593,,,,,,,531,1461,pubL64_peijun_li_PUB_e200_s0
peijun_li,Peijun Li Ensemble,531,1980-10-01..1999-09-30,1995-10-01..1999-09-30,pubL64,PUBModel,PUB,peijun_li,200,0,4,historical,model,0.61984,0.651403,0.828098,-0.024718,1.487547,-14.723962,16.270837,531,1461,pubL64_peijun_li_PUB_e200_s0
peijun_li,Peijun Li Ensemble,531,1980-10-01..1999-09-30,1995-10-01..1999-09-30,pubL64,PUBModel,PUB,peijun_li,200,0,4,historical,idw,-0.851562,,,,,,,531,1461,pubL64_peijun_li_PUB_e200_s0
peijun_li,Peijun Li Ensemble,531,1980-10-01..1999-09-30,1995-10-01..1999-09-30,pubL64,PUBModel,PUB,peijun_li,200,0,4,historical,ctx_mean,-0.807511,,,,,,,531,1461,pubL64_peijun_li_PUB_e200_s0
peijun_li,Peijun Li Ensemble,531,1980-10-01..1999-09-30,1995-10-01..1999-09-30,pubL64,PUBModel,PUB,peijun_li,200,0,4,historical,nn_donor,-0.980593,,,,,,,531,1461,pubL64_peijun_li_PUB_e200_s0
peijun_li,Peijun Li Ensemble,531,1980-10-01..1999-09-30,1995-10-01..1999-09-30,pubL64,PUBModel,PUB,peijun_li,200,0,8,historical,model,0.622027,0.649517,0.828046,-0.021328,1.488397,-14.649802,14.543496,531,1461,pubL64_peijun_li_PUB_e200_s0
peijun_li,Peijun Li Ensemble,531,1980-10-01..1999-09-30,1995-10-01..1999-09-30,pubL64,PUBModel,PUB,peijun_li,200,0,8,historical,idw,-0.829798,,,,,,,531,1461,pubL64_peijun_li_PUB_e200_s0
peijun_li,Peijun Li Ensemble,531,1980-10-01..1999-09-30,1995-10-01..1999-09-30,pubL64,PUBModel,PUB,peijun_li,200,0,8,historical,ctx_mean,-0.700409,,,,,,,531,1461,pubL64_peijun_li_PUB_e200_s0
peijun_li,Peijun Li Ensemble,531,1980-10-01..1999-09-30,1995-10-01..1999-09-30,pubL64,PUBModel,PUB,peijun_li,200,0,8,historical,nn_donor,-0.980593,,,,,,,531,1461,pubL64_peijun_li_PUB_e200_s0
peijun_li,Peijun Li Ensemble,531,1980-10-01..1999-09-30,1995-10-01..1999-09-30,pubL64,PUBModel,PUR,peijun_li,200,0,0,historical,model,0.469027,0.494214,0.751213,-0.018043,1.801967,-21.842991,17.069708,531,1461,pubL64_peijun_li_PUR_e200_s0
peijun_li,Peijun Li Ensemble,531,1980-10-01..1999-09-30,1995-10-01..1999-09-30,pubL64,PUBModel,PUR,peijun_li,200,0,1,historical,model,0.507138,0.540453,0.767022,-0.021546,1.698084,-19.584752,18.193294,531,1461,pubL64_peijun_li_PUR_e200_s0
peijun_li,Peijun Li Ensemble,531,1980-10-01..1999-09-30,1995-10-01..1999-09-30,pubL64,PUBModel,PUR,peijun_li,200,0,1,historical,idw,-0.980593,,,,,,,531,1461,pubL64_peijun_li_PUR_e200_s0
peijun_li,Peijun Li Ensemble,531,1980-10-01..1999-09-30,1995-10-01..1999-09-30,pubL64,PUBModel,PUR,peijun_li,200,0,1,historical,ctx_mean,-0.980593,,,,,,,531,1461,pubL64_peijun_li_PUR_e200_s0
peijun_li,Peijun Li Ensemble,531,1980-10-01..1999-09-30,1995-10-01..1999-09-30,pubL64,PUBModel,PUR,peijun_li,200,0,1,historical,nn_donor,-0.980593,,,,,,,531,1461,pubL64_peijun_li_PUR_e200_s0
peijun_li,Peijun Li Ensemble,531,1980-10-01..1999-09-30,1995-10-01..1999-09-30,pubL64,PUBModel,PUR,peijun_li,200,0,2,historical,model,0.515048,0.539768,0.770601,-0.018862,1.696983,-19.110869,18.043633,531,1461,pubL64_peijun_li_PUR_e200_s0
peijun_li,Peijun Li Ensemble,531,1980-10-01..1999-09-30,1995-10-01..1999-09-30,pubL64,PUBModel,PUR,peijun_li,200,0,2,historical,idw,-0.920976,,,,,,,531,1461,pubL64_peijun_li_PUR_e200_s0
peijun_li,Peijun Li Ensemble,531,1980-10-01..1999-09-30,1995-10-01..1999-09-30,pubL64,PUBModel,PUR,peijun_li,200,0,2,historical,ctx_mean,-0.896444,,,,,,,531,1461,pubL64_peijun_li_PUR_e200_s0
peijun_li,Peijun Li Ensemble,531,1980-10-01..1999-09-30,1995-10-01..1999-09-30,pubL64,PUBModel,PUR,peijun_li,200,0,2,historical,nn_donor,-0.980593,,,,,,,531,1461,pubL64_peijun_li_PUR_e200_s0
peijun_li,Peijun Li Ensemble,531,1980-10-01..1999-09-30,1995-10-01..1999-09-30,pubL64,PUBModel,PUR,peijun_li,200,0,4,historical,model,0.516835,0.53948,0.771274,-0.023058,1.683172,-19.599868,17.043993,531,1461,pubL64_peijun_li_PUR_e200_s0
peijun_li,Peijun Li Ensemble,531,1980-10-01..1999-09-30,1995-10-01..1999-09-30,pubL64,PUBModel,PUR,peijun_li,200,0,4,historical,idw,-0.851562,,,,,,,531,1461,pubL64_peijun_li_PUR_e200_s0
peijun_li,Peijun Li Ensemble,531,1980-10-01..1999-09-30,1995-10-01..1999-09-30,pubL64,PUBModel,PUR,peijun_li,200,0,4,historical,ctx_mean,-0.807511,,,,,,,531,1461,pubL64_peijun_li_PUR_e200_s0
peijun_li,Peijun Li Ensemble,531,1980-10-01..1999-09-30,1995-10-01..1999-09-30,pubL64,PUBModel,PUR,peijun_li,200,0,4,historical,nn_donor,-0.980593,,,,,,,531,1461,pubL64_peijun_li_PUR_e200_s0
peijun_li,Peijun Li Ensemble,531,1980-10-01..1999-09-30,1995-10-01..1999-09-30,pubL64,PUBModel,PUR,peijun_li,200,0,8,historical,model,0.512602,0.538019,0.771521,-0.025776,1.694609,-20.180483,18.234445,531,1461,pubL64_peijun_li_PUR_e200_s0
peijun_li,Peijun Li Ensemble,531,1980-10-01..1999-09-30,1995-10-01..1999-09-30,pubL64,PUBModel,PUR,peijun_li,200,0,8,historical,idw,-0.829798,,,,,,,531,1461,pubL64_peijun_li_PUR_e200_s0
peijun_li,Peijun Li Ensemble,531,1980-10-01..1999-09-30,1995-10-01..1999-09-30,pubL64,PUBModel,PUR,peijun_li,200,0,8,historical,ctx_mean,-0.700409,,,,,,,531,1461,pubL64_peijun_li_PUR_e200_s0
peijun_li,Peijun Li Ensemble,531,1980-10-01..1999-09-30,1995-10-01..1999-09-30,pubL64,PUBModel,PUR,peijun_li,200,0,8,historical,nn_donor,-0.980593,,,,,,,531,1461,pubL64_peijun_li_PUR_e200_s0
feng2023,Dapeng Feng 2023,531,1989-10-01..1999-09-30,1989-10-01..1999-09-30,pubL7,PUBModel,PUB,feng2023,200,0,0,historical,model,0.589007,0.631908,0.802094,-0.016327,1.586727,-18.166497,18.226749,531,3652,pubL7_feng2023_PUB_e200_s0
feng2023,Dapeng Feng 2023,531,1989-10-01..1999-09-30,1989-10-01..1999-09-30,pubL7,PUBModel,PUB,feng2023,200,0,1,historical,model,0.673914,0.694472,0.859089,0.00247,1.364066,-10.17741,7.574715,531,3652,pubL7_feng2023_PUB_e200_s0
feng2023,Dapeng Feng 2023,531,1989-10-01..1999-09-30,1989-10-01..1999-09-30,pubL7,PUBModel,PUB,feng2023,200,0,1,historical,idw,-0.566749,,,,,,,531,3652,pubL7_feng2023_PUB_e200_s0
feng2023,Dapeng Feng 2023,531,1989-10-01..1999-09-30,1989-10-01..1999-09-30,pubL7,PUBModel,PUB,feng2023,200,0,1,historical,ctx_mean,-0.566749,,,,,,,531,3652,pubL7_feng2023_PUB_e200_s0
feng2023,Dapeng Feng 2023,531,1989-10-01..1999-09-30,1989-10-01..1999-09-30,pubL7,PUBModel,PUB,feng2023,200,0,1,historical,nn_donor,-0.566749,,,,,,,531,3652,pubL7_feng2023_PUB_e200_s0
feng2023,Dapeng Feng 2023,531,1989-10-01..1999-09-30,1989-10-01..1999-09-30,pubL7,PUBModel,PUB,feng2023,200,0,2,historical,model,0.687399,0.704287,0.864676,6.4e-05,1.34333,-10.389202,5.7456,531,3652,pubL7_feng2023_PUB_e200_s0
feng2023,Dapeng Feng 2023,531,1989-10-01..1999-09-30,1989-10-01..1999-09-30,pubL7,PUBModel,PUB,feng2023,200,0,2,historical,idw,-0.500764,,,,,,,531,3652,pubL7_feng2023_PUB_e200_s0
feng2023,Dapeng Feng 2023,531,1989-10-01..1999-09-30,1989-10-01..1999-09-30,pubL7,PUBModel,PUB,feng2023,200,0,2,historical,ctx_mean,-0.483994,,,,,,,531,3652,pubL7_feng2023_PUB_e200_s0
feng2023,Dapeng Feng 2023,531,1989-10-01..1999-09-30,1989-10-01..1999-09-30,pubL7,PUBModel,PUB,feng2023,200,0,2,historical,nn_donor,-0.566749,,,,,,,531,3652,pubL7_feng2023_PUB_e200_s0
feng2023,Dapeng Feng 2023,531,1989-10-01..1999-09-30,1989-10-01..1999-09-30,pubL7,PUBModel,PUB,feng2023,200,0,4,historical,model,0.696398,0.70951,0.868867,6.7e-05,1.353936,-9.45433,1.309781,531,3652,pubL7_feng2023_PUB_e200_s0
feng2023,Dapeng Feng 2023,531,1989-10-01..1999-09-30,1989-10-01..1999-09-30,pubL7,PUBModel,PUB,feng2023,200,0,4,historical,idw,-0.448292,,,,,,,531,3652,pubL7_feng2023_PUB_e200_s0
feng2023,Dapeng Feng 2023,531,1989-10-01..1999-09-30,1989-10-01..1999-09-30,pubL7,PUBModel,PUB,feng2023,200,0,4,historical,ctx_mean,-0.411417,,,,,,,531,3652,pubL7_feng2023_PUB_e200_s0
feng2023,Dapeng Feng 2023,531,1989-10-01..1999-09-30,1989-10-01..1999-09-30,pubL7,PUBModel,PUB,feng2023,200,0,4,historical,nn_donor,-0.566749,,,,,,,531,3652,pubL7_feng2023_PUB_e200_s0
feng2023,Dapeng Feng 2023,531,1989-10-01..1999-09-30,1989-10-01..1999-09-30,pubL7,PUBModel,PUB,feng2023,200,0,8,historical,model,0.698502,0.71051,0.868959,0.006082,1.359653,-9.46618,1.505184,531,3652,pubL7_feng2023_PUB_e200_s0
feng2023,Dapeng Feng 2023,531,1989-10-01..1999-09-30,1989-10-01..1999-09-30,pubL7,PUBModel,PUB,feng2023,200,0,8,historical,idw,-0.401682,,,,,,,531,3652,pubL7_feng2023_PUB_e200_s0
feng2023,Dapeng Feng 2023,531,1989-10-01..1999-09-30,1989-10-01..1999-09-30,pubL7,PUBModel,PUB,feng2023,200,0,8,historical,ctx_mean,-0.331915,,,,,,,531,3652,pubL7_feng2023_PUB_e200_s0
feng2023,Dapeng Feng 2023,531,1989-10-01..1999-09-30,1989-10-01..1999-09-30,pubL7,PUBModel,PUB,feng2023,200,0,8,historical,nn_donor,-0.566749,,,,,,,531,3652,pubL7_feng2023_PUB_e200_s0
feng2023,Dapeng Feng 2023,531,1989-10-01..1999-09-30,1989-10-01..1999-09-30,pubL7,PUBModel,PUB,feng2023,200,1,0,historical,model,0.598395,0.635543,0.812476,-0.001474,1.576582,-15.508541,16.419684,531,3652,pubL7_feng2023_PUB_e200_s1
feng2023,Dapeng Feng 2023,531,1989-10-01..1999-09-30,1989-10-01..1999-09-30,pubL7,PUBModel,PUB,feng2023,200,1,1,historical,model,0.688296,0.693099,0.864153,0.002583,1.389053,-9.434891,7.333203,531,3652,pubL7_feng2023_PUB_e200_s1
feng2023,Dapeng Feng 2023,531,1989-10-01..1999-09-30,1989-10-01..1999-09-30,pubL7,PUBModel,PUB,feng2023,200,1,1,historical,idw,-0.566749,,,,,,,531,3652,pubL7_feng2023_PUB_e200_s1
feng2023,Dapeng Feng 2023,531,1989-10-01..1999-09-30,1989-10-01..1999-09-30,pubL7,PUBModel,PUB,feng2023,200,1,1,historical,ctx_mean,-0.566749,,,,,,,531,3652,pubL7_feng2023_PUB_e200_s1
feng2023,Dapeng Feng 2023,531,1989-10-01..1999-09-30,1989-10-01..1999-09-30,pubL7,PUBModel,PUB,feng2023,200,1,1,historical,nn_donor,-0.566749,,,,,,,531,3652,pubL7_feng2023_PUB_e200_s1
feng2023,Dapeng Feng 2023,531,1989-10-01..1999-09-30,1989-10-01..1999-09-30,pubL7,PUBModel,PUB,feng2023,200,1,2,historical,model,0.696383,0.705654,0.86743,0.003337,1.33807,-9.59679,5.589264,531,3652,pubL7_feng2023_PUB_e200_s1
feng2023,Dapeng Feng 2023,531,1989-10-01..1999-09-30,1989-10-01..1999-09-30,pubL7,PUBModel,PUB,feng2023,200,1,2,historical,idw,-0.500764,,,,,,,531,3652,pubL7_feng2023_PUB_e200_s1
feng2023,Dapeng Feng 2023,531,1989-10-01..1999-09-30,1989-10-01..1999-09-30,pubL7,PUBModel,PUB,feng2023,200,1,2,historical,ctx_mean,-0.483994,,,,,,,531,3652,pubL7_feng2023_PUB_e200_s1
feng2023,Dapeng Feng 2023,531,1989-10-01..1999-09-30,1989-10-01..1999-09-30,pubL7,PUBModel,PUB,feng2023,200,1,2,historical,nn_donor,-0.566749,,,,,,,531,3652,pubL7_feng2023_PUB_e200_s1
feng2023,Dapeng Feng 2023,531,1989-10-01..1999-09-30,1989-10-01..1999-09-30,pubL7,PUBModel,PUB,feng2023,200,1,4,historical,model,0.698177,0.702826,0.870472,0.005021,1.353718,-8.571021,3.709095,531,3652,pubL7_feng2023_PUB_e200_s1
feng2023,Dapeng Feng 2023,531,1989-10-01..1999-09-30,1989-10-01..1999-09-30,pubL7,PUBModel,PUB,feng2023,200,1,4,historical,idw,-0.448292,,,,,,,531,3652,pubL7_feng2023_PUB_e200_s1
feng2023,Dapeng Feng 2023,531,1989-10-01..1999-09-30,1989-10-01..1999-09-30,pubL7,PUBModel,PUB,feng2023,200,1,4,historical,ctx_mean,-0.411417,,,,,,,531,3652,pubL7_feng2023_PUB_e200_s1
feng2023,Dapeng Feng 2023,531,1989-10-01..1999-09-30,1989-10-01..1999-09-30,pubL7,PUBModel,PUB,feng2023,200,1,4,historical,nn_donor,-0.566749,,,,,,,531,3652,pubL7_feng2023_PUB_e200_s1
feng2023,Dapeng Feng 2023,531,1989-10-01..1999-09-30,1989-10-01..1999-09-30,pubL7,PUBModel,PUB,feng2023,200,1,8,historical,model,0.698813,0.706283,0.870781,0.009412,1.352022,-8.729256,4.496336,531,3652,pubL7_feng2023_PUB_e200_s1
feng2023,Dapeng Feng 2023,531,1989-10-01..1999-09-30,1989-10-01..1999-09-30,pubL7,PUBModel,PUB,feng2023,200,1,8,historical,idw,-0.401682,,,,,,,531,3652,pubL7_feng2023_PUB_e200_s1
feng2023,Dapeng Feng 2023,531,1989-10-01..1999-09-30,1989-10-01..1999-09-30,pubL7,PUBModel,PUB,feng2023,200,1,8,historical,ctx_mean,-0.331915,,,,,,,531,3652,pubL7_feng2023_PUB_e200_s1
feng2023,Dapeng Feng 2023,531,1989-10-01..1999-09-30,1989-10-01..1999-09-30,pubL7,PUBModel,PUB,feng2023,200,1,8,historical,nn_donor,-0.566749,,,,,,,531,3652,pubL7_feng2023_PUB_e200_s1
feng2023,Dapeng Feng 2023,531,1989-10-01..1999-09-30,1989-10-01..1999-09-30,pubL7,PUBModel,PUB,feng2023,200,2,0,historical,model,0.59054,0.642073,0.80724,-0.020296,1.599376,-16.156179,9.573329,531,3652,pubL7_feng2023_PUB_e200_s2
feng2023,Dapeng Feng 2023,531,1989-10-01..1999-09-30,1989-10-01..1999-09-30,pubL7,PUBModel,PUB,feng2023,200,2,1,historical,model,0.679861,0.69831,0.861837,-0.003377,1.377384,-9.882293,2.658931,531,3652,pubL7_feng2023_PUB_e200_s2
feng2023,Dapeng Feng 2023,531,1989-10-01..1999-09-30,1989-10-01..1999-09-30,pubL7,PUBModel,PUB,feng2023,200,2,1,historical,idw,-0.566749,,,,,,,531,3652,pubL7_feng2023_PUB_e200_s2
feng2023,Dapeng Feng 2023,531,1989-10-01..1999-09-30,1989-10-01..1999-09-30,pubL7,PUBModel,PUB,feng2023,200,2,1,historical,ctx_mean,-0.566749,,,,,,,531,3652,pubL7_feng2023_PUB_e200_s2
feng2023,Dapeng Feng 2023,531,1989-10-01..1999-09-30,1989-10-01..1999-09-30,pubL7,PUBModel,PUB,feng2023,200,2,1,historical,nn_donor,-0.566749,,,,,,,531,3652,pubL7_feng2023_PUB_e200_s2
feng2023,Dapeng Feng 2023,531,1989-10-01..1999-09-30,1989-10-01..1999-09-30,pubL7,PUBModel,PUB,feng2023,200,2,2,historical,model,0.687476,0.701603,0.868286,-0.005812,1.356136,-10.191034,1.31664,531,3652,pubL7_feng2023_PUB_e200_s2
feng2023,Dapeng Feng 2023,531,1989-10-01..1999-09-30,1989-10-01..1999-09-30,pubL7,PUBModel,PUB,feng2023,200,2,2,historical,idw,-0.500764,,,,,,,531,3652,pubL7_feng2023_PUB_e200_s2
feng2023,Dapeng Feng 2023,531,1989-10-01..1999-09-30,1989-10-01..1999-09-30,pubL7,PUBModel,PUB,feng2023,200,2,2,historical,ctx_mean,-0.483994,,,,,,,531,3652,pubL7_feng2023_PUB_e200_s2
feng2023,Dapeng Feng 2023,531,1989-10-01..1999-09-30,1989-10-01..1999-09-30,pubL7,PUBModel,PUB,feng2023,200,2,2,historical,nn_donor,-0.566749,,,,,,,531,3652,pubL7_feng2023_PUB_e200_s2
feng2023,Dapeng Feng 2023,531,1989-10-01..1999-09-30,1989-10-01..1999-09-30,pubL7,PUBModel,PUB,feng2023,200,2,4,historical,model,0.698538,0.708088,0.868837,-0.004763,1.36958,-9.385294,0.548592,531,3652,pubL7_feng2023_PUB_e200_s2
feng2023,Dapeng Feng 2023,531,1989-10-01..1999-09-30,1989-10-01..1999-09-30,pubL7,PUBModel,PUB,feng2023,200,2,4,historical,idw,-0.448292,,,,,,,531,3652,pubL7_feng2023_PUB_e200_s2
feng2023,Dapeng Feng 2023,531,1989-10-01..1999-09-30,1989-10-01..1999-09-30,pubL7,PUBModel,PUB,feng2023,200,2,4,historical,ctx_mean,-0.411417,,,,,,,531,3652,pubL7_feng2023_PUB_e200_s2
feng2023,Dapeng Feng 2023,531,1989-10-01..1999-09-30,1989-10-01..1999-09-30,pubL7,PUBModel,PUB,feng2023,200,2,4,historical,nn_donor,-0.566749,,,,,,,531,3652,pubL7_feng2023_PUB_e200_s2
feng2023,Dapeng Feng 2023,531,1989-10-01..1999-09-30,1989-10-01..1999-09-30,pubL7,PUBModel,PUB,feng2023,200,2,8,historical,model,0.697368,0.705521,0.869085,-0.0043,1.350501,-9.139853,1.040088,531,3652,pubL7_feng2023_PUB_e200_s2
feng2023,Dapeng Feng 2023,531,1989-10-01..1999-09-30,1989-10-01..1999-09-30,pubL7,PUBModel,PUB,feng2023,200,2,8,historical,idw,-0.401682,,,,,,,531,3652,pubL7_feng2023_PUB_e200_s2
feng2023,Dapeng Feng 2023,531,1989-10-01..1999-09-30,1989-10-01..1999-09-30,pubL7,PUBModel,PUB,feng2023,200,2,8,historical,ctx_mean,-0.331915,,,,,,,531,3652,pubL7_feng2023_PUB_e200_s2
feng2023,Dapeng Feng 2023,531,1989-10-01..1999-09-30,1989-10-01..1999-09-30,pubL7,PUBModel,PUB,feng2023,200,2,8,historical,nn_donor,-0.566749,,,,,,,531,3652,pubL7_feng2023_PUB_e200_s2
feng2023,Dapeng Feng 2023,531,1989-10-01..1999-09-30,1989-10-01..1999-09-30,pubL7,PUBModel,PUR,feng2023,200,0,0,historical,model,0.466298,0.500589,0.730966,-0.041607,1.821722,-29.140907,24.831193,531,3652,pubL7_feng2023_PUR_e200_s0
feng2023,Dapeng Feng 2023,531,1989-10-01..1999-09-30,1989-10-01..1999-09-30,pubL7,PUBModel,PUR,feng2023,200,0,1,historical,model,0.5984,0.617721,0.816475,-0.031413,1.542446,-17.336203,11.334979,531,3652,pubL7_feng2023_PUR_e200_s0
feng2023,Dapeng Feng 2023,531,1989-10-01..1999-09-30,1989-10-01..1999-09-30,pubL7,PUBModel,PUR,feng2023,200,0,1,historical,idw,-0.566749,,,,,,,531,3652,pubL7_feng2023_PUR_e200_s0
feng2023,Dapeng Feng 2023,531,1989-10-01..1999-09-30,1989-10-01..1999-09-30,pubL7,PUBModel,PUR,feng2023,200,0,1,historical,ctx_mean,-0.566749,,,,,,,531,3652,pubL7_feng2023_PUR_e200_s0
feng2023,Dapeng Feng 2023,531,1989-10-01..1999-09-30,1989-10-01..1999-09-30,pubL7,PUBModel,PUR,feng2023,200,0,1,historical,nn_donor,-0.566749,,,,,,,531,3652,pubL7_feng2023_PUR_e200_s0
feng2023,Dapeng Feng 2023,531,1989-10-01..1999-09-30,1989-10-01..1999-09-30,pubL7,PUBModel,PUR,feng2023,200,0,2,historical,model,0.608792,0.628193,0.823807,-0.031061,1.519073,-18.25155,13.17469,531,3652,pubL7_feng2023_PUR_e200_s0
feng2023,Dapeng Feng 2023,531,1989-10-01..1999-09-30,1989-10-01..1999-09-30,pubL7,PUBModel,PUR,feng2023,200,0,2,historical,idw,-0.500764,,,,,,,531,3652,pubL7_feng2023_PUR_e200_s0
feng2023,Dapeng Feng 2023,531,1989-10-01..1999-09-30,1989-10-01..1999-09-30,pubL7,PUBModel,PUR,feng2023,200,0,2,historical,ctx_mean,-0.483994,,,,,,,531,3652,pubL7_feng2023_PUR_e200_s0
feng2023,Dapeng Feng 2023,531,1989-10-01..1999-09-30,1989-10-01..1999-09-30,pubL7,PUBModel,PUR,feng2023,200,0,2,historical,nn_donor,-0.566749,,,,,,,531,3652,pubL7_feng2023_PUR_e200_s0
feng2023,Dapeng Feng 2023,531,1989-10-01..1999-09-30,1989-10-01..1999-09-30,pubL7,PUBModel,PUR,feng2023,200,0,4,historical,model,0.611834,0.624498,0.825075,-0.027482,1.529257,-17.823052,11.656754,531,3652,pubL7_feng2023_PUR_e200_s0
feng2023,Dapeng Feng 2023,531,1989-10-01..1999-09-30,1989-10-01..1999-09-30,pubL7,PUBModel,PUR,feng2023,200,0,4,historical,idw,-0.448292,,,,,,,531,3652,pubL7_feng2023_PUR_e200_s0
feng2023,Dapeng Feng 2023,531,1989-10-01..1999-09-30,1989-10-01..1999-09-30,pubL7,PUBModel,PUR,feng2023,200,0,4,historical,ctx_mean,-0.411417,,,,,,,531,3652,pubL7_feng2023_PUR_e200_s0
feng2023,Dapeng Feng 2023,531,1989-10-01..1999-09-30,1989-10-01..1999-09-30,pubL7,PUBModel,PUR,feng2023,200,0,4,historical,nn_donor,-0.566749,,,,,,,531,3652,pubL7_feng2023_PUR_e200_s0
feng2023,Dapeng Feng 2023,531,1989-10-01..1999-09-30,1989-10-01..1999-09-30,pubL7,PUBModel,PUR,feng2023,200,0,8,historical,model,0.614557,0.621923,0.825402,-0.021203,1.530688,-17.94122,12.6246,531,3652,pubL7_feng2023_PUR_e200_s0
feng2023,Dapeng Feng 2023,531,1989-10-01..1999-09-30,1989-10-01..1999-09-30,pubL7,PUBModel,PUR,feng2023,200,0,8,historical,idw,-0.401682,,,,,,,531,3652,pubL7_feng2023_PUR_e200_s0
feng2023,Dapeng Feng 2023,531,1989-10-01..1999-09-30,1989-10-01..1999-09-30,pubL7,PUBModel,PUR,feng2023,200,0,8,historical,ctx_mean,-0.331915,,,,,,,531,3652,pubL7_feng2023_PUR_e200_s0
feng2023,Dapeng Feng 2023,531,1989-10-01..1999-09-30,1989-10-01..1999-09-30,pubL7,PUBModel,PUR,feng2023,200,0,8,historical,nn_donor,-0.566749,,,,,,,531,3652,pubL7_feng2023_PUR_e200_s0
feng2023,Dapeng Feng 2023,531,1989-10-01..1999-09-30,1989-10-01..1999-09-30,pubL7,PUBModel,PUR,feng2023,200,1,0,historical,model,0.475355,0.539125,0.743387,-0.021731,1.772378,-22.408473,28.797123,531,3652,pubL7_feng2023_PUR_e200_s1
feng2023,Dapeng Feng 2023,531,1989-10-01..1999-09-30,1989-10-01..1999-09-30,pubL7,PUBModel,PUR,feng2023,200,1,1,historical,model,0.5961,0.615962,0.81166,-0.028943,1.560992,-16.664238,17.63475,531,3652,pubL7_feng2023_PUR_e200_s1
feng2023,Dapeng Feng 2023,531,1989-10-01..1999-09-30,1989-10-01..1999-09-30,pubL7,PUBModel,PUR,feng2023,200,1,1,historical,idw,-0.566749,,,,,,,531,3652,pubL7_feng2023_PUR_e200_s1
feng2023,Dapeng Feng 2023,531,1989-10-01..1999-09-30,1989-10-01..1999-09-30,pubL7,PUBModel,PUR,feng2023,200,1,1,historical,ctx_mean,-0.566749,,,,,,,531,3652,pubL7_feng2023_PUR_e200_s1
feng2023,Dapeng Feng 2023,531,1989-10-01..1999-09-30,1989-10-01..1999-09-30,pubL7,PUBModel,PUR,feng2023,200,1,1,historical,nn_donor,-0.566749,,,,,,,531,3652,pubL7_feng2023_PUR_e200_s1
feng2023,Dapeng Feng 2023,531,1989-10-01..1999-09-30,1989-10-01..1999-09-30,pubL7,PUBModel,PUR,feng2023,200,1,2,historical,model,0.607811,0.62349,0.817779,-0.030482,1.536888,-17.372335,19.381273,531,3652,pubL7_feng2023_PUR_e200_s1
feng2023,Dapeng Feng 2023,531,1989-10-01..1999-09-30,1989-10-01..1999-09-30,pubL7,PUBModel,PUR,feng2023,200,1,2,historical,idw,-0.500764,,,,,,,531,3652,pubL7_feng2023_PUR_e200_s1
feng2023,Dapeng Feng 2023,531,1989-10-01..1999-09-30,1989-10-01..1999-09-30,pubL7,PUBModel,PUR,feng2023,200,1,2,historical,ctx_mean,-0.483994,,,,,,,531,3652,pubL7_feng2023_PUR_e200_s1
feng2023,Dapeng Feng 2023,531,1989-10-01..1999-09-30,1989-10-01..1999-09-30,pubL7,PUBModel,PUR,feng2023,200,1,2,historical,nn_donor,-0.566749,,,,,,,531,3652,pubL7_feng2023_PUR_e200_s1
feng2023,Dapeng Feng 2023,531,1989-10-01..1999-09-30,1989-10-01..1999-09-30,pubL7,PUBModel,PUR,feng2023,200,1,4,historical,model,0.608322,0.63109,0.819633,-0.027596,1.531089,-17.762121,18.816882,531,3652,pubL7_feng2023_PUR_e200_s1
feng2023,Dapeng Feng 2023,531,1989-10-01..1999-09-30,1989-10-01..1999-09-30,pubL7,PUBModel,PUR,feng2023,200,1,4,historical,idw,-0.448292,,,,,,,531,3652,pubL7_feng2023_PUR_e200_s1
feng2023,Dapeng Feng 2023,531,1989-10-01..1999-09-30,1989-10-01..1999-09-30,pubL7,PUBModel,PUR,feng2023,200,1,4,historical,ctx_mean,-0.411417,,,,,,,531,3652,pubL7_feng2023_PUR_e200_s1
feng2023,Dapeng Feng 2023,531,1989-10-01..1999-09-30,1989-10-01..1999-09-30,pubL7,PUBModel,PUR,feng2023,200,1,4,historical,nn_donor,-0.566749,,,,,,,531,3652,pubL7_feng2023_PUR_e200_s1
feng2023,Dapeng Feng 2023,531,1989-10-01..1999-09-30,1989-10-01..1999-09-30,pubL7,PUBModel,PUR,feng2023,200,1,8,historical,model,0.609657,0.633705,0.822065,-0.019552,1.533726,-17.728623,23.187787,531,3652,pubL7_feng2023_PUR_e200_s1
feng2023,Dapeng Feng 2023,531,1989-10-01..1999-09-30,1989-10-01..1999-09-30,pubL7,PUBModel,PUR,feng2023,200,1,8,historical,idw,-0.401682,,,,,,,531,3652,pubL7_feng2023_PUR_e200_s1
feng2023,Dapeng Feng 2023,531,1989-10-01..1999-09-30,1989-10-01..1999-09-30,pubL7,PUBModel,PUR,feng2023,200,1,8,historical,ctx_mean,-0.331915,,,,,,,531,3652,pubL7_feng2023_PUR_e200_s1
feng2023,Dapeng Feng 2023,531,1989-10-01..1999-09-30,1989-10-01..1999-09-30,pubL7,PUBModel,PUR,feng2023,200,1,8,historical,nn_donor,-0.566749,,,,,,,531,3652,pubL7_feng2023_PUR_e200_s1
feng2023,Dapeng Feng 2023,531,1989-10-01..1999-09-30,1989-10-01..1999-09-30,pubL7,PUBModel,PUR,feng2023,200,2,0,historical,model,0.477377,0.519335,0.743147,-0.052348,1.776434,-24.83468,24.298828,531,3652,pubL7_feng2023_PUR_e200_s2
feng2023,Dapeng Feng 2023,531,1989-10-01..1999-09-30,1989-10-01..1999-09-30,pubL7,PUBModel,PUR,feng2023,200,2,1,historical,model,0.586239,0.602628,0.816065,-0.029568,1.548903,-17.50768,12.03975,531,3652,pubL7_feng2023_PUR_e200_s2
feng2023,Dapeng Feng 2023,531,1989-10-01..1999-09-30,1989-10-01..1999-09-30,pubL7,PUBModel,PUR,feng2023,200,2,1,historical,idw,-0.566749,,,,,,,531,3652,pubL7_feng2023_PUR_e200_s2
feng2023,Dapeng Feng 2023,531,1989-10-01..1999-09-30,1989-10-01..1999-09-30,pubL7,PUBModel,PUR,feng2023,200,2,1,historical,ctx_mean,-0.566749,,,,,,,531,3652,pubL7_feng2023_PUR_e200_s2
feng2023,Dapeng Feng 2023,531,1989-10-01..1999-09-30,1989-10-01..1999-09-30,pubL7,PUBModel,PUR,feng2023,200,2,1,historical,nn_donor,-0.566749,,,,,,,531,3652,pubL7_feng2023_PUR_e200_s2
feng2023,Dapeng Feng 2023,531,1989-10-01..1999-09-30,1989-10-01..1999-09-30,pubL7,PUBModel,PUR,feng2023,200,2,2,historical,model,0.601926,0.619071,0.824223,-0.030243,1.544682,-17.740459,11.226807,531,3652,pubL7_feng2023_PUR_e200_s2
feng2023,Dapeng Feng 2023,531,1989-10-01..1999-09-30,1989-10-01..1999-09-30,pubL7,PUBModel,PUR,feng2023,200,2,2,historical,idw,-0.500764,,,,,,,531,3652,pubL7_feng2023_PUR_e200_s2
feng2023,Dapeng Feng 2023,531,1989-10-01..1999-09-30,1989-10-01..1999-09-30,pubL7,PUBModel,PUR,feng2023,200,2,2,historical,ctx_mean,-0.483994,,,,,,,531,3652,pubL7_feng2023_PUR_e200_s2
feng2023,Dapeng Feng 2023,531,1989-10-01..1999-09-30,1989-10-01..1999-09-30,pubL7,PUBModel,PUR,feng2023,200,2,2,historical,nn_donor,-0.566749,,,,,,,531,3652,pubL7_feng2023_PUR_e200_s2
feng2023,Dapeng Feng 2023,531,1989-10-01..1999-09-30,1989-10-01..1999-09-30,pubL7,PUBModel,PUR,feng2023,200,2,4,historical,model,0.604044,0.619922,0.826171,-0.031271,1.540288,-17.672825,9.182609,531,3652,pubL7_feng2023_PUR_e200_s2
feng2023,Dapeng Feng 2023,531,1989-10-01..1999-09-30,1989-10-01..1999-09-30,pubL7,PUBModel,PUR,feng2023,200,2,4,historical,idw,-0.448292,,,,,,,531,3652,pubL7_feng2023_PUR_e200_s2
feng2023,Dapeng Feng 2023,531,1989-10-01..1999-09-30,1989-10-01..1999-09-30,pubL7,PUBModel,PUR,feng2023,200,2,4,historical,ctx_mean,-0.411417,,,,,,,531,3652,pubL7_feng2023_PUR_e200_s2
feng2023,Dapeng Feng 2023,531,1989-10-01..1999-09-30,1989-10-01..1999-09-30,pubL7,PUBModel,PUR,feng2023,200,2,4,historical,nn_donor,-0.566749,,,,,,,531,3652,pubL7_feng2023_PUR_e200_s2
feng2023,Dapeng Feng 2023,531,1989-10-01..1999-09-30,1989-10-01..1999-09-30,pubL7,PUBModel,PUR,feng2023,200,2,8,historical,model,0.607196,0.616466,0.825838,-0.029016,1.539274,-17.842247,7.288013,531,3652,pubL7_feng2023_PUR_e200_s2
feng2023,Dapeng Feng 2023,531,1989-10-01..1999-09-30,1989-10-01..1999-09-30,pubL7,PUBModel,PUR,feng2023,200,2,8,historical,idw,-0.401682,,,,,,,531,3652,pubL7_feng2023_PUR_e200_s2
feng2023,Dapeng Feng 2023,531,1989-10-01..1999-09-30,1989-10-01..1999-09-30,pubL7,PUBModel,PUR,feng2023,200,2,8,historical,ctx_mean,-0.331915,,,,,,,531,3652,pubL7_feng2023_PUR_e200_s2
feng2023,Dapeng Feng 2023,531,1989-10-01..1999-09-30,1989-10-01..1999-09-30,pubL7,PUBModel,PUR,feng2023,200,2,8,historical,nn_donor,-0.566749,,,,,,,531,3652,pubL7_feng2023_PUR_e200_s2
leo10_531,10 years 531 Leo,531,1999-10-01..2008-09-30,1989-10-01..1999-09-30,pubL7,PUBModel,temporal,leo10_531,200,0,0,historical,model,0.475954,0.507912,0.712605,-0.135087,1.814992,-34.418912,11.713975,531,3652,pubL7_leo10_531_temporal_e200_s0
leo10_531,10 years 531 Leo,531,1999-10-01..2008-09-30,1989-10-01..1999-09-30,pubL7,PUBModel,temporal,leo10_531,200,0,1,historical,model,0.622668,0.651503,0.812855,-0.080334,1.486958,-24.529219,4.164267,531,3652,pubL7_leo10_531_temporal_e200_s0
leo10_531,10 years 531 Leo,531,1999-10-01..2008-09-30,1989-10-01..1999-09-30,pubL7,PUBModel,temporal,leo10_531,200,0,1,historical,idw,-0.566749,,,,,,,531,3652,pubL7_leo10_531_temporal_e200_s0
leo10_531,10 years 531 Leo,531,1999-10-01..2008-09-30,1989-10-01..1999-09-30,pubL7,PUBModel,temporal,leo10_531,200,0,1,historical,ctx_mean,-0.566749,,,,,,,531,3652,pubL7_leo10_531_temporal_e200_s0
leo10_531,10 years 531 Leo,531,1999-10-01..2008-09-30,1989-10-01..1999-09-30,pubL7,PUBModel,temporal,leo10_531,200,0,1,historical,nn_donor,-0.566749,,,,,,,531,3652,pubL7_leo10_531_temporal_e200_s0
leo10_531,10 years 531 Leo,531,1999-10-01..2008-09-30,1989-10-01..1999-09-30,pubL7,PUBModel,temporal,leo10_531,200,0,2,historical,model,0.640883,0.655382,0.821647,-0.078283,1.447325,-24.062607,3.936218,531,3652,pubL7_leo10_531_temporal_e200_s0
leo10_531,10 years 531 Leo,531,1999-10-01..2008-09-30,1989-10-01..1999-09-30,pubL7,PUBModel,temporal,leo10_531,200,0,2,historical,idw,-0.500764,,,,,,,531,3652,pubL7_leo10_531_temporal_e200_s0
leo10_531,10 years 531 Leo,531,1999-10-01..2008-09-30,1989-10-01..1999-09-30,pubL7,PUBModel,temporal,leo10_531,200,0,2,historical,ctx_mean,-0.483994,,,,,,,531,3652,pubL7_leo10_531_temporal_e200_s0
leo10_531,10 years 531 Leo,531,1999-10-01..2008-09-30,1989-10-01..1999-09-30,pubL7,PUBModel,temporal,leo10_531,200,0,2,historical,nn_donor,-0.566749,,,,,,,531,3652,pubL7_leo10_531_temporal_e200_s0
leo10_531,10 years 531 Leo,531,1999-10-01..2008-09-30,1989-10-01..1999-09-30,pubL7,PUBModel,temporal,leo10_531,200,0,4,historical,model,0.650184,0.665587,0.825634,-0.074098,1.444708,-23.882042,1.328122,531,3652,pubL7_leo10_531_temporal_e200_s0
leo10_531,10 years 531 Leo,531,1999-10-01..2008-09-30,1989-10-01..1999-09-30,pubL7,PUBModel,temporal,leo10_531,200,0,4,historical,idw,-0.448292,,,,,,,531,3652,pubL7_leo10_531_temporal_e200_s0
leo10_531,10 years 531 Leo,531,1999-10-01..2008-09-30,1989-10-01..1999-09-30,pubL7,PUBModel,temporal,leo10_531,200,0,4,historical,ctx_mean,-0.411417,,,,,,,531,3652,pubL7_leo10_531_temporal_e200_s0
leo10_531,10 years 531 Leo,531,1999-10-01..2008-09-30,1989-10-01..1999-09-30,pubL7,PUBModel,temporal,leo10_531,200,0,4,historical,nn_donor,-0.566749,,,,,,,531,3652,pubL7_leo10_531_temporal_e200_s0
leo10_531,10 years 531 Leo,531,1999-10-01..2008-09-30,1989-10-01..1999-09-30,pubL7,PUBModel,temporal,leo10_531,200,0,8,historical,model,0.651264,0.663467,0.827095,-0.075614,1.441007,-24.227558,2.659317,531,3652,pubL7_leo10_531_temporal_e200_s0
leo10_531,10 years 531 Leo,531,1999-10-01..2008-09-30,1989-10-01..1999-09-30,pubL7,PUBModel,temporal,leo10_531,200,0,8,historical,idw,-0.401682,,,,,,,531,3652,pubL7_leo10_531_temporal_e200_s0
leo10_531,10 years 531 Leo,531,1999-10-01..2008-09-30,1989-10-01..1999-09-30,pubL7,PUBModel,temporal,leo10_531,200,0,8,historical,ctx_mean,-0.331915,,,,,,,531,3652,pubL7_leo10_531_temporal_e200_s0
leo10_531,10 years 531 Leo,531,1999-10-01..2008-09-30,1989-10-01..1999-09-30,pubL7,PUBModel,temporal,leo10_531,200,0,8,historical,nn_donor,-0.566749,,,,,,,531,3652,pubL7_leo10_531_temporal_e200_s0
leo10_531,10 years 531 Leo,531,1999-10-01..2008-09-30,1989-10-01..1999-09-30,pubL7,PUBModel,temporal,leo10_531,200,1,0,historical,model,0.519515,0.539326,0.747507,-0.150566,1.742312,-30.901771,-1.755811,531,3652,pubL7_leo10_531_temporal_e200_s1
leo10_531,10 years 531 Leo,531,1999-10-01..2008-09-30,1989-10-01..1999-09-30,pubL7,PUBModel,temporal,leo10_531,200,1,1,historical,model,0.656912,0.650018,0.827584,-0.097277,1.435091,-24.578874,-3.400861,531,3652,pubL7_leo10_531_temporal_e200_s1
leo10_531,10 years 531 Leo,531,1999-10-01..2008-09-30,1989-10-01..1999-09-30,pubL7,PUBModel,temporal,leo10_531,200,1,1,historical,idw,-0.566749,,,,,,,531,3652,pubL7_leo10_531_temporal_e200_s1
leo10_531,10 years 531 Leo,531,1999-10-01..2008-09-30,1989-10-01..1999-09-30,pubL7,PUBModel,temporal,leo10_531,200,1,1,historical,ctx_mean,-0.566749,,,,,,,531,3652,pubL7_leo10_531_temporal_e200_s1
leo10_531,10 years 531 Leo,531,1999-10-01..2008-09-30,1989-10-01..1999-09-30,pubL7,PUBModel,temporal,leo10_531,200,1,1,historical,nn_donor,-0.566749,,,,,,,531,3652,pubL7_leo10_531_temporal_e200_s1
leo10_531,10 years 531 Leo,531,1999-10-01..2008-09-30,1989-10-01..1999-09-30,pubL7,PUBModel,temporal,leo10_531,200,1,2,historical,model,0.670406,0.658106,0.835271,-0.09665,1.417392,-24.229776,-2.071681,531,3652,pubL7_leo10_531_temporal_e200_s1
leo10_531,10 years 531 Leo,531,1999-10-01..2008-09-30,1989-10-01..1999-09-30,pubL7,PUBModel,temporal,leo10_531,200,1,2,historical,idw,-0.500764,,,,,,,531,3652,pubL7_leo10_531_temporal_e200_s1
leo10_531,10 years 531 Leo,531,1999-10-01..2008-09-30,1989-10-01..1999-09-30,pubL7,PUBModel,temporal,leo10_531,200,1,2,historical,ctx_mean,-0.483994,,,,,,,531,3652,pubL7_leo10_531_temporal_e200_s1
leo10_531,10 years 531 Leo,531,1999-10-01..2008-09-30,1989-10-01..1999-09-30,pubL7,PUBModel,temporal,leo10_531,200,1,2,historical,nn_donor,-0.566749,,,,,,,531,3652,pubL7_leo10_531_temporal_e200_s1
leo10_531,10 years 531 Leo,531,1999-10-01..2008-09-30,1989-10-01..1999-09-30,pubL7,PUBModel,temporal,leo10_531,200,1,4,historical,model,0.676211,0.661875,0.838747,-0.093863,1.40616,-24.043445,-2.475204,531,3652,pubL7_leo10_531_temporal_e200_s1
leo10_531,10 years 531 Leo,531,1999-10-01..2008-09-30,1989-10-01..1999-09-30,pubL7,PUBModel,temporal,leo10_531,200,1,4,historical,idw,-0.448292,,,,,,,531,3652,pubL7_leo10_531_temporal_e200_s1
leo10_531,10 years 531 Leo,531,1999-10-01..2008-09-30,1989-10-01..1999-09-30,pubL7,PUBModel,temporal,leo10_531,200,1,4,historical,ctx_mean,-0.411417,,,,,,,531,3652,pubL7_leo10_531_temporal_e200_s1
leo10_531,10 years 531 Leo,531,1999-10-01..2008-09-30,1989-10-01..1999-09-30,pubL7,PUBModel,temporal,leo10_531,200,1,4,historical,nn_donor,-0.566749,,,,,,,531,3652,pubL7_leo10_531_temporal_e200_s1
leo10_531,10 years 531 Leo,531,1999-10-01..2008-09-30,1989-10-01..1999-09-30,pubL7,PUBModel,temporal,leo10_531,200,1,8,historical,model,0.675134,0.667628,0.83839,-0.091044,1.39937,-24.128629,-3.653387,531,3652,pubL7_leo10_531_temporal_e200_s1
leo10_531,10 years 531 Leo,531,1999-10-01..2008-09-30,1989-10-01..1999-09-30,pubL7,PUBModel,temporal,leo10_531,200,1,8,historical,idw,-0.401682,,,,,,,531,3652,pubL7_leo10_531_temporal_e200_s1
leo10_531,10 years 531 Leo,531,1999-10-01..2008-09-30,1989-10-01..1999-09-30,pubL7,PUBModel,temporal,leo10_531,200,1,8,historical,ctx_mean,-0.331915,,,,,,,531,3652,pubL7_leo10_531_temporal_e200_s1
leo10_531,10 years 531 Leo,531,1999-10-01..2008-09-30,1989-10-01..1999-09-30,pubL7,PUBModel,temporal,leo10_531,200,1,8,historical,nn_donor,-0.566749,,,,,,,531,3652,pubL7_leo10_531_temporal_e200_s1
leo10_531,10 years 531 Leo,531,1999-10-01..2008-09-30,1989-10-01..1999-09-30,pubL7,PUBModel,temporal,leo10_531,200,2,0,historical,model,0.535908,0.569374,0.760129,-0.132178,1.675778,-28.674188,0.444742,531,3652,pubL7_leo10_531_temporal_e200_s2
leo10_531,10 years 531 Leo,531,1999-10-01..2008-09-30,1989-10-01..1999-09-30,pubL7,PUBModel,temporal,leo10_531,200,2,1,historical,model,0.652573,0.660215,0.830245,-0.089046,1.437612,-24.60426,-5.780741,531,3652,pubL7_leo10_531_temporal_e200_s2
leo10_531,10 years 531 Leo,531,1999-10-01..2008-09-30,1989-10-01..1999-09-30,pubL7,PUBModel,temporal,leo10_531,200,2,1,historical,idw,-0.566749,,,,,,,531,3652,pubL7_leo10_531_temporal_e200_s2
leo10_531,10 years 531 Leo,531,1999-10-01..2008-09-30,1989-10-01..1999-09-30,pubL7,PUBModel,temporal,leo10_531,200,2,1,historical,ctx_mean,-0.566749,,,,,,,531,3652,pubL7_leo10_531_temporal_e200_s2
leo10_531,10 years 531 Leo,531,1999-10-01..2008-09-30,1989-10-01..1999-09-30,pubL7,PUBModel,temporal,leo10_531,200,2,1,historical,nn_donor,-0.566749,,,,,,,531,3652,pubL7_leo10_531_temporal_e200_s2
leo10_531,10 years 531 Leo,531,1999-10-01..2008-09-30,1989-10-01..1999-09-30,pubL7,PUBModel,temporal,leo10_531,200,2,2,historical,model,0.670006,0.665935,0.837081,-0.08952,1.412571,-24.839514,-3.991371,531,3652,pubL7_leo10_531_temporal_e200_s2
leo10_531,10 years 531 Leo,531,1999-10-01..2008-09-30,1989-10-01..1999-09-30,pubL7,PUBModel,temporal,leo10_531,200,2,2,historical,idw,-0.500764,,,,,,,531,3652,pubL7_leo10_531_temporal_e200_s2
leo10_531,10 years 531 Leo,531,1999-10-01..2008-09-30,1989-10-01..1999-09-30,pubL7,PUBModel,temporal,leo10_531,200,2,2,historical,ctx_mean,-0.483994,,,,,,,531,3652,pubL7_leo10_531_temporal_e200_s2
leo10_531,10 years 531 Leo,531,1999-10-01..2008-09-30,1989-10-01..1999-09-30,pubL7,PUBModel,temporal,leo10_531,200,2,2,historical,nn_donor,-0.566749,,,,,,,531,3652,pubL7_leo10_531_temporal_e200_s2
leo10_531,10 years 531 Leo,531,1999-10-01..2008-09-30,1989-10-01..1999-09-30,pubL7,PUBModel,temporal,leo10_531,200,2,4,historical,model,0.672742,0.671417,0.840532,-0.086454,1.402354,-24.188471,-3.223004,531,3652,pubL7_leo10_531_temporal_e200_s2
leo10_531,10 years 531 Leo,531,1999-10-01..2008-09-30,1989-10-01..1999-09-30,pubL7,PUBModel,temporal,leo10_531,200,2,4,historical,idw,-0.448292,,,,,,,531,3652,pubL7_leo10_531_temporal_e200_s2
leo10_531,10 years 531 Leo,531,1999-10-01..2008-09-30,1989-10-01..1999-09-30,pubL7,PUBModel,temporal,leo10_531,200,2,4,historical,ctx_mean,-0.411417,,,,,,,531,3652,pubL7_leo10_531_temporal_e200_s2
leo10_531,10 years 531 Leo,531,1999-10-01..2008-09-30,1989-10-01..1999-09-30,pubL7,PUBModel,temporal,leo10_531,200,2,4,historical,nn_donor,-0.566749,,,,,,,531,3652,pubL7_leo10_531_temporal_e200_s2
leo10_531,10 years 531 Leo,531,1999-10-01..2008-09-30,1989-10-01..1999-09-30,pubL7,PUBModel,temporal,leo10_531,200,2,8,historical,model,0.677133,0.677264,0.839675,-0.082919,1.403916,-24.14174,-3.757301,531,3652,pubL7_leo10_531_temporal_e200_s2
leo10_531,10 years 531 Leo,531,1999-10-01..2008-09-30,1989-10-01..1999-09-30,pubL7,PUBModel,temporal,leo10_531,200,2,8,historical,idw,-0.401682,,,,,,,531,3652,pubL7_leo10_531_temporal_e200_s2
leo10_531,10 years 531 Leo,531,1999-10-01..2008-09-30,1989-10-01..1999-09-30,pubL7,PUBModel,temporal,leo10_531,200,2,8,historical,ctx_mean,-0.331915,,,,,,,531,3652,pubL7_leo10_531_temporal_e200_s2
leo10_531,10 years 531 Leo,531,1999-10-01..2008-09-30,1989-10-01..1999-09-30,pubL7,PUBModel,temporal,leo10_531,200,2,8,historical,nn_donor,-0.566749,,,,,,,531,3652,pubL7_leo10_531_temporal_e200_s2
leo15_531,15 years 531 (legacy temporal),531,1980-10-01..1995-09-30,1995-10-01..2010-09-30,pubL7,PUBModel,temporal,leo15_531,200,0,0,historical,model,0.499775,0.570125,0.726341,-0.008539,1.674633,-26.314232,27.577105,531,5479,pubL7_leo15_531_temporal_e200_s0
leo15_531,15 years 531 (legacy temporal),531,1980-10-01..1995-09-30,1995-10-01..2010-09-30,pubL7,PUBModel,temporal,leo15_531,200,0,1,historical,model,0.660693,0.699327,0.829907,-0.011587,1.360886,-17.275282,15.680352,531,5479,pubL7_leo15_531_temporal_e200_s0
leo15_531,15 years 531 (legacy temporal),531,1980-10-01..1995-09-30,1995-10-01..2010-09-30,pubL7,PUBModel,temporal,leo15_531,200,0,1,historical,idw,-0.593838,,,,,,,531,5479,pubL7_leo15_531_temporal_e200_s0
leo15_531,15 years 531 (legacy temporal),531,1980-10-01..1995-09-30,1995-10-01..2010-09-30,pubL7,PUBModel,temporal,leo15_531,200,0,1,historical,ctx_mean,-0.593838,,,,,,,531,5479,pubL7_leo15_531_temporal_e200_s0
leo15_531,15 years 531 (legacy temporal),531,1980-10-01..1995-09-30,1995-10-01..2010-09-30,pubL7,PUBModel,temporal,leo15_531,200,0,1,historical,nn_donor,-0.593838,,,,,,,531,5479,pubL7_leo15_531_temporal_e200_s0
leo15_531,15 years 531 (legacy temporal),531,1980-10-01..1995-09-30,1995-10-01..2010-09-30,pubL7,PUBModel,temporal,leo15_531,200,0,2,historical,model,0.676017,0.7086,0.836812,-0.013611,1.334621,-16.991035,17.338999,531,5479,pubL7_leo15_531_temporal_e200_s0
leo15_531,15 years 531 (legacy temporal),531,1980-10-01..1995-09-30,1995-10-01..2010-09-30,pubL7,PUBModel,temporal,leo15_531,200,0,2,historical,idw,-0.504969,,,,,,,531,5479,pubL7_leo15_531_temporal_e200_s0
leo15_531,15 years 531 (legacy temporal),531,1980-10-01..1995-09-30,1995-10-01..2010-09-30,pubL7,PUBModel,temporal,leo15_531,200,0,2,historical,ctx_mean,-0.493755,,,,,,,531,5479,pubL7_leo15_531_temporal_e200_s0
leo15_531,15 years 531 (legacy temporal),531,1980-10-01..1995-09-30,1995-10-01..2010-09-30,pubL7,PUBModel,temporal,leo15_531,200,0,2,historical,nn_donor,-0.593838,,,,,,,531,5479,pubL7_leo15_531_temporal_e200_s0
leo15_531,15 years 531 (legacy temporal),531,1980-10-01..1995-09-30,1995-10-01..2010-09-30,pubL7,PUBModel,temporal,leo15_531,200,0,4,historical,model,0.680954,0.710714,0.84109,-0.01229,1.326566,-17.096347,18.53947,531,5479,pubL7_leo15_531_temporal_e200_s0
leo15_531,15 years 531 (legacy temporal),531,1980-10-01..1995-09-30,1995-10-01..2010-09-30,pubL7,PUBModel,temporal,leo15_531,200,0,4,historical,idw,-0.454611,,,,,,,531,5479,pubL7_leo15_531_temporal_e200_s0
leo15_531,15 years 531 (legacy temporal),531,1980-10-01..1995-09-30,1995-10-01..2010-09-30,pubL7,PUBModel,temporal,leo15_531,200,0,4,historical,ctx_mean,-0.418498,,,,,,,531,5479,pubL7_leo15_531_temporal_e200_s0
leo15_531,15 years 531 (legacy temporal),531,1980-10-01..1995-09-30,1995-10-01..2010-09-30,pubL7,PUBModel,temporal,leo15_531,200,0,4,historical,nn_donor,-0.593838,,,,,,,531,5479,pubL7_leo15_531_temporal_e200_s0
leo15_531,15 years 531 (legacy temporal),531,1980-10-01..1995-09-30,1995-10-01..2010-09-30,pubL7,PUBModel,temporal,leo15_531,200,0,8,historical,model,0.684637,0.709864,0.843844,-0.007497,1.323545,-17.626205,15.577063,531,5479,pubL7_leo15_531_temporal_e200_s0
leo15_531,15 years 531 (legacy temporal),531,1980-10-01..1995-09-30,1995-10-01..2010-09-30,pubL7,PUBModel,temporal,leo15_531,200,0,8,historical,idw,-0.418767,,,,,,,531,5479,pubL7_leo15_531_temporal_e200_s0
leo15_531,15 years 531 (legacy temporal),531,1980-10-01..1995-09-30,1995-10-01..2010-09-30,pubL7,PUBModel,temporal,leo15_531,200,0,8,historical,ctx_mean,-0.341837,,,,,,,531,5479,pubL7_leo15_531_temporal_e200_s0
leo15_531,15 years 531 (legacy temporal),531,1980-10-01..1995-09-30,1995-10-01..2010-09-30,pubL7,PUBModel,temporal,leo15_531,200,0,8,historical,nn_donor,-0.593838,,,,,,,531,5479,pubL7_leo15_531_temporal_e200_s0
leo15_531,15 years 531 (legacy temporal),531,1980-10-01..1995-09-30,1995-10-01..2010-09-30,pubL7,PUBModel,temporal,leo15_531,200,1,0,historical,model,0.514345,0.57646,0.737294,-0.009353,1.639488,-25.548461,36.345134,531,5479,pubL7_leo15_531_temporal_e200_s1
leo15_531,15 years 531 (legacy temporal),531,1980-10-01..1995-09-30,1995-10-01..2010-09-30,pubL7,PUBModel,temporal,leo15_531,200,1,1,historical,model,0.661269,0.698298,0.830001,-0.012858,1.375111,-15.608941,15.148765,531,5479,pubL7_leo15_531_temporal_e200_s1
leo15_531,15 years 531 (legacy temporal),531,1980-10-01..1995-09-30,1995-10-01..2010-09-30,pubL7,PUBModel,temporal,leo15_531,200,1,1,historical,idw,-0.593838,,,,,,,531,5479,pubL7_leo15_531_temporal_e200_s1
leo15_531,15 years 531 (legacy temporal),531,1980-10-01..1995-09-30,1995-10-01..2010-09-30,pubL7,PUBModel,temporal,leo15_531,200,1,1,historical,ctx_mean,-0.593838,,,,,,,531,5479,pubL7_leo15_531_temporal_e200_s1
leo15_531,15 years 531 (legacy temporal),531,1980-10-01..1995-09-30,1995-10-01..2010-09-30,pubL7,PUBModel,temporal,leo15_531,200,1,1,historical,nn_donor,-0.593838,,,,,,,531,5479,pubL7_leo15_531_temporal_e200_s1
leo15_531,15 years 531 (legacy temporal),531,1980-10-01..1995-09-30,1995-10-01..2010-09-30,pubL7,PUBModel,temporal,leo15_531,200,1,2,historical,model,0.68127,0.710713,0.839683,-0.013046,1.346721,-16.397763,14.083173,531,5479,pubL7_leo15_531_temporal_e200_s1
leo15_531,15 years 531 (legacy temporal),531,1980-10-01..1995-09-30,1995-10-01..2010-09-30,pubL7,PUBModel,temporal,leo15_531,200,1,2,historical,idw,-0.504969,,,,,,,531,5479,pubL7_leo15_531_temporal_e200_s1
leo15_531,15 years 531 (legacy temporal),531,1980-10-01..1995-09-30,1995-10-01..2010-09-30,pubL7,PUBModel,temporal,leo15_531,200,1,2,historical,ctx_mean,-0.493755,,,,,,,531,5479,pubL7_leo15_531_temporal_e200_s1
leo15_531,15 years 531 (legacy temporal),531,1980-10-01..1995-09-30,1995-10-01..2010-09-30,pubL7,PUBModel,temporal,leo15_531,200,1,2,historical,nn_donor,-0.593838,,,,,,,531,5479,pubL7_leo15_531_temporal_e200_s1
leo15_531,15 years 531 (legacy temporal),531,1980-10-01..1995-09-30,1995-10-01..2010-09-30,pubL7,PUBModel,temporal,leo15_531,200,1,4,historical,model,0.689065,0.710802,0.843101,-0.009741,1.334861,-15.875445,14.348322,531,5479,pubL7_leo15_531_temporal_e200_s1
leo15_531,15 years 531 (legacy temporal),531,1980-10-01..1995-09-30,1995-10-01..2010-09-30,pubL7,PUBModel,temporal,leo15_531,200,1,4,historical,idw,-0.454611,,,,,,,531,5479,pubL7_leo15_531_temporal_e200_s1
leo15_531,15 years 531 (legacy temporal),531,1980-10-01..1995-09-30,1995-10-01..2010-09-30,pubL7,PUBModel,temporal,leo15_531,200,1,4,historical,ctx_mean,-0.418498,,,,,,,531,5479,pubL7_leo15_531_temporal_e200_s1
leo15_531,15 years 531 (legacy temporal),531,1980-10-01..1995-09-30,1995-10-01..2010-09-30,pubL7,PUBModel,temporal,leo15_531,200,1,4,historical,nn_donor,-0.593838,,,,,,,531,5479,pubL7_leo15_531_temporal_e200_s1
leo15_531,15 years 531 (legacy temporal),531,1980-10-01..1995-09-30,1995-10-01..2010-09-30,pubL7,PUBModel,temporal,leo15_531,200,1,8,historical,model,0.690027,0.713967,0.845258,-0.008325,1.326318,-15.946583,13.133532,531,5479,pubL7_leo15_531_temporal_e200_s1
leo15_531,15 years 531 (legacy temporal),531,1980-10-01..1995-09-30,1995-10-01..2010-09-30,pubL7,PUBModel,temporal,leo15_531,200,1,8,historical,idw,-0.418767,,,,,,,531,5479,pubL7_leo15_531_temporal_e200_s1
leo15_531,15 years 531 (legacy temporal),531,1980-10-01..1995-09-30,1995-10-01..2010-09-30,pubL7,PUBModel,temporal,leo15_531,200,1,8,historical,ctx_mean,-0.341837,,,,,,,531,5479,pubL7_leo15_531_temporal_e200_s1
leo15_531,15 years 531 (legacy temporal),531,1980-10-01..1995-09-30,1995-10-01..2010-09-30,pubL7,PUBModel,temporal,leo15_531,200,1,8,historical,nn_donor,-0.593838,,,,,,,531,5479,pubL7_leo15_531_temporal_e200_s1
leo15_531,15 years 531 (legacy temporal),531,1980-10-01..1995-09-30,1995-10-01..2010-09-30,pubL7,PUBModel,temporal,leo15_531,200,2,0,historical,model,0.51393,0.577771,0.733352,-0.017471,1.63179,-26.917463,35.752439,531,5479,pubL7_leo15_531_temporal_e200_s2
leo15_531,15 years 531 (legacy temporal),531,1980-10-01..1995-09-30,1995-10-01..2010-09-30,pubL7,PUBModel,temporal,leo15_531,200,2,1,historical,model,0.661983,0.68758,0.828596,-0.019048,1.357889,-17.16635,17.094546,531,5479,pubL7_leo15_531_temporal_e200_s2
leo15_531,15 years 531 (legacy temporal),531,1980-10-01..1995-09-30,1995-10-01..2010-09-30,pubL7,PUBModel,temporal,leo15_531,200,2,1,historical,idw,-0.593838,,,,,,,531,5479,pubL7_leo15_531_temporal_e200_s2
leo15_531,15 years 531 (legacy temporal),531,1980-10-01..1995-09-30,1995-10-01..2010-09-30,pubL7,PUBModel,temporal,leo15_531,200,2,1,historical,ctx_mean,-0.593838,,,,,,,531,5479,pubL7_leo15_531_temporal_e200_s2
leo15_531,15 years 531 (legacy temporal),531,1980-10-01..1995-09-30,1995-10-01..2010-09-30,pubL7,PUBModel,temporal,leo15_531,200,2,1,historical,nn_donor,-0.593838,,,,,,,531,5479,pubL7_leo15_531_temporal_e200_s2
leo15_531,15 years 531 (legacy temporal),531,1980-10-01..1995-09-30,1995-10-01..2010-09-30,pubL7,PUBModel,temporal,leo15_531,200,2,2,historical,model,0.678839,0.699113,0.84071,-0.011275,1.338873,-17.195647,16.646164,531,5479,pubL7_leo15_531_temporal_e200_s2
leo15_531,15 years 531 (legacy temporal),531,1980-10-01..1995-09-30,1995-10-01..2010-09-30,pubL7,PUBModel,temporal,leo15_531,200,2,2,historical,idw,-0.504969,,,,,,,531,5479,pubL7_leo15_531_temporal_e200_s2
leo15_531,15 years 531 (legacy temporal),531,1980-10-01..1995-09-30,1995-10-01..2010-09-30,pubL7,PUBModel,temporal,leo15_531,200,2,2,historical,ctx_mean,-0.493755,,,,,,,531,5479,pubL7_leo15_531_temporal_e200_s2
leo15_531,15 years 531 (legacy temporal),531,1980-10-01..1995-09-30,1995-10-01..2010-09-30,pubL7,PUBModel,temporal,leo15_531,200,2,2,historical,nn_donor,-0.593838,,,,,,,531,5479,pubL7_leo15_531_temporal_e200_s2
leo15_531,15 years 531 (legacy temporal),531,1980-10-01..1995-09-30,1995-10-01..2010-09-30,pubL7,PUBModel,temporal,leo15_531,200,2,4,historical,model,0.684071,0.7007,0.843827,-0.012687,1.328364,-18.040601,17.103727,531,5479,pubL7_leo15_531_temporal_e200_s2
leo15_531,15 years 531 (legacy temporal),531,1980-10-01..1995-09-30,1995-10-01..2010-09-30,pubL7,PUBModel,temporal,leo15_531,200,2,4,historical,idw,-0.454611,,,,,,,531,5479,pubL7_leo15_531_temporal_e200_s2
leo15_531,15 years 531 (legacy temporal),531,1980-10-01..1995-09-30,1995-10-01..2010-09-30,pubL7,PUBModel,temporal,leo15_531,200,2,4,historical,ctx_mean,-0.418498,,,,,,,531,5479,pubL7_leo15_531_temporal_e200_s2
leo15_531,15 years 531 (legacy temporal),531,1980-10-01..1995-09-30,1995-10-01..2010-09-30,pubL7,PUBModel,temporal,leo15_531,200,2,4,historical,nn_donor,-0.593838,,,,,,,531,5479,pubL7_leo15_531_temporal_e200_s2
leo15_531,15 years 531 (legacy temporal),531,1980-10-01..1995-09-30,1995-10-01..2010-09-30,pubL7,PUBModel,temporal,leo15_531,200,2,8,historical,model,0.683244,0.703028,0.846742,-0.012165,1.323272,-17.932118,15.862326,531,5479,pubL7_leo15_531_temporal_e200_s2
leo15_531,15 years 531 (legacy temporal),531,1980-10-01..1995-09-30,1995-10-01..2010-09-30,pubL7,PUBModel,temporal,leo15_531,200,2,8,historical,idw,-0.418767,,,,,,,531,5479,pubL7_leo15_531_temporal_e200_s2
leo15_531,15 years 531 (legacy temporal),531,1980-10-01..1995-09-30,1995-10-01..2010-09-30,pubL7,PUBModel,temporal,leo15_531,200,2,8,historical,ctx_mean,-0.341837,,,,,,,531,5479,pubL7_leo15_531_temporal_e200_s2
leo15_531,15 years 531 (legacy temporal),531,1980-10-01..1995-09-30,1995-10-01..2010-09-30,pubL7,PUBModel,temporal,leo15_531,200,2,8,historical,nn_donor,-0.593838,,,,,,,531,5479,pubL7_leo15_531_temporal_e200_s2
leo15_671,15 years 671 Leo,671,1980-10-01..1995-09-30,1995-10-01..2010-09-30,pubL7,PUBModel,temporal,leo15_671,200,0,0,historical,model,0.480096,0.553517,0.719554,0.010704,1.586139,-26.565467,39.813226,671,5479,pubL7_leo15_671_temporal_e200_s0
leo15_671,15 years 671 Leo,671,1980-10-01..1995-09-30,1995-10-01..2010-09-30,pubL7,PUBModel,temporal,leo15_671,200,0,1,historical,model,0.644149,0.673015,0.820986,0.011328,1.281224,-16.777387,22.636451,671,5479,pubL7_leo15_671_temporal_e200_s0
leo15_671,15 years 671 Leo,671,1980-10-01..1995-09-30,1995-10-01..2010-09-30,pubL7,PUBModel,temporal,leo15_671,200,0,1,historical,idw,-0.534676,,,,,,,671,5479,pubL7_leo15_671_temporal_e200_s0
leo15_671,15 years 671 Leo,671,1980-10-01..1995-09-30,1995-10-01..2010-09-30,pubL7,PUBModel,temporal,leo15_671,200,0,1,historical,ctx_mean,-0.534676,,,,,,,671,5479,pubL7_leo15_671_temporal_e200_s0
leo15_671,15 years 671 Leo,671,1980-10-01..1995-09-30,1995-10-01..2010-09-30,pubL7,PUBModel,temporal,leo15_671,200,0,1,historical,nn_donor,-0.534676,,,,,,,671,5479,pubL7_leo15_671_temporal_e200_s0
leo15_671,15 years 671 Leo,671,1980-10-01..1995-09-30,1995-10-01..2010-09-30,pubL7,PUBModel,temporal,leo15_671,200,0,2,historical,model,0.655619,0.679069,0.83323,0.008336,1.265169,-16.936941,24.227955,671,5479,pubL7_leo15_671_temporal_e200_s0
leo15_671,15 years 671 Leo,671,1980-10-01..1995-09-30,1995-10-01..2010-09-30,pubL7,PUBModel,temporal,leo15_671,200,0,2,historical,idw,-0.496528,,,,,,,671,5479,pubL7_leo15_671_temporal_e200_s0
leo15_671,15 years 671 Leo,671,1980-10-01..1995-09-30,1995-10-01..2010-09-30,pubL7,PUBModel,temporal,leo15_671,200,0,2,historical,ctx_mean,-0.481923,,,,,,,671,5479,pubL7_leo15_671_temporal_e200_s0
leo15_671,15 years 671 Leo,671,1980-10-01..1995-09-30,1995-10-01..2010-09-30,pubL7,PUBModel,temporal,leo15_671,200,0,2,historical,nn_donor,-0.534676,,,,,,,671,5479,pubL7_leo15_671_temporal_e200_s0
leo15_671,15 years 671 Leo,671,1980-10-01..1995-09-30,1995-10-01..2010-09-30,pubL7,PUBModel,temporal,leo15_671,200,0,4,historical,model,0.66187,0.684626,0.8372,0.009543,1.251175,-17.15509,21.387282,671,5479,pubL7_leo15_671_temporal_e200_s0
leo15_671,15 years 671 Leo,671,1980-10-01..1995-09-30,1995-10-01..2010-09-30,pubL7,PUBModel,temporal,leo15_671,200,0,4,historical,idw,-0.420982,,,,,,,671,5479,pubL7_leo15_671_temporal_e200_s0
leo15_671,15 years 671 Leo,671,1980-10-01..1995-09-30,1995-10-01..2010-09-30,pubL7,PUBModel,temporal,leo15_671,200,0,4,historical,ctx_mean,-0.424946,,,,,,,671,5479,pubL7_leo15_671_temporal_e200_s0
leo15_671,15 years 671 Leo,671,1980-10-01..1995-09-30,1995-10-01..2010-09-30,pubL7,PUBModel,temporal,leo15_671,200,0,4,historical,nn_donor,-0.534676,,,,,,,671,5479,pubL7_leo15_671_temporal_e200_s0
leo15_671,15 years 671 Leo,671,1980-10-01..1995-09-30,1995-10-01..2010-09-30,pubL7,PUBModel,temporal,leo15_671,200,0,8,historical,model,0.661254,0.683189,0.838417,0.005969,1.251886,-17.134101,23.470724,671,5479,pubL7_leo15_671_temporal_e200_s0
leo15_671,15 years 671 Leo,671,1980-10-01..1995-09-30,1995-10-01..2010-09-30,pubL7,PUBModel,temporal,leo15_671,200,0,8,historical,idw,-0.408527,,,,,,,671,5479,pubL7_leo15_671_temporal_e200_s0
leo15_671,15 years 671 Leo,671,1980-10-01..1995-09-30,1995-10-01..2010-09-30,pubL7,PUBModel,temporal,leo15_671,200,0,8,historical,ctx_mean,-0.345903,,,,,,,671,5479,pubL7_leo15_671_temporal_e200_s0
leo15_671,15 years 671 Leo,671,1980-10-01..1995-09-30,1995-10-01..2010-09-30,pubL7,PUBModel,temporal,leo15_671,200,0,8,historical,nn_donor,-0.534676,,,,,,,671,5479,pubL7_leo15_671_temporal_e200_s0
leo15_671,15 years 671 Leo,671,1980-10-01..1995-09-30,1995-10-01..2010-09-30,pubL7,PUBModel,temporal,leo15_671,200,1,0,historical,model,0.49947,0.558951,0.732462,-0.013326,1.565441,-28.125339,49.52447,671,5479,pubL7_leo15_671_temporal_e200_s1
leo15_671,15 years 671 Leo,671,1980-10-01..1995-09-30,1995-10-01..2010-09-30,pubL7,PUBModel,temporal,leo15_671,200,1,1,historical,model,0.651228,0.671408,0.82849,-0.010483,1.271311,-16.80551,15.748667,671,5479,pubL7_leo15_671_temporal_e200_s1
leo15_671,15 years 671 Leo,671,1980-10-01..1995-09-30,1995-10-01..2010-09-30,pubL7,PUBModel,temporal,leo15_671,200,1,1,historical,idw,-0.534676,,,,,,,671,5479,pubL7_leo15_671_temporal_e200_s1
leo15_671,15 years 671 Leo,671,1980-10-01..1995-09-30,1995-10-01..2010-09-30,pubL7,PUBModel,temporal,leo15_671,200,1,1,historical,ctx_mean,-0.534676,,,,,,,671,5479,pubL7_leo15_671_temporal_e200_s1
leo15_671,15 years 671 Leo,671,1980-10-01..1995-09-30,1995-10-01..2010-09-30,pubL7,PUBModel,temporal,leo15_671,200,1,1,historical,nn_donor,-0.534676,,,,,,,671,5479,pubL7_leo15_671_temporal_e200_s1
leo15_671,15 years 671 Leo,671,1980-10-01..1995-09-30,1995-10-01..2010-09-30,pubL7,PUBModel,temporal,leo15_671,200,1,2,historical,model,0.663328,0.686611,0.836708,-0.013652,1.250798,-16.712703,16.987354,671,5479,pubL7_leo15_671_temporal_e200_s1
leo15_671,15 years 671 Leo,671,1980-10-01..1995-09-30,1995-10-01..2010-09-30,pubL7,PUBModel,temporal,leo15_671,200,1,2,historical,idw,-0.496528,,,,,,,671,5479,pubL7_leo15_671_temporal_e200_s1
leo15_671,15 years 671 Leo,671,1980-10-01..1995-09-30,1995-10-01..2010-09-30,pubL7,PUBModel,temporal,leo15_671,200,1,2,historical,ctx_mean,-0.481923,,,,,,,671,5479,pubL7_leo15_671_temporal_e200_s1
leo15_671,15 years 671 Leo,671,1980-10-01..1995-09-30,1995-10-01..2010-09-30,pubL7,PUBModel,temporal,leo15_671,200,1,2,historical,nn_donor,-0.534676,,,,,,,671,5479,pubL7_leo15_671_temporal_e200_s1
leo15_671,15 years 671 Leo,671,1980-10-01..1995-09-30,1995-10-01..2010-09-30,pubL7,PUBModel,temporal,leo15_671,200,1,4,historical,model,0.670251,0.6909,0.841954,-0.009089,1.248579,-17.193457,19.312647,671,5479,pubL7_leo15_671_temporal_e200_s1
leo15_671,15 years 671 Leo,671,1980-10-01..1995-09-30,1995-10-01..2010-09-30,pubL7,PUBModel,temporal,leo15_671,200,1,4,historical,idw,-0.420982,,,,,,,671,5479,pubL7_leo15_671_temporal_e200_s1
leo15_671,15 years 671 Leo,671,1980-10-01..1995-09-30,1995-10-01..2010-09-30,pubL7,PUBModel,temporal,leo15_671,200,1,4,historical,ctx_mean,-0.424946,,,,,,,671,5479,pubL7_leo15_671_temporal_e200_s1
leo15_671,15 years 671 Leo,671,1980-10-01..1995-09-30,1995-10-01..2010-09-30,pubL7,PUBModel,temporal,leo15_671,200,1,4,historical,nn_donor,-0.534676,,,,,,,671,5479,pubL7_leo15_671_temporal_e200_s1
leo15_671,15 years 671 Leo,671,1980-10-01..1995-09-30,1995-10-01..2010-09-30,pubL7,PUBModel,temporal,leo15_671,200,1,8,historical,model,0.671109,0.691915,0.842342,-0.005336,1.239406,-16.785482,20.589717,671,5479,pubL7_leo15_671_temporal_e200_s1
leo15_671,15 years 671 Leo,671,1980-10-01..1995-09-30,1995-10-01..2010-09-30,pubL7,PUBModel,temporal,leo15_671,200,1,8,historical,idw,-0.408527,,,,,,,671,5479,pubL7_leo15_671_temporal_e200_s1
leo15_671,15 years 671 Leo,671,1980-10-01..1995-09-30,1995-10-01..2010-09-30,pubL7,PUBModel,temporal,leo15_671,200,1,8,historical,ctx_mean,-0.345903,,,,,,,671,5479,pubL7_leo15_671_temporal_e200_s1
leo15_671,15 years 671 Leo,671,1980-10-01..1995-09-30,1995-10-01..2010-09-30,pubL7,PUBModel,temporal,leo15_671,200,1,8,historical,nn_donor,-0.534676,,,,,,,671,5479,pubL7_leo15_671_temporal_e200_s1
leo15_671,15 years 671 Leo,671,1980-10-01..1995-09-30,1995-10-01..2010-09-30,pubL7,PUBModel,temporal,leo15_671,200,2,0,historical,model,0.497973,0.545202,0.732031,-0.01569,1.572585,-27.234939,42.406777,671,5479,pubL7_leo15_671_temporal_e200_s2
leo15_671,15 years 671 Leo,671,1980-10-01..1995-09-30,1995-10-01..2010-09-30,pubL7,PUBModel,temporal,leo15_671,200,2,1,historical,model,0.645391,0.660283,0.829152,-0.018038,1.283056,-19.508453,18.934307,671,5479,pubL7_leo15_671_temporal_e200_s2
leo15_671,15 years 671 Leo,671,1980-10-01..1995-09-30,1995-10-01..2010-09-30,pubL7,PUBModel,temporal,leo15_671,200,2,1,historical,idw,-0.534676,,,,,,,671,5479,pubL7_leo15_671_temporal_e200_s2
leo15_671,15 years 671 Leo,671,1980-10-01..1995-09-30,1995-10-01..2010-09-30,pubL7,PUBModel,temporal,leo15_671,200,2,1,historical,ctx_mean,-0.534676,,,,,,,671,5479,pubL7_leo15_671_temporal_e200_s2
leo15_671,15 years 671 Leo,671,1980-10-01..1995-09-30,1995-10-01..2010-09-30,pubL7,PUBModel,temporal,leo15_671,200,2,1,historical,nn_donor,-0.534676,,,,,,,671,5479,pubL7_leo15_671_temporal_e200_s2
leo15_671,15 years 671 Leo,671,1980-10-01..1995-09-30,1995-10-01..2010-09-30,pubL7,PUBModel,temporal,leo15_671,200,2,2,historical,model,0.664225,0.673919,0.837298,-0.02128,1.270716,-19.114214,17.586834,671,5479,pubL7_leo15_671_temporal_e200_s2
leo15_671,15 years 671 Leo,671,1980-10-01..1995-09-30,1995-10-01..2010-09-30,pubL7,PUBModel,temporal,leo15_671,200,2,2,historical,idw,-0.496528,,,,,,,671,5479,pubL7_leo15_671_temporal_e200_s2
leo15_671,15 years 671 Leo,671,1980-10-01..1995-09-30,1995-10-01..2010-09-30,pubL7,PUBModel,temporal,leo15_671,200,2,2,historical,ctx_mean,-0.481923,,,,,,,671,5479,pubL7_leo15_671_temporal_e200_s2
leo15_671,15 years 671 Leo,671,1980-10-01..1995-09-30,1995-10-01..2010-09-30,pubL7,PUBModel,temporal,leo15_671,200,2,2,historical,nn_donor,-0.534676,,,,,,,671,5479,pubL7_leo15_671_temporal_e200_s2
leo15_671,15 years 671 Leo,671,1980-10-01..1995-09-30,1995-10-01..2010-09-30,pubL7,PUBModel,temporal,leo15_671,200,2,4,historical,model,0.667918,0.676684,0.839943,-0.02025,1.247279,-18.84468,14.326175,671,5479,pubL7_leo15_671_temporal_e200_s2
leo15_671,15 years 671 Leo,671,1980-10-01..1995-09-30,1995-10-01..2010-09-30,pubL7,PUBModel,temporal,leo15_671,200,2,4,historical,idw,-0.420982,,,,,,,671,5479,pubL7_leo15_671_temporal_e200_s2
leo15_671,15 years 671 Leo,671,1980-10-01..1995-09-30,1995-10-01..2010-09-30,pubL7,PUBModel,temporal,leo15_671,200,2,4,historical,ctx_mean,-0.424946,,,,,,,671,5479,pubL7_leo15_671_temporal_e200_s2
leo15_671,15 years 671 Leo,671,1980-10-01..1995-09-30,1995-10-01..2010-09-30,pubL7,PUBModel,temporal,leo15_671,200,2,4,historical,nn_donor,-0.534676,,,,,,,671,5479,pubL7_leo15_671_temporal_e200_s2
leo15_671,15 years 671 Leo,671,1980-10-01..1995-09-30,1995-10-01..2010-09-30,pubL7,PUBModel,temporal,leo15_671,200,2,8,historical,model,0.66772,0.680862,0.839988,-0.018442,1.240451,-18.740148,13.431964,671,5479,pubL7_leo15_671_temporal_e200_s2
leo15_671,15 years 671 Leo,671,1980-10-01..1995-09-30,1995-10-01..2010-09-30,pubL7,PUBModel,temporal,leo15_671,200,2,8,historical,idw,-0.408527,,,,,,,671,5479,pubL7_leo15_671_temporal_e200_s2
leo15_671,15 years 671 Leo,671,1980-10-01..1995-09-30,1995-10-01..2010-09-30,pubL7,PUBModel,temporal,leo15_671,200,2,8,historical,ctx_mean,-0.345903,,,,,,,671,5479,pubL7_leo15_671_temporal_e200_s2
leo15_671,15 years 671 Leo,671,1980-10-01..1995-09-30,1995-10-01..2010-09-30,pubL7,PUBModel,temporal,leo15_671,200,2,8,historical,nn_donor,-0.534676,,,,,,,671,5479,pubL7_leo15_671_temporal_e200_s2
peijun_li,Peijun Li Ensemble,531,1980-10-01..1999-09-30,1995-10-01..1999-09-30,pubL7,PUBModel,PUB,peijun_li,200,0,0,historical,model,0.585037,0.618513,0.804205,-0.033127,1.572666,-18.601192,9.354424,531,1461,pubL7_peijun_li_PUB_e200_s0
peijun_li,Peijun Li Ensemble,531,1980-10-01..1999-09-30,1995-10-01..1999-09-30,pubL7,PUBModel,PUB,peijun_li,200,0,1,historical,model,0.683056,0.683156,0.866137,0.001553,1.363754,-10.304343,6.771572,531,1461,pubL7_peijun_li_PUB_e200_s0
peijun_li,Peijun Li Ensemble,531,1980-10-01..1999-09-30,1995-10-01..1999-09-30,pubL7,PUBModel,PUB,peijun_li,200,0,1,historical,idw,-0.583353,,,,,,,531,1461,pubL7_peijun_li_PUB_e200_s0
peijun_li,Peijun Li Ensemble,531,1980-10-01..1999-09-30,1995-10-01..1999-09-30,pubL7,PUBModel,PUB,peijun_li,200,0,1,historical,ctx_mean,-0.583353,,,,,,,531,1461,pubL7_peijun_li_PUB_e200_s0
peijun_li,Peijun Li Ensemble,531,1980-10-01..1999-09-30,1995-10-01..1999-09-30,pubL7,PUBModel,PUB,peijun_li,200,0,1,historical,nn_donor,-0.583353,,,,,,,531,1461,pubL7_peijun_li_PUB_e200_s0
peijun_li,Peijun Li Ensemble,531,1980-10-01..1999-09-30,1995-10-01..1999-09-30,pubL7,PUBModel,PUB,peijun_li,200,0,2,historical,model,0.68959,0.687781,0.869792,-0.007687,1.314473,-11.025843,5.527989,531,1461,pubL7_peijun_li_PUB_e200_s0
peijun_li,Peijun Li Ensemble,531,1980-10-01..1999-09-30,1995-10-01..1999-09-30,pubL7,PUBModel,PUB,peijun_li,200,0,2,historical,idw,-0.525964,,,,,,,531,1461,pubL7_peijun_li_PUB_e200_s0
peijun_li,Peijun Li Ensemble,531,1980-10-01..1999-09-30,1995-10-01..1999-09-30,pubL7,PUBModel,PUB,peijun_li,200,0,2,historical,ctx_mean,-0.506492,,,,,,,531,1461,pubL7_peijun_li_PUB_e200_s0
peijun_li,Peijun Li Ensemble,531,1980-10-01..1999-09-30,1995-10-01..1999-09-30,pubL7,PUBModel,PUB,peijun_li,200,0,2,historical,nn_donor,-0.583353,,,,,,,531,1461,pubL7_peijun_li_PUB_e200_s0
peijun_li,Peijun Li Ensemble,531,1980-10-01..1999-09-30,1995-10-01..1999-09-30,pubL7,PUBModel,PUB,peijun_li,200,0,4,historical,model,0.693747,0.682995,0.871099,-0.002941,1.320934,-11.389628,3.559467,531,1461,pubL7_peijun_li_PUB_e200_s0
peijun_li,Peijun Li Ensemble,531,1980-10-01..1999-09-30,1995-10-01..1999-09-30,pubL7,PUBModel,PUB,peijun_li,200,0,4,historical,idw,-0.467869,,,,,,,531,1461,pubL7_peijun_li_PUB_e200_s0
peijun_li,Peijun Li Ensemble,531,1980-10-01..1999-09-30,1995-10-01..1999-09-30,pubL7,PUBModel,PUB,peijun_li,200,0,4,historical,ctx_mean,-0.451932,,,,,,,531,1461,pubL7_peijun_li_PUB_e200_s0
peijun_li,Peijun Li Ensemble,531,1980-10-01..1999-09-30,1995-10-01..1999-09-30,pubL7,PUBModel,PUB,peijun_li,200,0,4,historical,nn_donor,-0.583353,,,,,,,531,1461,pubL7_peijun_li_PUB_e200_s0
peijun_li,Peijun Li Ensemble,531,1980-10-01..1999-09-30,1995-10-01..1999-09-30,pubL7,PUBModel,PUB,peijun_li,200,0,8,historical,model,0.690364,0.681249,0.87291,-0.001199,1.319743,-11.404277,0.589168,531,1461,pubL7_peijun_li_PUB_e200_s0
peijun_li,Peijun Li Ensemble,531,1980-10-01..1999-09-30,1995-10-01..1999-09-30,pubL7,PUBModel,PUB,peijun_li,200,0,8,historical,idw,-0.437804,,,,,,,531,1461,pubL7_peijun_li_PUB_e200_s0
peijun_li,Peijun Li Ensemble,531,1980-10-01..1999-09-30,1995-10-01..1999-09-30,pubL7,PUBModel,PUB,peijun_li,200,0,8,historical,ctx_mean,-0.391002,,,,,,,531,1461,pubL7_peijun_li_PUB_e200_s0
peijun_li,Peijun Li Ensemble,531,1980-10-01..1999-09-30,1995-10-01..1999-09-30,pubL7,PUBModel,PUB,peijun_li,200,0,8,historical,nn_donor,-0.583353,,,,,,,531,1461,pubL7_peijun_li_PUB_e200_s0
peijun_li,Peijun Li Ensemble,531,1980-10-01..1999-09-30,1995-10-01..1999-09-30,pubL7,PUBModel,PUB,peijun_li,200,1,0,historical,model,0.578542,0.606247,0.805358,-0.036732,1.596894,-19.370038,16.336274,531,1461,pubL7_peijun_li_PUB_e200_s1
peijun_li,Peijun Li Ensemble,531,1980-10-01..1999-09-30,1995-10-01..1999-09-30,pubL7,PUBModel,PUB,peijun_li,200,1,1,historical,model,0.681534,0.672994,0.864221,-0.017268,1.361573,-10.332784,5.079276,531,1461,pubL7_peijun_li_PUB_e200_s1
peijun_li,Peijun Li Ensemble,531,1980-10-01..1999-09-30,1995-10-01..1999-09-30,pubL7,PUBModel,PUB,peijun_li,200,1,1,historical,idw,-0.583353,,,,,,,531,1461,pubL7_peijun_li_PUB_e200_s1
peijun_li,Peijun Li Ensemble,531,1980-10-01..1999-09-30,1995-10-01..1999-09-30,pubL7,PUBModel,PUB,peijun_li,200,1,1,historical,ctx_mean,-0.583353,,,,,,,531,1461,pubL7_peijun_li_PUB_e200_s1
peijun_li,Peijun Li Ensemble,531,1980-10-01..1999-09-30,1995-10-01..1999-09-30,pubL7,PUBModel,PUB,peijun_li,200,1,1,historical,nn_donor,-0.583353,,,,,,,531,1461,pubL7_peijun_li_PUB_e200_s1
peijun_li,Peijun Li Ensemble,531,1980-10-01..1999-09-30,1995-10-01..1999-09-30,pubL7,PUBModel,PUB,peijun_li,200,1,2,historical,model,0.68956,0.677007,0.86998,-0.010435,1.330187,-11.844273,6.159941,531,1461,pubL7_peijun_li_PUB_e200_s1
peijun_li,Peijun Li Ensemble,531,1980-10-01..1999-09-30,1995-10-01..1999-09-30,pubL7,PUBModel,PUB,peijun_li,200,1,2,historical,idw,-0.525964,,,,,,,531,1461,pubL7_peijun_li_PUB_e200_s1
peijun_li,Peijun Li Ensemble,531,1980-10-01..1999-09-30,1995-10-01..1999-09-30,pubL7,PUBModel,PUB,peijun_li,200,1,2,historical,ctx_mean,-0.506492,,,,,,,531,1461,pubL7_peijun_li_PUB_e200_s1
peijun_li,Peijun Li Ensemble,531,1980-10-01..1999-09-30,1995-10-01..1999-09-30,pubL7,PUBModel,PUB,peijun_li,200,1,2,historical,nn_donor,-0.583353,,,,,,,531,1461,pubL7_peijun_li_PUB_e200_s1
peijun_li,Peijun Li Ensemble,531,1980-10-01..1999-09-30,1995-10-01..1999-09-30,pubL7,PUBModel,PUB,peijun_li,200,1,4,historical,model,0.690998,0.680945,0.869422,-0.009415,1.321892,-11.355175,3.595962,531,1461,pubL7_peijun_li_PUB_e200_s1
peijun_li,Peijun Li Ensemble,531,1980-10-01..1999-09-30,1995-10-01..1999-09-30,pubL7,PUBModel,PUB,peijun_li,200,1,4,historical,idw,-0.467869,,,,,,,531,1461,pubL7_peijun_li_PUB_e200_s1
peijun_li,Peijun Li Ensemble,531,1980-10-01..1999-09-30,1995-10-01..1999-09-30,pubL7,PUBModel,PUB,peijun_li,200,1,4,historical,ctx_mean,-0.451932,,,,,,,531,1461,pubL7_peijun_li_PUB_e200_s1
peijun_li,Peijun Li Ensemble,531,1980-10-01..1999-09-30,1995-10-01..1999-09-30,pubL7,PUBModel,PUB,peijun_li,200,1,4,historical,nn_donor,-0.583353,,,,,,,531,1461,pubL7_peijun_li_PUB_e200_s1
peijun_li,Peijun Li Ensemble,531,1980-10-01..1999-09-30,1995-10-01..1999-09-30,pubL7,PUBModel,PUB,peijun_li,200,1,8,historical,model,0.689661,0.680587,0.871444,-0.007295,1.317041,-11.672527,3.093235,531,1461,pubL7_peijun_li_PUB_e200_s1
peijun_li,Peijun Li Ensemble,531,1980-10-01..1999-09-30,1995-10-01..1999-09-30,pubL7,PUBModel,PUB,peijun_li,200,1,8,historical,idw,-0.437804,,,,,,,531,1461,pubL7_peijun_li_PUB_e200_s1
peijun_li,Peijun Li Ensemble,531,1980-10-01..1999-09-30,1995-10-01..1999-09-30,pubL7,PUBModel,PUB,peijun_li,200,1,8,historical,ctx_mean,-0.391002,,,,,,,531,1461,pubL7_peijun_li_PUB_e200_s1
peijun_li,Peijun Li Ensemble,531,1980-10-01..1999-09-30,1995-10-01..1999-09-30,pubL7,PUBModel,PUB,peijun_li,200,1,8,historical,nn_donor,-0.583353,,,,,,,531,1461,pubL7_peijun_li_PUB_e200_s1
peijun_li,Peijun Li Ensemble,531,1980-10-01..1999-09-30,1995-10-01..1999-09-30,pubL7,PUBModel,PUB,peijun_li,200,2,0,historical,model,0.58223,0.617346,0.804429,-0.041354,1.549493,-18.454281,15.611969,531,1461,pubL7_peijun_li_PUB_e200_s2
peijun_li,Peijun Li Ensemble,531,1980-10-01..1999-09-30,1995-10-01..1999-09-30,pubL7,PUBModel,PUB,peijun_li,200,2,1,historical,model,0.675003,0.669296,0.86396,-0.014312,1.348034,-11.107481,11.047633,531,1461,pubL7_peijun_li_PUB_e200_s2
peijun_li,Peijun Li Ensemble,531,1980-10-01..1999-09-30,1995-10-01..1999-09-30,pubL7,PUBModel,PUB,peijun_li,200,2,1,historical,idw,-0.583353,,,,,,,531,1461,pubL7_peijun_li_PUB_e200_s2
peijun_li,Peijun Li Ensemble,531,1980-10-01..1999-09-30,1995-10-01..1999-09-30,pubL7,PUBModel,PUB,peijun_li,200,2,1,historical,ctx_mean,-0.583353,,,,,,,531,1461,pubL7_peijun_li_PUB_e200_s2
peijun_li,Peijun Li Ensemble,531,1980-10-01..1999-09-30,1995-10-01..1999-09-30,pubL7,PUBModel,PUB,peijun_li,200,2,1,historical,nn_donor,-0.583353,,,,,,,531,1461,pubL7_peijun_li_PUB_e200_s2
peijun_li,Peijun Li Ensemble,531,1980-10-01..1999-09-30,1995-10-01..1999-09-30,pubL7,PUBModel,PUB,peijun_li,200,2,2,historical,model,0.684565,0.675598,0.867693,-0.016787,1.321247,-10.793313,6.962013,531,1461,pubL7_peijun_li_PUB_e200_s2
peijun_li,Peijun Li Ensemble,531,1980-10-01..1999-09-30,1995-10-01..1999-09-30,pubL7,PUBModel,PUB,peijun_li,200,2,2,historical,idw,-0.525964,,,,,,,531,1461,pubL7_peijun_li_PUB_e200_s2
peijun_li,Peijun Li Ensemble,531,1980-10-01..1999-09-30,1995-10-01..1999-09-30,pubL7,PUBModel,PUB,peijun_li,200,2,2,historical,ctx_mean,-0.506492,,,,,,,531,1461,pubL7_peijun_li_PUB_e200_s2
peijun_li,Peijun Li Ensemble,531,1980-10-01..1999-09-30,1995-10-01..1999-09-30,pubL7,PUBModel,PUB,peijun_li,200,2,2,historical,nn_donor,-0.583353,,,,,,,531,1461,pubL7_peijun_li_PUB_e200_s2
peijun_li,Peijun Li Ensemble,531,1980-10-01..1999-09-30,1995-10-01..1999-09-30,pubL7,PUBModel,PUB,peijun_li,200,2,4,historical,model,0.689531,0.682442,0.870005,-0.016255,1.323664,-10.674456,6.620522,531,1461,pubL7_peijun_li_PUB_e200_s2
peijun_li,Peijun Li Ensemble,531,1980-10-01..1999-09-30,1995-10-01..1999-09-30,pubL7,PUBModel,PUB,peijun_li,200,2,4,historical,idw,-0.467869,,,,,,,531,1461,pubL7_peijun_li_PUB_e200_s2
peijun_li,Peijun Li Ensemble,531,1980-10-01..1999-09-30,1995-10-01..1999-09-30,pubL7,PUBModel,PUB,peijun_li,200,2,4,historical,ctx_mean,-0.451932,,,,,,,531,1461,pubL7_peijun_li_PUB_e200_s2
peijun_li,Peijun Li Ensemble,531,1980-10-01..1999-09-30,1995-10-01..1999-09-30,pubL7,PUBModel,PUB,peijun_li,200,2,4,historical,nn_donor,-0.583353,,,,,,,531,1461,pubL7_peijun_li_PUB_e200_s2
peijun_li,Peijun Li Ensemble,531,1980-10-01..1999-09-30,1995-10-01..1999-09-30,pubL7,PUBModel,PUB,peijun_li,200,2,8,historical,model,0.691972,0.681914,0.869378,-0.014677,1.314903,-10.294006,7.250719,531,1461,pubL7_peijun_li_PUB_e200_s2
peijun_li,Peijun Li Ensemble,531,1980-10-01..1999-09-30,1995-10-01..1999-09-30,pubL7,PUBModel,PUB,peijun_li,200,2,8,historical,idw,-0.437804,,,,,,,531,1461,pubL7_peijun_li_PUB_e200_s2
peijun_li,Peijun Li Ensemble,531,1980-10-01..1999-09-30,1995-10-01..1999-09-30,pubL7,PUBModel,PUB,peijun_li,200,2,8,historical,ctx_mean,-0.391002,,,,,,,531,1461,pubL7_peijun_li_PUB_e200_s2
peijun_li,Peijun Li Ensemble,531,1980-10-01..1999-09-30,1995-10-01..1999-09-30,pubL7,PUBModel,PUB,peijun_li,200,2,8,historical,nn_donor,-0.583353,,,,,,,531,1461,pubL7_peijun_li_PUB_e200_s2
peijun_li,Peijun Li Ensemble,531,1980-10-01..1999-09-30,1995-10-01..1999-09-30,pubL7,PUBModel,PUR,peijun_li,200,0,0,historical,model,0.47497,0.496693,0.75147,-0.085643,1.750517,-29.150323,13.814726,531,1461,pubL7_peijun_li_PUR_e200_s0
peijun_li,Peijun Li Ensemble,531,1980-10-01..1999-09-30,1995-10-01..1999-09-30,pubL7,PUBModel,PUR,peijun_li,200,0,1,historical,model,0.612518,0.612209,0.838068,-0.053273,1.488106,-17.230696,3.257318,531,1461,pubL7_peijun_li_PUR_e200_s0
peijun_li,Peijun Li Ensemble,531,1980-10-01..1999-09-30,1995-10-01..1999-09-30,pubL7,PUBModel,PUR,peijun_li,200,0,1,historical,idw,-0.583353,,,,,,,531,1461,pubL7_peijun_li_PUR_e200_s0
peijun_li,Peijun Li Ensemble,531,1980-10-01..1999-09-30,1995-10-01..1999-09-30,pubL7,PUBModel,PUR,peijun_li,200,0,1,historical,ctx_mean,-0.583353,,,,,,,531,1461,pubL7_peijun_li_PUR_e200_s0
peijun_li,Peijun Li Ensemble,531,1980-10-01..1999-09-30,1995-10-01..1999-09-30,pubL7,PUBModel,PUR,peijun_li,200,0,1,historical,nn_donor,-0.583353,,,,,,,531,1461,pubL7_peijun_li_PUR_e200_s0
peijun_li,Peijun Li Ensemble,531,1980-10-01..1999-09-30,1995-10-01..1999-09-30,pubL7,PUBModel,PUR,peijun_li,200,0,2,historical,model,0.627138,0.62304,0.845415,-0.050728,1.456667,-18.342611,2.285761,531,1461,pubL7_peijun_li_PUR_e200_s0
peijun_li,Peijun Li Ensemble,531,1980-10-01..1999-09-30,1995-10-01..1999-09-30,pubL7,PUBModel,PUR,peijun_li,200,0,2,historical,idw,-0.525964,,,,,,,531,1461,pubL7_peijun_li_PUR_e200_s0
peijun_li,Peijun Li Ensemble,531,1980-10-01..1999-09-30,1995-10-01..1999-09-30,pubL7,PUBModel,PUR,peijun_li,200,0,2,historical,ctx_mean,-0.506492,,,,,,,531,1461,pubL7_peijun_li_PUR_e200_s0
peijun_li,Peijun Li Ensemble,531,1980-10-01..1999-09-30,1995-10-01..1999-09-30,pubL7,PUBModel,PUR,peijun_li,200,0,2,historical,nn_donor,-0.583353,,,,,,,531,1461,pubL7_peijun_li_PUR_e200_s0
peijun_li,Peijun Li Ensemble,531,1980-10-01..1999-09-30,1995-10-01..1999-09-30,pubL7,PUBModel,PUR,peijun_li,200,0,4,historical,model,0.625711,0.618434,0.845813,-0.049184,1.453946,-17.423658,0.92435,531,1461,pubL7_peijun_li_PUR_e200_s0
peijun_li,Peijun Li Ensemble,531,1980-10-01..1999-09-30,1995-10-01..1999-09-30,pubL7,PUBModel,PUR,peijun_li,200,0,4,historical,idw,-0.467869,,,,,,,531,1461,pubL7_peijun_li_PUR_e200_s0
peijun_li,Peijun Li Ensemble,531,1980-10-01..1999-09-30,1995-10-01..1999-09-30,pubL7,PUBModel,PUR,peijun_li,200,0,4,historical,ctx_mean,-0.451932,,,,,,,531,1461,pubL7_peijun_li_PUR_e200_s0
peijun_li,Peijun Li Ensemble,531,1980-10-01..1999-09-30,1995-10-01..1999-09-30,pubL7,PUBModel,PUR,peijun_li,200,0,4,historical,nn_donor,-0.583353,,,,,,,531,1461,pubL7_peijun_li_PUR_e200_s0
peijun_li,Peijun Li Ensemble,531,1980-10-01..1999-09-30,1995-10-01..1999-09-30,pubL7,PUBModel,PUR,peijun_li,200,0,8,historical,model,0.63065,0.618354,0.846341,-0.047905,1.452105,-17.11055,0.765828,531,1461,pubL7_peijun_li_PUR_e200_s0
peijun_li,Peijun Li Ensemble,531,1980-10-01..1999-09-30,1995-10-01..1999-09-30,pubL7,PUBModel,PUR,peijun_li,200,0,8,historical,idw,-0.437804,,,,,,,531,1461,pubL7_peijun_li_PUR_e200_s0
peijun_li,Peijun Li Ensemble,531,1980-10-01..1999-09-30,1995-10-01..1999-09-30,pubL7,PUBModel,PUR,peijun_li,200,0,8,historical,ctx_mean,-0.391002,,,,,,,531,1461,pubL7_peijun_li_PUR_e200_s0
peijun_li,Peijun Li Ensemble,531,1980-10-01..1999-09-30,1995-10-01..1999-09-30,pubL7,PUBModel,PUR,peijun_li,200,0,8,historical,nn_donor,-0.583353,,,,,,,531,1461,pubL7_peijun_li_PUR_e200_s0
peijun_li,Peijun Li Ensemble,531,1980-10-01..1999-09-30,1995-10-01..1999-09-30,pubL7,PUBModel,PUR,peijun_li,200,1,0,historical,model,0.490165,0.512865,0.758008,-0.064009,1.744532,-25.243768,22.649403,531,1461,pubL7_peijun_li_PUR_e200_s1
peijun_li,Peijun Li Ensemble,531,1980-10-01..1999-09-30,1995-10-01..1999-09-30,pubL7,PUBModel,PUR,peijun_li,200,1,1,historical,model,0.606474,0.618224,0.83507,-0.024224,1.483596,-16.134632,9.114716,531,1461,pubL7_peijun_li_PUR_e200_s1
peijun_li,Peijun Li Ensemble,531,1980-10-01..1999-09-30,1995-10-01..1999-09-30,pubL7,PUBModel,PUR,peijun_li,200,1,1,historical,idw,-0.583353,,,,,,,531,1461,pubL7_peijun_li_PUR_e200_s1
peijun_li,Peijun Li Ensemble,531,1980-10-01..1999-09-30,1995-10-01..1999-09-30,pubL7,PUBModel,PUR,peijun_li,200,1,1,historical,ctx_mean,-0.583353,,,,,,,531,1461,pubL7_peijun_li_PUR_e200_s1
peijun_li,Peijun Li Ensemble,531,1980-10-01..1999-09-30,1995-10-01..1999-09-30,pubL7,PUBModel,PUR,peijun_li,200,1,1,historical,nn_donor,-0.583353,,,,,,,531,1461,pubL7_peijun_li_PUR_e200_s1
peijun_li,Peijun Li Ensemble,531,1980-10-01..1999-09-30,1995-10-01..1999-09-30,pubL7,PUBModel,PUR,peijun_li,200,1,2,historical,model,0.615883,0.615572,0.839764,-0.018707,1.465762,-14.499556,9.479569,531,1461,pubL7_peijun_li_PUR_e200_s1
peijun_li,Peijun Li Ensemble,531,1980-10-01..1999-09-30,1995-10-01..1999-09-30,pubL7,PUBModel,PUR,peijun_li,200,1,2,historical,idw,-0.525964,,,,,,,531,1461,pubL7_peijun_li_PUR_e200_s1
peijun_li,Peijun Li Ensemble,531,1980-10-01..1999-09-30,1995-10-01..1999-09-30,pubL7,PUBModel,PUR,peijun_li,200,1,2,historical,ctx_mean,-0.506492,,,,,,,531,1461,pubL7_peijun_li_PUR_e200_s1
peijun_li,Peijun Li Ensemble,531,1980-10-01..1999-09-30,1995-10-01..1999-09-30,pubL7,PUBModel,PUR,peijun_li,200,1,2,historical,nn_donor,-0.583353,,,,,,,531,1461,pubL7_peijun_li_PUR_e200_s1
peijun_li,Peijun Li Ensemble,531,1980-10-01..1999-09-30,1995-10-01..1999-09-30,pubL7,PUBModel,PUR,peijun_li,200,1,4,historical,model,0.62024,0.618526,0.842024,-0.017807,1.425816,-14.758193,9.612643,531,1461,pubL7_peijun_li_PUR_e200_s1
peijun_li,Peijun Li Ensemble,531,1980-10-01..1999-09-30,1995-10-01..1999-09-30,pubL7,PUBModel,PUR,peijun_li,200,1,4,historical,idw,-0.467869,,,,,,,531,1461,pubL7_peijun_li_PUR_e200_s1
peijun_li,Peijun Li Ensemble,531,1980-10-01..1999-09-30,1995-10-01..1999-09-30,pubL7,PUBModel,PUR,peijun_li,200,1,4,historical,ctx_mean,-0.451932,,,,,,,531,1461,pubL7_peijun_li_PUR_e200_s1
peijun_li,Peijun Li Ensemble,531,1980-10-01..1999-09-30,1995-10-01..1999-09-30,pubL7,PUBModel,PUR,peijun_li,200,1,4,historical,nn_donor,-0.583353,,,,,,,531,1461,pubL7_peijun_li_PUR_e200_s1
peijun_li,Peijun Li Ensemble,531,1980-10-01..1999-09-30,1995-10-01..1999-09-30,pubL7,PUBModel,PUR,peijun_li,200,1,8,historical,model,0.619841,0.623841,0.841875,-0.020417,1.419894,-14.307317,9.388465,531,1461,pubL7_peijun_li_PUR_e200_s1
peijun_li,Peijun Li Ensemble,531,1980-10-01..1999-09-30,1995-10-01..1999-09-30,pubL7,PUBModel,PUR,peijun_li,200,1,8,historical,idw,-0.437804,,,,,,,531,1461,pubL7_peijun_li_PUR_e200_s1
peijun_li,Peijun Li Ensemble,531,1980-10-01..1999-09-30,1995-10-01..1999-09-30,pubL7,PUBModel,PUR,peijun_li,200,1,8,historical,ctx_mean,-0.391002,,,,,,,531,1461,pubL7_peijun_li_PUR_e200_s1
peijun_li,Peijun Li Ensemble,531,1980-10-01..1999-09-30,1995-10-01..1999-09-30,pubL7,PUBModel,PUR,peijun_li,200,1,8,historical,nn_donor,-0.583353,,,,,,,531,1461,pubL7_peijun_li_PUR_e200_s1
peijun_li,Peijun Li Ensemble,531,1980-10-01..1999-09-30,1995-10-01..1999-09-30,pubL7,PUBModel,PUR,peijun_li,200,2,0,historical,model,0.490676,0.521756,0.767879,-0.051294,1.769115,-24.910979,22.251644,531,1461,pubL7_peijun_li_PUR_e200_s2
peijun_li,Peijun Li Ensemble,531,1980-10-01..1999-09-30,1995-10-01..1999-09-30,pubL7,PUBModel,PUR,peijun_li,200,2,1,historical,model,0.606208,0.623172,0.841402,-0.019741,1.516622,-15.045211,12.150974,531,1461,pubL7_peijun_li_PUR_e200_s2
peijun_li,Peijun Li Ensemble,531,1980-10-01..1999-09-30,1995-10-01..1999-09-30,pubL7,PUBModel,PUR,peijun_li,200,2,1,historical,idw,-0.583353,,,,,,,531,1461,pubL7_peijun_li_PUR_e200_s2
peijun_li,Peijun Li Ensemble,531,1980-10-01..1999-09-30,1995-10-01..1999-09-30,pubL7,PUBModel,PUR,peijun_li,200,2,1,historical,ctx_mean,-0.583353,,,,,,,531,1461,pubL7_peijun_li_PUR_e200_s2
peijun_li,Peijun Li Ensemble,531,1980-10-01..1999-09-30,1995-10-01..1999-09-30,pubL7,PUBModel,PUR,peijun_li,200,2,1,historical,nn_donor,-0.583353,,,,,,,531,1461,pubL7_peijun_li_PUR_e200_s2
peijun_li,Peijun Li Ensemble,531,1980-10-01..1999-09-30,1995-10-01..1999-09-30,pubL7,PUBModel,PUR,peijun_li,200,2,2,historical,model,0.622208,0.625261,0.845337,-0.015741,1.494088,-14.578561,8.061065,531,1461,pubL7_peijun_li_PUR_e200_s2
peijun_li,Peijun Li Ensemble,531,1980-10-01..1999-09-30,1995-10-01..1999-09-30,pubL7,PUBModel,PUR,peijun_li,200,2,2,historical,idw,-0.525964,,,,,,,531,1461,pubL7_peijun_li_PUR_e200_s2
peijun_li,Peijun Li Ensemble,531,1980-10-01..1999-09-30,1995-10-01..1999-09-30,pubL7,PUBModel,PUR,peijun_li,200,2,2,historical,ctx_mean,-0.506492,,,,,,,531,1461,pubL7_peijun_li_PUR_e200_s2
peijun_li,Peijun Li Ensemble,531,1980-10-01..1999-09-30,1995-10-01..1999-09-30,pubL7,PUBModel,PUR,peijun_li,200,2,2,historical,nn_donor,-0.583353,,,,,,,531,1461,pubL7_peijun_li_PUR_e200_s2
peijun_li,Peijun Li Ensemble,531,1980-10-01..1999-09-30,1995-10-01..1999-09-30,pubL7,PUBModel,PUR,peijun_li,200,2,4,historical,model,0.620814,0.625446,0.846058,-0.018582,1.480132,-13.644442,7.054587,531,1461,pubL7_peijun_li_PUR_e200_s2
peijun_li,Peijun Li Ensemble,531,1980-10-01..1999-09-30,1995-10-01..1999-09-30,pubL7,PUBModel,PUR,peijun_li,200,2,4,historical,idw,-0.467869,,,,,,,531,1461,pubL7_peijun_li_PUR_e200_s2
peijun_li,Peijun Li Ensemble,531,1980-10-01..1999-09-30,1995-10-01..1999-09-30,pubL7,PUBModel,PUR,peijun_li,200,2,4,historical,ctx_mean,-0.451932,,,,,,,531,1461,pubL7_peijun_li_PUR_e200_s2
peijun_li,Peijun Li Ensemble,531,1980-10-01..1999-09-30,1995-10-01..1999-09-30,pubL7,PUBModel,PUR,peijun_li,200,2,4,historical,nn_donor,-0.583353,,,,,,,531,1461,pubL7_peijun_li_PUR_e200_s2
peijun_li,Peijun Li Ensemble,531,1980-10-01..1999-09-30,1995-10-01..1999-09-30,pubL7,PUBModel,PUR,peijun_li,200,2,8,historical,model,0.623077,0.622508,0.844215,-0.015344,1.486934,-13.599506,5.93502,531,1461,pubL7_peijun_li_PUR_e200_s2
peijun_li,Peijun Li Ensemble,531,1980-10-01..1999-09-30,1995-10-01..1999-09-30,pubL7,PUBModel,PUR,peijun_li,200,2,8,historical,idw,-0.437804,,,,,,,531,1461,pubL7_peijun_li_PUR_e200_s2
peijun_li,Peijun Li Ensemble,531,1980-10-01..1999-09-30,1995-10-01..1999-09-30,pubL7,PUBModel,PUR,peijun_li,200,2,8,historical,ctx_mean,-0.391002,,,,,,,531,1461,pubL7_peijun_li_PUR_e200_s2
peijun_li,Peijun Li Ensemble,531,1980-10-01..1999-09-30,1995-10-01..1999-09-30,pubL7,PUBModel,PUR,peijun_li,200,2,8,historical,nn_donor,-0.583353,,,,,,,531,1461,pubL7_peijun_li_PUR_e200_s2
feng2023,Dapeng Feng 2023,531,1989-10-01..1999-09-30,1989-10-01..1999-09-30,pubNoPool,PUBModel,PUB,feng2023,200,0,0,concurrent,model,0.547223,0.602342,0.778506,0.00069,1.68847,-20.92095,27.713003,531,3652,pubNoPool_feng2023_PUB_e200_s0
feng2023,Dapeng Feng 2023,531,1989-10-01..1999-09-30,1989-10-01..1999-09-30,pubNoPool,PUBModel,PUB,feng2023,200,0,1,concurrent,model,0.693509,0.702958,0.875006,-0.00238,1.316112,-7.48687,4.038432,531,3652,pubNoPool_feng2023_PUB_e200_s0
feng2023,Dapeng Feng 2023,531,1989-10-01..1999-09-30,1989-10-01..1999-09-30,pubNoPool,PUBModel,PUB,feng2023,200,0,1,concurrent,idw,0.539792,,,,,,,531,3652,pubNoPool_feng2023_PUB_e200_s0
feng2023,Dapeng Feng 2023,531,1989-10-01..1999-09-30,1989-10-01..1999-09-30,pubNoPool,PUBModel,PUB,feng2023,200,0,1,concurrent,ctx_mean,0.539792,,,,,,,531,3652,pubNoPool_feng2023_PUB_e200_s0
feng2023,Dapeng Feng 2023,531,1989-10-01..1999-09-30,1989-10-01..1999-09-30,pubNoPool,PUBModel,PUB,feng2023,200,0,1,concurrent,nn_donor,0.539792,,,,,,,531,3652,pubNoPool_feng2023_PUB_e200_s0
feng2023,Dapeng Feng 2023,531,1989-10-01..1999-09-30,1989-10-01..1999-09-30,pubNoPool,PUBModel,PUB,feng2023,200,0,2,concurrent,model,0.711979,0.714603,0.88246,-0.001988,1.295578,-8.12014,3.993696,531,3652,pubNoPool_feng2023_PUB_e200_s0
feng2023,Dapeng Feng 2023,531,1989-10-01..1999-09-30,1989-10-01..1999-09-30,pubNoPool,PUBModel,PUB,feng2023,200,0,2,concurrent,idw,0.601359,,,,,,,531,3652,pubNoPool_feng2023_PUB_e200_s0
feng2023,Dapeng Feng 2023,531,1989-10-01..1999-09-30,1989-10-01..1999-09-30,pubNoPool,PUBModel,PUB,feng2023,200,0,2,concurrent,ctx_mean,0.576018,,,,,,,531,3652,pubNoPool_feng2023_PUB_e200_s0
feng2023,Dapeng Feng 2023,531,1989-10-01..1999-09-30,1989-10-01..1999-09-30,pubNoPool,PUBModel,PUB,feng2023,200,0,2,concurrent,nn_donor,0.539792,,,,,,,531,3652,pubNoPool_feng2023_PUB_e200_s0
feng2023,Dapeng Feng 2023,531,1989-10-01..1999-09-30,1989-10-01..1999-09-30,pubNoPool,PUBModel,PUB,feng2023,200,0,4,concurrent,model,0.72249,0.721132,0.886084,-0.005027,1.263468,-9.215819,4.622642,531,3652,pubNoPool_feng2023_PUB_e200_s0
feng2023,Dapeng Feng 2023,531,1989-10-01..1999-09-30,1989-10-01..1999-09-30,pubNoPool,PUBModel,PUB,feng2023,200,0,4,concurrent,idw,0.627394,,,,,,,531,3652,pubNoPool_feng2023_PUB_e200_s0
feng2023,Dapeng Feng 2023,531,1989-10-01..1999-09-30,1989-10-01..1999-09-30,pubNoPool,PUBModel,PUB,feng2023,200,0,4,concurrent,ctx_mean,0.579662,,,,,,,531,3652,pubNoPool_feng2023_PUB_e200_s0
feng2023,Dapeng Feng 2023,531,1989-10-01..1999-09-30,1989-10-01..1999-09-30,pubNoPool,PUBModel,PUB,feng2023,200,0,4,concurrent,nn_donor,0.539792,,,,,,,531,3652,pubNoPool_feng2023_PUB_e200_s0
feng2023,Dapeng Feng 2023,531,1989-10-01..1999-09-30,1989-10-01..1999-09-30,pubNoPool,PUBModel,PUB,feng2023,200,0,8,concurrent,model,0.723926,0.716984,0.886028,0.003318,1.26299,-8.628481,5.48286,531,3652,pubNoPool_feng2023_PUB_e200_s0
feng2023,Dapeng Feng 2023,531,1989-10-01..1999-09-30,1989-10-01..1999-09-30,pubNoPool,PUBModel,PUB,feng2023,200,0,8,concurrent,idw,0.629379,,,,,,,531,3652,pubNoPool_feng2023_PUB_e200_s0
feng2023,Dapeng Feng 2023,531,1989-10-01..1999-09-30,1989-10-01..1999-09-30,pubNoPool,PUBModel,PUB,feng2023,200,0,8,concurrent,ctx_mean,0.546594,,,,,,,531,3652,pubNoPool_feng2023_PUB_e200_s0
feng2023,Dapeng Feng 2023,531,1989-10-01..1999-09-30,1989-10-01..1999-09-30,pubNoPool,PUBModel,PUB,feng2023,200,0,8,concurrent,nn_donor,0.539792,,,,,,,531,3652,pubNoPool_feng2023_PUB_e200_s0
feng2023,Dapeng Feng 2023,531,1989-10-01..1999-09-30,1989-10-01..1999-09-30,pubNoPool,PUBModel,PUR,feng2023,200,0,0,concurrent,model,0.406684,0.483769,0.689061,-0.046469,1.915742,-30.005193,24.517684,531,3652,pubNoPool_feng2023_PUR_e200_s0
feng2023,Dapeng Feng 2023,531,1989-10-01..1999-09-30,1989-10-01..1999-09-30,pubNoPool,PUBModel,PUR,feng2023,200,0,1,concurrent,model,0.63809,0.641527,0.8537,-0.028167,1.423362,-12.659697,4.356984,531,3652,pubNoPool_feng2023_PUR_e200_s0
feng2023,Dapeng Feng 2023,531,1989-10-01..1999-09-30,1989-10-01..1999-09-30,pubNoPool,PUBModel,PUR,feng2023,200,0,1,concurrent,idw,0.539792,,,,,,,531,3652,pubNoPool_feng2023_PUR_e200_s0
feng2023,Dapeng Feng 2023,531,1989-10-01..1999-09-30,1989-10-01..1999-09-30,pubNoPool,PUBModel,PUR,feng2023,200,0,1,concurrent,ctx_mean,0.539792,,,,,,,531,3652,pubNoPool_feng2023_PUR_e200_s0
feng2023,Dapeng Feng 2023,531,1989-10-01..1999-09-30,1989-10-01..1999-09-30,pubNoPool,PUBModel,PUR,feng2023,200,0,1,concurrent,nn_donor,0.539792,,,,,,,531,3652,pubNoPool_feng2023_PUR_e200_s0
feng2023,Dapeng Feng 2023,531,1989-10-01..1999-09-30,1989-10-01..1999-09-30,pubNoPool,PUBModel,PUR,feng2023,200,0,2,concurrent,model,0.661612,0.651094,0.860093,-0.03177,1.405623,-14.338457,5.920331,531,3652,pubNoPool_feng2023_PUR_e200_s0
feng2023,Dapeng Feng 2023,531,1989-10-01..1999-09-30,1989-10-01..1999-09-30,pubNoPool,PUBModel,PUR,feng2023,200,0,2,concurrent,idw,0.601359,,,,,,,531,3652,pubNoPool_feng2023_PUR_e200_s0
feng2023,Dapeng Feng 2023,531,1989-10-01..1999-09-30,1989-10-01..1999-09-30,pubNoPool,PUBModel,PUR,feng2023,200,0,2,concurrent,ctx_mean,0.576018,,,,,,,531,3652,pubNoPool_feng2023_PUR_e200_s0
feng2023,Dapeng Feng 2023,531,1989-10-01..1999-09-30,1989-10-01..1999-09-30,pubNoPool,PUBModel,PUR,feng2023,200,0,2,concurrent,nn_donor,0.539792,,,,,,,531,3652,pubNoPool_feng2023_PUR_e200_s0
feng2023,Dapeng Feng 2023,531,1989-10-01..1999-09-30,1989-10-01..1999-09-30,pubNoPool,PUBModel,PUR,feng2023,200,0,4,concurrent,model,0.668196,0.652471,0.863322,-0.033652,1.351209,-14.162989,7.032349,531,3652,pubNoPool_feng2023_PUR_e200_s0
feng2023,Dapeng Feng 2023,531,1989-10-01..1999-09-30,1989-10-01..1999-09-30,pubNoPool,PUBModel,PUR,feng2023,200,0,4,concurrent,idw,0.627394,,,,,,,531,3652,pubNoPool_feng2023_PUR_e200_s0
feng2023,Dapeng Feng 2023,531,1989-10-01..1999-09-30,1989-10-01..1999-09-30,pubNoPool,PUBModel,PUR,feng2023,200,0,4,concurrent,ctx_mean,0.579662,,,,,,,531,3652,pubNoPool_feng2023_PUR_e200_s0
feng2023,Dapeng Feng 2023,531,1989-10-01..1999-09-30,1989-10-01..1999-09-30,pubNoPool,PUBModel,PUR,feng2023,200,0,4,concurrent,nn_donor,0.539792,,,,,,,531,3652,pubNoPool_feng2023_PUR_e200_s0
feng2023,Dapeng Feng 2023,531,1989-10-01..1999-09-30,1989-10-01..1999-09-30,pubNoPool,PUBModel,PUR,feng2023,200,0,8,concurrent,model,0.665781,0.652749,0.863772,-0.031476,1.360963,-14.733388,10.721762,531,3652,pubNoPool_feng2023_PUR_e200_s0
feng2023,Dapeng Feng 2023,531,1989-10-01..1999-09-30,1989-10-01..1999-09-30,pubNoPool,PUBModel,PUR,feng2023,200,0,8,concurrent,idw,0.629379,,,,,,,531,3652,pubNoPool_feng2023_PUR_e200_s0
feng2023,Dapeng Feng 2023,531,1989-10-01..1999-09-30,1989-10-01..1999-09-30,pubNoPool,PUBModel,PUR,feng2023,200,0,8,concurrent,ctx_mean,0.546594,,,,,,,531,3652,pubNoPool_feng2023_PUR_e200_s0
feng2023,Dapeng Feng 2023,531,1989-10-01..1999-09-30,1989-10-01..1999-09-30,pubNoPool,PUBModel,PUR,feng2023,200,0,8,concurrent,nn_donor,0.539792,,,,,,,531,3652,pubNoPool_feng2023_PUR_e200_s0
leo10_531,10 years 531 Leo,531,1999-10-01..2008-09-30,1989-10-01..1999-09-30,pubNoPool,PUBModel,temporal,leo10_531,200,0,0,concurrent,model,0.442199,0.487499,0.692921,-0.142664,1.897818,-37.487288,13.398242,531,3652,pubNoPool_leo10_531_temporal_e200_s0
leo10_531,10 years 531 Leo,531,1999-10-01..2008-09-30,1989-10-01..1999-09-30,pubNoPool,PUBModel,temporal,leo10_531,200,0,1,concurrent,model,0.720308,0.723708,0.867039,-0.06256,1.264593,-17.386037,-0.238283,531,3652,pubNoPool_leo10_531_temporal_e200_s0
leo10_531,10 years 531 Leo,531,1999-10-01..2008-09-30,1989-10-01..1999-09-30,pubNoPool,PUBModel,temporal,leo10_531,200,0,1,concurrent,idw,0.539792,,,,,,,531,3652,pubNoPool_leo10_531_temporal_e200_s0
leo10_531,10 years 531 Leo,531,1999-10-01..2008-09-30,1989-10-01..1999-09-30,pubNoPool,PUBModel,temporal,leo10_531,200,0,1,concurrent,ctx_mean,0.539792,,,,,,,531,3652,pubNoPool_leo10_531_temporal_e200_s0
leo10_531,10 years 531 Leo,531,1999-10-01..2008-09-30,1989-10-01..1999-09-30,pubNoPool,PUBModel,temporal,leo10_531,200,0,1,concurrent,nn_donor,0.539792,,,,,,,531,3652,pubNoPool_leo10_531_temporal_e200_s0
leo10_531,10 years 531 Leo,531,1999-10-01..2008-09-30,1989-10-01..1999-09-30,pubNoPool,PUBModel,temporal,leo10_531,200,0,2,concurrent,model,0.747812,0.741005,0.883788,-0.062508,1.215153,-17.052189,-0.66875,531,3652,pubNoPool_leo10_531_temporal_e200_s0
leo10_531,10 years 531 Leo,531,1999-10-01..2008-09-30,1989-10-01..1999-09-30,pubNoPool,PUBModel,temporal,leo10_531,200,0,2,concurrent,idw,0.601359,,,,,,,531,3652,pubNoPool_leo10_531_temporal_e200_s0
leo10_531,10 years 531 Leo,531,1999-10-01..2008-09-30,1989-10-01..1999-09-30,pubNoPool,PUBModel,temporal,leo10_531,200,0,2,concurrent,ctx_mean,0.576018,,,,,,,531,3652,pubNoPool_leo10_531_temporal_e200_s0
leo10_531,10 years 531 Leo,531,1999-10-01..2008-09-30,1989-10-01..1999-09-30,pubNoPool,PUBModel,temporal,leo10_531,200,0,2,concurrent,nn_donor,0.539792,,,,,,,531,3652,pubNoPool_leo10_531_temporal_e200_s0
leo10_531,10 years 531 Leo,531,1999-10-01..2008-09-30,1989-10-01..1999-09-30,pubNoPool,PUBModel,temporal,leo10_531,200,0,4,concurrent,model,0.758914,0.747346,0.888337,-0.059298,1.202335,-17.18174,-0.037596,531,3652,pubNoPool_leo10_531_temporal_e200_s0
leo10_531,10 years 531 Leo,531,1999-10-01..2008-09-30,1989-10-01..1999-09-30,pubNoPool,PUBModel,temporal,leo10_531,200,0,4,concurrent,idw,0.627394,,,,,,,531,3652,pubNoPool_leo10_531_temporal_e200_s0
leo10_531,10 years 531 Leo,531,1999-10-01..2008-09-30,1989-10-01..1999-09-30,pubNoPool,PUBModel,temporal,leo10_531,200,0,4,concurrent,ctx_mean,0.579662,,,,,,,531,3652,pubNoPool_leo10_531_temporal_e200_s0
leo10_531,10 years 531 Leo,531,1999-10-01..2008-09-30,1989-10-01..1999-09-30,pubNoPool,PUBModel,temporal,leo10_531,200,0,4,concurrent,nn_donor,0.539792,,,,,,,531,3652,pubNoPool_leo10_531_temporal_e200_s0
leo10_531,10 years 531 Leo,531,1999-10-01..2008-09-30,1989-10-01..1999-09-30,pubNoPool,PUBModel,temporal,leo10_531,200,0,8,concurrent,model,0.761037,0.742778,0.889495,-0.055375,1.197912,-17.296306,-0.081037,531,3652,pubNoPool_leo10_531_temporal_e200_s0
leo10_531,10 years 531 Leo,531,1999-10-01..2008-09-30,1989-10-01..1999-09-30,pubNoPool,PUBModel,temporal,leo10_531,200,0,8,concurrent,idw,0.629379,,,,,,,531,3652,pubNoPool_leo10_531_temporal_e200_s0
leo10_531,10 years 531 Leo,531,1999-10-01..2008-09-30,1989-10-01..1999-09-30,pubNoPool,PUBModel,temporal,leo10_531,200,0,8,concurrent,ctx_mean,0.546594,,,,,,,531,3652,pubNoPool_leo10_531_temporal_e200_s0
leo10_531,10 years 531 Leo,531,1999-10-01..2008-09-30,1989-10-01..1999-09-30,pubNoPool,PUBModel,temporal,leo10_531,200,0,8,concurrent,nn_donor,0.539792,,,,,,,531,3652,pubNoPool_leo10_531_temporal_e200_s0
leo15_531,15 years 531 (legacy temporal),531,1980-10-01..1995-09-30,1995-10-01..2010-09-30,pubNoPool,PUBModel,temporal,leo15_531,200,0,0,concurrent,model,0.469984,0.535039,0.70334,-0.033971,1.716962,-30.391205,32.328247,531,5479,pubNoPool_leo15_531_temporal_e200_s0
leo15_531,15 years 531 (legacy temporal),531,1980-10-01..1995-09-30,1995-10-01..2010-09-30,pubNoPool,PUBModel,temporal,leo15_531,200,0,1,concurrent,model,0.732639,0.757532,0.868846,-0.021639,1.201129,-12.859321,9.964646,531,5479,pubNoPool_leo15_531_temporal_e200_s0
leo15_531,15 years 531 (legacy temporal),531,1980-10-01..1995-09-30,1995-10-01..2010-09-30,pubNoPool,PUBModel,temporal,leo15_531,200,0,1,concurrent,idw,0.536529,,,,,,,531,5479,pubNoPool_leo15_531_temporal_e200_s0
leo15_531,15 years 531 (legacy temporal),531,1980-10-01..1995-09-30,1995-10-01..2010-09-30,pubNoPool,PUBModel,temporal,leo15_531,200,0,1,concurrent,ctx_mean,0.536529,,,,,,,531,5479,pubNoPool_leo15_531_temporal_e200_s0
leo15_531,15 years 531 (legacy temporal),531,1980-10-01..1995-09-30,1995-10-01..2010-09-30,pubNoPool,PUBModel,temporal,leo15_531,200,0,1,concurrent,nn_donor,0.536529,,,,,,,531,5479,pubNoPool_leo15_531_temporal_e200_s0
leo15_531,15 years 531 (legacy temporal),531,1980-10-01..1995-09-30,1995-10-01..2010-09-30,pubNoPool,PUBModel,temporal,leo15_531,200,0,2,concurrent,model,0.75141,0.763738,0.881278,-0.024011,1.152984,-12.481012,10.420237,531,5479,pubNoPool_leo15_531_temporal_e200_s0
leo15_531,15 years 531 (legacy temporal),531,1980-10-01..1995-09-30,1995-10-01..2010-09-30,pubNoPool,PUBModel,temporal,leo15_531,200,0,2,concurrent,idw,0.611843,,,,,,,531,5479,pubNoPool_leo15_531_temporal_e200_s0
leo15_531,15 years 531 (legacy temporal),531,1980-10-01..1995-09-30,1995-10-01..2010-09-30,pubNoPool,PUBModel,temporal,leo15_531,200,0,2,concurrent,ctx_mean,0.584399,,,,,,,531,5479,pubNoPool_leo15_531_temporal_e200_s0
leo15_531,15 years 531 (legacy temporal),531,1980-10-01..1995-09-30,1995-10-01..2010-09-30,pubNoPool,PUBModel,temporal,leo15_531,200,0,2,concurrent,nn_donor,0.536529,,,,,,,531,5479,pubNoPool_leo15_531_temporal_e200_s0
leo15_531,15 years 531 (legacy temporal),531,1980-10-01..1995-09-30,1995-10-01..2010-09-30,pubNoPool,PUBModel,temporal,leo15_531,200,0,4,concurrent,model,0.762797,0.770383,0.885378,-0.020841,1.130564,-12.428321,10.611279,531,5479,pubNoPool_leo15_531_temporal_e200_s0
leo15_531,15 years 531 (legacy temporal),531,1980-10-01..1995-09-30,1995-10-01..2010-09-30,pubNoPool,PUBModel,temporal,leo15_531,200,0,4,concurrent,idw,0.633249,,,,,,,531,5479,pubNoPool_leo15_531_temporal_e200_s0
leo15_531,15 years 531 (legacy temporal),531,1980-10-01..1995-09-30,1995-10-01..2010-09-30,pubNoPool,PUBModel,temporal,leo15_531,200,0,4,concurrent,ctx_mean,0.570549,,,,,,,531,5479,pubNoPool_leo15_531_temporal_e200_s0
leo15_531,15 years 531 (legacy temporal),531,1980-10-01..1995-09-30,1995-10-01..2010-09-30,pubNoPool,PUBModel,temporal,leo15_531,200,0,4,concurrent,nn_donor,0.536529,,,,,,,531,5479,pubNoPool_leo15_531_temporal_e200_s0
leo15_531,15 years 531 (legacy temporal),531,1980-10-01..1995-09-30,1995-10-01..2010-09-30,pubNoPool,PUBModel,temporal,leo15_531,200,0,8,concurrent,model,0.763499,0.770655,0.886815,-0.020373,1.113396,-12.582367,9.856029,531,5479,pubNoPool_leo15_531_temporal_e200_s0
leo15_531,15 years 531 (legacy temporal),531,1980-10-01..1995-09-30,1995-10-01..2010-09-30,pubNoPool,PUBModel,temporal,leo15_531,200,0,8,concurrent,idw,0.633516,,,,,,,531,5479,pubNoPool_leo15_531_temporal_e200_s0
leo15_531,15 years 531 (legacy temporal),531,1980-10-01..1995-09-30,1995-10-01..2010-09-30,pubNoPool,PUBModel,temporal,leo15_531,200,0,8,concurrent,ctx_mean,0.530109,,,,,,,531,5479,pubNoPool_leo15_531_temporal_e200_s0
leo15_531,15 years 531 (legacy temporal),531,1980-10-01..1995-09-30,1995-10-01..2010-09-30,pubNoPool,PUBModel,temporal,leo15_531,200,0,8,concurrent,nn_donor,0.536529,,,,,,,531,5479,pubNoPool_leo15_531_temporal_e200_s0
leo15_671,15 years 671 Leo,671,1980-10-01..1995-09-30,1995-10-01..2010-09-30,pubNoPool,PUBModel,temporal,leo15_671,200,0,0,concurrent,model,0.455658,0.520128,0.698942,-0.009245,1.631852,-30.65139,39.92362,671,5479,pubNoPool_leo15_671_temporal_e200_s0
leo15_671,15 years 671 Leo,671,1980-10-01..1995-09-30,1995-10-01..2010-09-30,pubNoPool,PUBModel,temporal,leo15_671,200,0,1,concurrent,model,0.701938,0.726533,0.862138,-0.011029,1.142291,-13.117636,7.707761,671,5479,pubNoPool_leo15_671_temporal_e200_s0
leo15_671,15 years 671 Leo,671,1980-10-01..1995-09-30,1995-10-01..2010-09-30,pubNoPool,PUBModel,temporal,leo15_671,200,0,1,concurrent,idw,0.509222,,,,,,,671,5479,pubNoPool_leo15_671_temporal_e200_s0
leo15_671,15 years 671 Leo,671,1980-10-01..1995-09-30,1995-10-01..2010-09-30,pubNoPool,PUBModel,temporal,leo15_671,200,0,1,concurrent,ctx_mean,0.509222,,,,,,,671,5479,pubNoPool_leo15_671_temporal_e200_s0
leo15_671,15 years 671 Leo,671,1980-10-01..1995-09-30,1995-10-01..2010-09-30,pubNoPool,PUBModel,temporal,leo15_671,200,0,1,concurrent,nn_donor,0.509222,,,,,,,671,5479,pubNoPool_leo15_671_temporal_e200_s0
leo15_671,15 years 671 Leo,671,1980-10-01..1995-09-30,1995-10-01..2010-09-30,pubNoPool,PUBModel,temporal,leo15_671,200,0,2,concurrent,model,0.724963,0.738985,0.873915,-0.018641,1.092458,-13.740173,8.752445,671,5479,pubNoPool_leo15_671_temporal_e200_s0
leo15_671,15 years 671 Leo,671,1980-10-01..1995-09-30,1995-10-01..2010-09-30,pubNoPool,PUBModel,temporal,leo15_671,200,0,2,concurrent,idw,0.590126,,,,,,,671,5479,pubNoPool_leo15_671_temporal_e200_s0
leo15_671,15 years 671 Leo,671,1980-10-01..1995-09-30,1995-10-01..2010-09-30,pubNoPool,PUBModel,temporal,leo15_671,200,0,2,concurrent,ctx_mean,0.565166,,,,,,,671,5479,pubNoPool_leo15_671_temporal_e200_s0
leo15_671,15 years 671 Leo,671,1980-10-01..1995-09-30,1995-10-01..2010-09-30,pubNoPool,PUBModel,temporal,leo15_671,200,0,2,concurrent,nn_donor,0.509222,,,,,,,671,5479,pubNoPool_leo15_671_temporal_e200_s0
leo15_671,15 years 671 Leo,671,1980-10-01..1995-09-30,1995-10-01..2010-09-30,pubNoPool,PUBModel,temporal,leo15_671,200,0,4,concurrent,model,0.737715,0.743774,0.878886,-0.013694,1.058251,-13.702573,10.191663,671,5479,pubNoPool_leo15_671_temporal_e200_s0
leo15_671,15 years 671 Leo,671,1980-10-01..1995-09-30,1995-10-01..2010-09-30,pubNoPool,PUBModel,temporal,leo15_671,200,0,4,concurrent,idw,0.610245,,,,,,,671,5479,pubNoPool_leo15_671_temporal_e200_s0
leo15_671,15 years 671 Leo,671,1980-10-01..1995-09-30,1995-10-01..2010-09-30,pubNoPool,PUBModel,temporal,leo15_671,200,0,4,concurrent,ctx_mean,0.559254,,,,,,,671,5479,pubNoPool_leo15_671_temporal_e200_s0
leo15_671,15 years 671 Leo,671,1980-10-01..1995-09-30,1995-10-01..2010-09-30,pubNoPool,PUBModel,temporal,leo15_671,200,0,4,concurrent,nn_donor,0.509222,,,,,,,671,5479,pubNoPool_leo15_671_temporal_e200_s0
leo15_671,15 years 671 Leo,671,1980-10-01..1995-09-30,1995-10-01..2010-09-30,pubNoPool,PUBModel,temporal,leo15_671,200,0,8,concurrent,model,0.742318,0.747076,0.879617,-0.010872,1.050605,-13.85383,11.289262,671,5479,pubNoPool_leo15_671_temporal_e200_s0
leo15_671,15 years 671 Leo,671,1980-10-01..1995-09-30,1995-10-01..2010-09-30,pubNoPool,PUBModel,temporal,leo15_671,200,0,8,concurrent,idw,0.621943,,,,,,,671,5479,pubNoPool_leo15_671_temporal_e200_s0
leo15_671,15 years 671 Leo,671,1980-10-01..1995-09-30,1995-10-01..2010-09-30,pubNoPool,PUBModel,temporal,leo15_671,200,0,8,concurrent,ctx_mean,0.51848,,,,,,,671,5479,pubNoPool_leo15_671_temporal_e200_s0
leo15_671,15 years 671 Leo,671,1980-10-01..1995-09-30,1995-10-01..2010-09-30,pubNoPool,PUBModel,temporal,leo15_671,200,0,8,concurrent,nn_donor,0.509222,,,,,,,671,5479,pubNoPool_leo15_671_temporal_e200_s0
peijun_li,Peijun Li Ensemble,531,1980-10-01..1999-09-30,1995-10-01..1999-09-30,pubNoPool,PUBModel,PUB,peijun_li,200,0,0,concurrent,model,0.525111,0.580153,0.764201,-0.03114,1.709256,-21.754908,17.392833,531,1461,pubNoPool_peijun_li_PUB_e200_s0
peijun_li,Peijun Li Ensemble,531,1980-10-01..1999-09-30,1995-10-01..1999-09-30,pubNoPool,PUBModel,PUB,peijun_li,200,0,1,concurrent,model,0.711262,0.681604,0.882571,-0.012635,1.294438,-8.942699,7.806765,531,1461,pubNoPool_peijun_li_PUB_e200_s0
peijun_li,Peijun Li Ensemble,531,1980-10-01..1999-09-30,1995-10-01..1999-09-30,pubNoPool,PUBModel,PUB,peijun_li,200,0,1,concurrent,idw,0.552786,,,,,,,531,1461,pubNoPool_peijun_li_PUB_e200_s0
peijun_li,Peijun Li Ensemble,531,1980-10-01..1999-09-30,1995-10-01..1999-09-30,pubNoPool,PUBModel,PUB,peijun_li,200,0,1,concurrent,ctx_mean,0.552786,,,,,,,531,1461,pubNoPool_peijun_li_PUB_e200_s0
peijun_li,Peijun Li Ensemble,531,1980-10-01..1999-09-30,1995-10-01..1999-09-30,pubNoPool,PUBModel,PUB,peijun_li,200,0,1,concurrent,nn_donor,0.552786,,,,,,,531,1461,pubNoPool_peijun_li_PUB_e200_s0
peijun_li,Peijun Li Ensemble,531,1980-10-01..1999-09-30,1995-10-01..1999-09-30,pubNoPool,PUBModel,PUB,peijun_li,200,0,2,concurrent,model,0.724011,0.69479,0.892331,-0.011011,1.226823,-9.121747,6.575643,531,1461,pubNoPool_peijun_li_PUB_e200_s0
peijun_li,Peijun Li Ensemble,531,1980-10-01..1999-09-30,1995-10-01..1999-09-30,pubNoPool,PUBModel,PUB,peijun_li,200,0,2,concurrent,idw,0.623367,,,,,,,531,1461,pubNoPool_peijun_li_PUB_e200_s0
peijun_li,Peijun Li Ensemble,531,1980-10-01..1999-09-30,1995-10-01..1999-09-30,pubNoPool,PUBModel,PUB,peijun_li,200,0,2,concurrent,ctx_mean,0.600009,,,,,,,531,1461,pubNoPool_peijun_li_PUB_e200_s0
peijun_li,Peijun Li Ensemble,531,1980-10-01..1999-09-30,1995-10-01..1999-09-30,pubNoPool,PUBModel,PUB,peijun_li,200,0,2,concurrent,nn_donor,0.552786,,,,,,,531,1461,pubNoPool_peijun_li_PUB_e200_s0
peijun_li,Peijun Li Ensemble,531,1980-10-01..1999-09-30,1995-10-01..1999-09-30,pubNoPool,PUBModel,PUB,peijun_li,200,0,4,concurrent,model,0.733637,0.705221,0.892909,-0.015645,1.220084,-10.244998,8.395261,531,1461,pubNoPool_peijun_li_PUB_e200_s0
peijun_li,Peijun Li Ensemble,531,1980-10-01..1999-09-30,1995-10-01..1999-09-30,pubNoPool,PUBModel,PUB,peijun_li,200,0,4,concurrent,idw,0.645427,,,,,,,531,1461,pubNoPool_peijun_li_PUB_e200_s0
peijun_li,Peijun Li Ensemble,531,1980-10-01..1999-09-30,1995-10-01..1999-09-30,pubNoPool,PUBModel,PUB,peijun_li,200,0,4,concurrent,ctx_mean,0.607733,,,,,,,531,1461,pubNoPool_peijun_li_PUB_e200_s0
peijun_li,Peijun Li Ensemble,531,1980-10-01..1999-09-30,1995-10-01..1999-09-30,pubNoPool,PUBModel,PUB,peijun_li,200,0,4,concurrent,nn_donor,0.552786,,,,,,,531,1461,pubNoPool_peijun_li_PUB_e200_s0
peijun_li,Peijun Li Ensemble,531,1980-10-01..1999-09-30,1995-10-01..1999-09-30,pubNoPool,PUBModel,PUB,peijun_li,200,0,8,concurrent,model,0.73299,0.704284,0.895271,-0.017151,1.219472,-10.728492,8.812474,531,1461,pubNoPool_peijun_li_PUB_e200_s0
peijun_li,Peijun Li Ensemble,531,1980-10-01..1999-09-30,1995-10-01..1999-09-30,pubNoPool,PUBModel,PUB,peijun_li,200,0,8,concurrent,idw,0.657828,,,,,,,531,1461,pubNoPool_peijun_li_PUB_e200_s0
peijun_li,Peijun Li Ensemble,531,1980-10-01..1999-09-30,1995-10-01..1999-09-30,pubNoPool,PUBModel,PUB,peijun_li,200,0,8,concurrent,ctx_mean,0.55495,,,,,,,531,1461,pubNoPool_peijun_li_PUB_e200_s0
peijun_li,Peijun Li Ensemble,531,1980-10-01..1999-09-30,1995-10-01..1999-09-30,pubNoPool,PUBModel,PUB,peijun_li,200,0,8,concurrent,nn_donor,0.552786,,,,,,,531,1461,pubNoPool_peijun_li_PUB_e200_s0
peijun_li,Peijun Li Ensemble,531,1980-10-01..1999-09-30,1995-10-01..1999-09-30,pubNoPool,PUBModel,PUR,peijun_li,200,0,0,concurrent,model,0.413921,0.466252,0.701174,-0.062911,1.924947,-30.668186,18.843714,531,1461,pubNoPool_peijun_li_PUR_e200_s0
peijun_li,Peijun Li Ensemble,531,1980-10-01..1999-09-30,1995-10-01..1999-09-30,pubNoPool,PUBModel,PUR,peijun_li,200,0,1,concurrent,model,0.66728,0.646655,0.869183,-0.034832,1.403553,-11.439906,-0.474237,531,1461,pubNoPool_peijun_li_PUR_e200_s0
peijun_li,Peijun Li Ensemble,531,1980-10-01..1999-09-30,1995-10-01..1999-09-30,pubNoPool,PUBModel,PUR,peijun_li,200,0,1,concurrent,idw,0.552786,,,,,,,531,1461,pubNoPool_peijun_li_PUR_e200_s0
peijun_li,Peijun Li Ensemble,531,1980-10-01..1999-09-30,1995-10-01..1999-09-30,pubNoPool,PUBModel,PUR,peijun_li,200,0,1,concurrent,ctx_mean,0.552786,,,,,,,531,1461,pubNoPool_peijun_li_PUR_e200_s0
peijun_li,Peijun Li Ensemble,531,1980-10-01..1999-09-30,1995-10-01..1999-09-30,pubNoPool,PUBModel,PUR,peijun_li,200,0,1,concurrent,nn_donor,0.552786,,,,,,,531,1461,pubNoPool_peijun_li_PUR_e200_s0
peijun_li,Peijun Li Ensemble,531,1980-10-01..1999-09-30,1995-10-01..1999-09-30,pubNoPool,PUBModel,PUR,peijun_li,200,0,2,concurrent,model,0.690192,0.646963,0.87946,-0.036018,1.344504,-11.852001,0.859637,531,1461,pubNoPool_peijun_li_PUR_e200_s0
peijun_li,Peijun Li Ensemble,531,1980-10-01..1999-09-30,1995-10-01..1999-09-30,pubNoPool,PUBModel,PUR,peijun_li,200,0,2,concurrent,idw,0.623367,,,,,,,531,1461,pubNoPool_peijun_li_PUR_e200_s0
peijun_li,Peijun Li Ensemble,531,1980-10-01..1999-09-30,1995-10-01..1999-09-30,pubNoPool,PUBModel,PUR,peijun_li,200,0,2,concurrent,ctx_mean,0.600009,,,,,,,531,1461,pubNoPool_peijun_li_PUR_e200_s0
peijun_li,Peijun Li Ensemble,531,1980-10-01..1999-09-30,1995-10-01..1999-09-30,pubNoPool,PUBModel,PUR,peijun_li,200,0,2,concurrent,nn_donor,0.552786,,,,,,,531,1461,pubNoPool_peijun_li_PUR_e200_s0
peijun_li,Peijun Li Ensemble,531,1980-10-01..1999-09-30,1995-10-01..1999-09-30,pubNoPool,PUBModel,PUR,peijun_li,200,0,4,concurrent,model,0.695994,0.654684,0.883138,-0.04121,1.302116,-12.854614,5.182901,531,1461,pubNoPool_peijun_li_PUR_e200_s0
peijun_li,Peijun Li Ensemble,531,1980-10-01..1999-09-30,1995-10-01..1999-09-30,pubNoPool,PUBModel,PUR,peijun_li,200,0,4,concurrent,idw,0.645427,,,,,,,531,1461,pubNoPool_peijun_li_PUR_e200_s0
peijun_li,Peijun Li Ensemble,531,1980-10-01..1999-09-30,1995-10-01..1999-09-30,pubNoPool,PUBModel,PUR,peijun_li,200,0,4,concurrent,ctx_mean,0.607733,,,,,,,531,1461,pubNoPool_peijun_li_PUR_e200_s0
peijun_li,Peijun Li Ensemble,531,1980-10-01..1999-09-30,1995-10-01..1999-09-30,pubNoPool,PUBModel,PUR,peijun_li,200,0,4,concurrent,nn_donor,0.552786,,,,,,,531,1461,pubNoPool_peijun_li_PUR_e200_s0
peijun_li,Peijun Li Ensemble,531,1980-10-01..1999-09-30,1995-10-01..1999-09-30,pubNoPool,PUBModel,PUR,peijun_li,200,0,8,concurrent,model,0.698971,0.659627,0.88229,-0.038499,1.301474,-12.76397,6.60872,531,1461,pubNoPool_peijun_li_PUR_e200_s0
peijun_li,Peijun Li Ensemble,531,1980-10-01..1999-09-30,1995-10-01..1999-09-30,pubNoPool,PUBModel,PUR,peijun_li,200,0,8,concurrent,idw,0.657828,,,,,,,531,1461,pubNoPool_peijun_li_PUR_e200_s0
peijun_li,Peijun Li Ensemble,531,1980-10-01..1999-09-30,1995-10-01..1999-09-30,pubNoPool,PUBModel,PUR,peijun_li,200,0,8,concurrent,ctx_mean,0.55495,,,,,,,531,1461,pubNoPool_peijun_li_PUR_e200_s0
peijun_li,Peijun Li Ensemble,531,1980-10-01..1999-09-30,1995-10-01..1999-09-30,pubNoPool,PUBModel,PUR,peijun_li,200,0,8,concurrent,nn_donor,0.552786,,,,,,,531,1461,pubNoPool_peijun_li_PUR_e200_s0
spatial,spatial,531,,,pub,PUBModel,PUB,spatial,200,0,0,,model,0.514262,0.562728,0.760144,-0.026593,1.7096,-23.160854,27.495199,531,1461,pub_PUB_e200_s0
spatial,spatial,531,,,pub,PUBModel,PUB,spatial,200,0,1,,model,0.706343,0.680635,0.881895,-0.009479,1.311266,-10.581284,10.760441,531,1461,pub_PUB_e200_s0
spatial,spatial,531,,,pub,PUBModel,PUB,spatial,200,0,1,,idw,0.552786,,,,,,,531,1461,pub_PUB_e200_s0
spatial,spatial,531,,,pub,PUBModel,PUB,spatial,200,0,1,,ctx_mean,0.552786,,,,,,,531,1461,pub_PUB_e200_s0
spatial,spatial,531,,,pub,PUBModel,PUB,spatial,200,0,1,,nn_donor,0.552786,,,,,,,531,1461,pub_PUB_e200_s0
spatial,spatial,531,,,pub,PUBModel,PUB,spatial,200,0,2,,model,0.720028,0.69563,0.892042,-0.009325,1.242932,-9.793378,9.268192,531,1461,pub_PUB_e200_s0
spatial,spatial,531,,,pub,PUBModel,PUB,spatial,200,0,2,,idw,0.623367,,,,,,,531,1461,pub_PUB_e200_s0
spatial,spatial,531,,,pub,PUBModel,PUB,spatial,200,0,2,,ctx_mean,0.600009,,,,,,,531,1461,pub_PUB_e200_s0
spatial,spatial,531,,,pub,PUBModel,PUB,spatial,200,0,2,,nn_donor,0.552786,,,,,,,531,1461,pub_PUB_e200_s0
spatial,spatial,531,,,pub,PUBModel,PUB,spatial,200,0,4,,model,0.73225,0.70292,0.891026,-0.009743,1.223391,-8.364105,7.475375,531,1461,pub_PUB_e200_s0
spatial,spatial,531,,,pub,PUBModel,PUB,spatial,200,0,4,,idw,0.645427,,,,,,,531,1461,pub_PUB_e200_s0
spatial,spatial,531,,,pub,PUBModel,PUB,spatial,200,0,4,,ctx_mean,0.607733,,,,,,,531,1461,pub_PUB_e200_s0
spatial,spatial,531,,,pub,PUBModel,PUB,spatial,200,0,4,,nn_donor,0.552786,,,,,,,531,1461,pub_PUB_e200_s0
spatial,spatial,531,,,pub,PUBModel,PUB,spatial,200,0,8,,model,0.736053,0.710989,0.894154,-0.008622,1.224832,-8.628368,7.300903,531,1461,pub_PUB_e200_s0
spatial,spatial,531,,,pub,PUBModel,PUB,spatial,200,0,8,,idw,0.657828,,,,,,,531,1461,pub_PUB_e200_s0
spatial,spatial,531,,,pub,PUBModel,PUB,spatial,200,0,8,,ctx_mean,0.55495,,,,,,,531,1461,pub_PUB_e200_s0
spatial,spatial,531,,,pub,PUBModel,PUB,spatial,200,0,8,,nn_donor,0.552786,,,,,,,531,1461,pub_PUB_e200_s0
spatial,spatial,531,,,pub,PUBModel,PUB,spatial,40,0,0,,model,0.264763,0.269877,0.559526,-0.040197,2.122836,-56.429219,63.099128,531,1461,pub_PUB_spatial_s0
spatial,spatial,531,,,pub,PUBModel,PUB,spatial,40,0,1,,model,0.642925,0.648503,0.853487,-0.017417,1.440735,-12.408787,22.159795,531,1461,pub_PUB_spatial_s0
spatial,spatial,531,,,pub,PUBModel,PUB,spatial,40,0,1,,idw,0.552786,,,,,,,531,1461,pub_PUB_spatial_s0
spatial,spatial,531,,,pub,PUBModel,PUB,spatial,40,0,1,,ctx_mean,0.552786,,,,,,,531,1461,pub_PUB_spatial_s0
spatial,spatial,531,,,pub,PUBModel,PUB,spatial,40,0,1,,nn_donor,0.552786,,,,,,,531,1461,pub_PUB_spatial_s0
spatial,spatial,531,,,pub,PUBModel,PUB,spatial,40,0,2,,model,0.669275,0.664698,0.863467,-0.013057,1.369135,-14.614974,20.545286,531,1461,pub_PUB_spatial_s0
spatial,spatial,531,,,pub,PUBModel,PUB,spatial,40,0,2,,idw,0.623367,,,,,,,531,1461,pub_PUB_spatial_s0
spatial,spatial,531,,,pub,PUBModel,PUB,spatial,40,0,2,,ctx_mean,0.600009,,,,,,,531,1461,pub_PUB_spatial_s0
spatial,spatial,531,,,pub,PUBModel,PUB,spatial,40,0,2,,nn_donor,0.552786,,,,,,,531,1461,pub_PUB_spatial_s0
spatial,spatial,531,,,pub,PUBModel,PUB,spatial,40,0,4,,model,0.674711,0.676991,0.86679,-0.01188,1.344735,-14.32005,15.53123,531,1461,pub_PUB_spatial_s0
spatial,spatial,531,,,pub,PUBModel,PUB,spatial,40,0,4,,idw,0.645427,,,,,,,531,1461,pub_PUB_spatial_s0
spatial,spatial,531,,,pub,PUBModel,PUB,spatial,40,0,4,,ctx_mean,0.607733,,,,,,,531,1461,pub_PUB_spatial_s0
spatial,spatial,531,,,pub,PUBModel,PUB,spatial,40,0,4,,nn_donor,0.552786,,,,,,,531,1461,pub_PUB_spatial_s0
spatial,spatial,531,,,pub,PUBModel,PUB,spatial,40,0,8,,model,0.674441,0.671911,0.865621,-0.015757,1.338643,-15.324392,14.08939,531,1461,pub_PUB_spatial_s0
spatial,spatial,531,,,pub,PUBModel,PUB,spatial,40,0,8,,idw,0.657828,,,,,,,531,1461,pub_PUB_spatial_s0
spatial,spatial,531,,,pub,PUBModel,PUB,spatial,40,0,8,,ctx_mean,0.55495,,,,,,,531,1461,pub_PUB_spatial_s0
spatial,spatial,531,,,pub,PUBModel,PUB,spatial,40,0,8,,nn_donor,0.552786,,,,,,,531,1461,pub_PUB_spatial_s0
spatial,spatial,531,,,pub,PUBModel,PUR,spatial,200,0,0,,model,0.426762,0.477216,0.718154,-0.052598,1.868985,-31.598077,35.531788,531,1461,pub_PUR_e200_s0
spatial,spatial,531,,,pub,PUBModel,PUR,spatial,200,0,1,,model,0.663747,0.646213,0.869329,-0.026338,1.357271,-12.540805,9.465862,531,1461,pub_PUR_e200_s0
spatial,spatial,531,,,pub,PUBModel,PUR,spatial,200,0,1,,idw,0.552786,,,,,,,531,1461,pub_PUR_e200_s0
spatial,spatial,531,,,pub,PUBModel,PUR,spatial,200,0,1,,ctx_mean,0.552786,,,,,,,531,1461,pub_PUR_e200_s0
spatial,spatial,531,,,pub,PUBModel,PUR,spatial,200,0,1,,nn_donor,0.552786,,,,,,,531,1461,pub_PUR_e200_s0
spatial,spatial,531,,,pub,PUBModel,PUR,spatial,200,0,2,,model,0.686043,0.657832,0.879864,-0.029717,1.327633,-12.960085,11.900524,531,1461,pub_PUR_e200_s0
spatial,spatial,531,,,pub,PUBModel,PUR,spatial,200,0,2,,idw,0.623367,,,,,,,531,1461,pub_PUR_e200_s0
spatial,spatial,531,,,pub,PUBModel,PUR,spatial,200,0,2,,ctx_mean,0.600009,,,,,,,531,1461,pub_PUR_e200_s0
spatial,spatial,531,,,pub,PUBModel,PUR,spatial,200,0,2,,nn_donor,0.552786,,,,,,,531,1461,pub_PUR_e200_s0
spatial,spatial,531,,,pub,PUBModel,PUR,spatial,200,0,4,,model,0.694333,0.663649,0.880676,-0.029928,1.296668,-12.137334,9.975797,531,1461,pub_PUR_e200_s0
spatial,spatial,531,,,pub,PUBModel,PUR,spatial,200,0,4,,idw,0.645427,,,,,,,531,1461,pub_PUR_e200_s0
spatial,spatial,531,,,pub,PUBModel,PUR,spatial,200,0,4,,ctx_mean,0.607733,,,,,,,531,1461,pub_PUR_e200_s0
spatial,spatial,531,,,pub,PUBModel,PUR,spatial,200,0,4,,nn_donor,0.552786,,,,,,,531,1461,pub_PUR_e200_s0
spatial,spatial,531,,,pub,PUBModel,PUR,spatial,200,0,8,,model,0.691098,0.660258,0.88279,-0.02436,1.296125,-12.171568,13.516789,531,1461,pub_PUR_e200_s0
spatial,spatial,531,,,pub,PUBModel,PUR,spatial,200,0,8,,idw,0.657828,,,,,,,531,1461,pub_PUR_e200_s0
spatial,spatial,531,,,pub,PUBModel,PUR,spatial,200,0,8,,ctx_mean,0.55495,,,,,,,531,1461,pub_PUR_e200_s0
spatial,spatial,531,,,pub,PUBModel,PUR,spatial,200,0,8,,nn_donor,0.552786,,,,,,,531,1461,pub_PUR_e200_s0
spatial,spatial,531,,,pub,PUBModel,PUR,spatial,40,0,0,,model,0.21519,0.21404,0.525477,-0.057773,2.201436,-59.631013,59.423583,531,1461,pub_PUR_spatial_s0
spatial,spatial,531,,,pub,PUBModel,PUR,spatial,40,0,1,,model,0.601854,0.599339,0.84364,-0.015126,1.47974,-16.791926,30.811517,531,1461,pub_PUR_spatial_s0
spatial,spatial,531,,,pub,PUBModel,PUR,spatial,40,0,1,,idw,0.552786,,,,,,,531,1461,pub_PUR_spatial_s0
spatial,spatial,531,,,pub,PUBModel,PUR,spatial,40,0,1,,ctx_mean,0.552786,,,,,,,531,1461,pub_PUR_spatial_s0
spatial,spatial,531,,,pub,PUBModel,PUR,spatial,40,0,1,,nn_donor,0.552786,,,,,,,531,1461,pub_PUR_spatial_s0
spatial,spatial,531,,,pub,PUBModel,PUR,spatial,40,0,2,,model,0.625982,0.610946,0.854287,-0.02227,1.432889,-18.933099,29.291537,531,1461,pub_PUR_spatial_s0
spatial,spatial,531,,,pub,PUBModel,PUR,spatial,40,0,2,,idw,0.623367,,,,,,,531,1461,pub_PUR_spatial_s0
spatial,spatial,531,,,pub,PUBModel,PUR,spatial,40,0,2,,ctx_mean,0.600009,,,,,,,531,1461,pub_PUR_spatial_s0
spatial,spatial,531,,,pub,PUBModel,PUR,spatial,40,0,2,,nn_donor,0.552786,,,,,,,531,1461,pub_PUR_spatial_s0
spatial,spatial,531,,,pub,PUBModel,PUR,spatial,40,0,4,,model,0.627828,0.600576,0.857303,-0.017347,1.386447,-18.820409,26.095716,531,1461,pub_PUR_spatial_s0
spatial,spatial,531,,,pub,PUBModel,PUR,spatial,40,0,4,,idw,0.645427,,,,,,,531,1461,pub_PUR_spatial_s0
spatial,spatial,531,,,pub,PUBModel,PUR,spatial,40,0,4,,ctx_mean,0.607733,,,,,,,531,1461,pub_PUR_spatial_s0
spatial,spatial,531,,,pub,PUBModel,PUR,spatial,40,0,4,,nn_donor,0.552786,,,,,,,531,1461,pub_PUR_spatial_s0
spatial,spatial,531,,,pub,PUBModel,PUR,spatial,40,0,8,,model,0.62776,0.604091,0.854259,-0.013865,1.402301,-19.955818,21.227236,531,1461,pub_PUR_spatial_s0
spatial,spatial,531,,,pub,PUBModel,PUR,spatial,40,0,8,,idw,0.657828,,,,,,,531,1461,pub_PUR_spatial_s0
spatial,spatial,531,,,pub,PUBModel,PUR,spatial,40,0,8,,ctx_mean,0.55495,,,,,,,531,1461,pub_PUR_spatial_s0
spatial,spatial,531,,,pub,PUBModel,PUR,spatial,40,0,8,,nn_donor,0.552786,,,,,,,531,1461,pub_PUR_spatial_s0
temporal,temporal,531,,,pub,PUBModel,temporal,temporal,200,0,0,,model,0.450818,0.531326,0.691801,-0.01568,1.722909,-29.51945,28.292978,531,5479,pub_temporal_e200_s0
temporal,temporal,531,,,pub,PUBModel,temporal,temporal,200,0,1,,model,0.71771,0.744741,0.863654,-0.018589,1.212074,-12.854959,10.930516,531,5479,pub_temporal_e200_s0
temporal,temporal,531,,,pub,PUBModel,temporal,temporal,200,0,1,,idw,0.536529,,,,,,,531,5479,pub_temporal_e200_s0
temporal,temporal,531,,,pub,PUBModel,temporal,temporal,200,0,1,,ctx_mean,0.536529,,,,,,,531,5479,pub_temporal_e200_s0
temporal,temporal,531,,,pub,PUBModel,temporal,temporal,200,0,1,,nn_donor,0.536529,,,,,,,531,5479,pub_temporal_e200_s0
temporal,temporal,531,,,pub,PUBModel,temporal,temporal,200,0,2,,model,0.745153,0.757605,0.875702,-0.015172,1.161126,-12.653037,8.560486,531,5479,pub_temporal_e200_s0
temporal,temporal,531,,,pub,PUBModel,temporal,temporal,200,0,2,,idw,0.611843,,,,,,,531,5479,pub_temporal_e200_s0
temporal,temporal,531,,,pub,PUBModel,temporal,temporal,200,0,2,,ctx_mean,0.584399,,,,,,,531,5479,pub_temporal_e200_s0
temporal,temporal,531,,,pub,PUBModel,temporal,temporal,200,0,2,,nn_donor,0.536529,,,,,,,531,5479,pub_temporal_e200_s0
temporal,temporal,531,,,pub,PUBModel,temporal,temporal,200,0,4,,model,0.756414,0.763567,0.880709,-0.018116,1.132479,-11.931711,6.533329,531,5479,pub_temporal_e200_s0
temporal,temporal,531,,,pub,PUBModel,temporal,temporal,200,0,4,,idw,0.633249,,,,,,,531,5479,pub_temporal_e200_s0
temporal,temporal,531,,,pub,PUBModel,temporal,temporal,200,0,4,,ctx_mean,0.570549,,,,,,,531,5479,pub_temporal_e200_s0
temporal,temporal,531,,,pub,PUBModel,temporal,temporal,200,0,4,,nn_donor,0.536529,,,,,,,531,5479,pub_temporal_e200_s0
temporal,temporal,531,,,pub,PUBModel,temporal,temporal,200,0,8,,model,0.75863,0.768387,0.882012,-0.01517,1.12229,-11.568941,6.229779,531,5479,pub_temporal_e200_s0
temporal,temporal,531,,,pub,PUBModel,temporal,temporal,200,0,8,,idw,0.633516,,,,,,,531,5479,pub_temporal_e200_s0
temporal,temporal,531,,,pub,PUBModel,temporal,temporal,200,0,8,,ctx_mean,0.530109,,,,,,,531,5479,pub_temporal_e200_s0
temporal,temporal,531,,,pub,PUBModel,temporal,temporal,200,0,8,,nn_donor,0.536529,,,,,,,531,5479,pub_temporal_e200_s0
temporal,temporal,531,,,pub,PUBModel,temporal,temporal,40,0,0,,model,0.165443,0.178374,0.433458,-0.008757,2.086896,-61.200242,87.96488,531,5479,pub_temporal_temporal_s0
temporal,temporal,531,,,pub,PUBModel,temporal,temporal,40,0,1,,model,0.641991,0.656797,0.827067,0.010901,1.390837,-16.326891,30.953627,531,5479,pub_temporal_temporal_s0
temporal,temporal,531,,,pub,PUBModel,temporal,temporal,40,0,1,,idw,0.536529,,,,,,,531,5479,pub_temporal_temporal_s0
temporal,temporal,531,,,pub,PUBModel,temporal,temporal,40,0,1,,ctx_mean,0.536529,,,,,,,531,5479,pub_temporal_temporal_s0
temporal,temporal,531,,,pub,PUBModel,temporal,temporal,40,0,1,,nn_donor,0.536529,,,,,,,531,5479,pub_temporal_temporal_s0
temporal,temporal,531,,,pub,PUBModel,temporal,temporal,40,0,2,,model,0.671815,0.679032,0.840382,0.00431,1.318229,-16.733382,30.158758,531,5479,pub_temporal_temporal_s0
temporal,temporal,531,,,pub,PUBModel,temporal,temporal,40,0,2,,idw,0.611843,,,,,,,531,5479,pub_temporal_temporal_s0
temporal,temporal,531,,,pub,PUBModel,temporal,temporal,40,0,2,,ctx_mean,0.584399,,,,,,,531,5479,pub_temporal_temporal_s0
temporal,temporal,531,,,pub,PUBModel,temporal,temporal,40,0,2,,nn_donor,0.536529,,,,,,,531,5479,pub_temporal_temporal_s0
temporal,temporal,531,,,pub,PUBModel,temporal,temporal,40,0,4,,model,0.672366,0.683489,0.843886,0.000463,1.302877,-16.932256,26.786289,531,5479,pub_temporal_temporal_s0
temporal,temporal,531,,,pub,PUBModel,temporal,temporal,40,0,4,,idw,0.633249,,,,,,,531,5479,pub_temporal_temporal_s0
temporal,temporal,531,,,pub,PUBModel,temporal,temporal,40,0,4,,ctx_mean,0.570549,,,,,,,531,5479,pub_temporal_temporal_s0
temporal,temporal,531,,,pub,PUBModel,temporal,temporal,40,0,4,,nn_donor,0.536529,,,,,,,531,5479,pub_temporal_temporal_s0
temporal,temporal,531,,,pub,PUBModel,temporal,temporal,40,0,8,,model,0.671747,0.685864,0.843934,0.00321,1.301134,-16.665327,22.841762,531,5479,pub_temporal_temporal_s0
temporal,temporal,531,,,pub,PUBModel,temporal,temporal,40,0,8,,idw,0.633516,,,,,,,531,5479,pub_temporal_temporal_s0
temporal,temporal,531,,,pub,PUBModel,temporal,temporal,40,0,8,,ctx_mean,0.530109,,,,,,,531,5479,pub_temporal_temporal_s0
temporal,temporal,531,,,pub,PUBModel,temporal,temporal,40,0,8,,nn_donor,0.536529,,,,,,,531,5479,pub_temporal_temporal_s0
peijun_li,Peijun Li Ensemble,531,1980-10-01..1999-09-30,1995-10-01..1999-09-30,smoke,PUBModel,PUB,peijun_li,3,0,0,historical,model,-0.046126,-0.325156,0.1957,-0.128774,2.676536,-87.669511,347.329135,54,1461,smoke_h2
peijun_li,Peijun Li Ensemble,531,1980-10-01..1999-09-30,1995-10-01..1999-09-30,smoke,PUBModel,PUB,peijun_li,3,0,4,historical,model,-0.046083,-0.313627,0.219657,-0.149356,2.676405,-88.531422,336.102028,54,1461,smoke_h2
peijun_li,Peijun Li Ensemble,531,1980-10-01..1999-09-30,1995-10-01..1999-09-30,smoke,PUBModel,PUB,peijun_li,3,0,4,historical,idw,-0.767651,,,,,,,54,1461,smoke_h2
peijun_li,Peijun Li Ensemble,531,1980-10-01..1999-09-30,1995-10-01..1999-09-30,smoke,PUBModel,PUB,peijun_li,3,0,4,historical,ctx_mean,-0.621439,,,,,,,54,1461,smoke_h2
peijun_li,Peijun Li Ensemble,531,1980-10-01..1999-09-30,1995-10-01..1999-09-30,smoke,PUBModel,PUB,peijun_li,3,0,4,historical,nn_donor,-1.050709,,,,,,,54,1461,smoke_h2
spatial,spatial,531,,,unitA,SiteEncoder (unit A standalone),PUB,spatial,200,0,,,model,0.705629,0.694198,0.876534,0.001266,1.341984,-8.729142,1.77822,531,1461,unitA_PUB_e200_s0
spatial,spatial,531,,,unitA,SiteEncoder (unit A standalone),PUR,spatial,200,0,,,model,0.546994,0.571091,0.812144,-0.02558,1.659363,-14.042829,0.134626,531,1461,unitA_PUR_e200_s0
feng2023,Dapeng Feng 2023,531,1989-10-01..1999-09-30,1989-10-01..1999-09-30,unitA,SiteEncoder (unit A standalone),PUB,feng2023,200,0,,,model,0.690648,0.710321,0.872118,-0.023658,1.365591,-6.815995,-4.320774,531,3652,unitA_feng2023_PUB_e200_s0
feng2023,Dapeng Feng 2023,531,1989-10-01..1999-09-30,1989-10-01..1999-09-30,unitA,SiteEncoder (unit A standalone),PUB,feng2023,200,1,,,model,0.696119,0.703869,0.871387,-0.018391,1.369851,-7.38929,0.647687,531,3652,unitA_feng2023_PUB_e200_s1
feng2023,Dapeng Feng 2023,531,1989-10-01..1999-09-30,1989-10-01..1999-09-30,unitA,SiteEncoder (unit A standalone),PUB,feng2023,200,2,,,model,0.688735,0.70907,0.875313,0.000957,1.361811,-6.00596,-3.344538,531,3652,unitA_feng2023_PUB_e200_s2
feng2023,Dapeng Feng 2023,531,1989-10-01..1999-09-30,1989-10-01..1999-09-30,unitA,SiteEncoder (unit A standalone),PUB,feng2023,50,0,,,model,0.545897,0.580562,0.772474,-0.012777,1.687972,-21.569981,30.417788,531,3652,unitA_feng2023_PUB_e50_s0
feng2023,Dapeng Feng 2023,531,1989-10-01..1999-09-30,1989-10-01..1999-09-30,unitA,SiteEncoder (unit A standalone),PUR,feng2023,200,0,,,model,0.53636,0.5925,0.798355,-0.039272,1.668122,-13.428287,-8.117328,531,3652,unitA_feng2023_PUR_e200_s0
feng2023,Dapeng Feng 2023,531,1989-10-01..1999-09-30,1989-10-01..1999-09-30,unitA,SiteEncoder (unit A standalone),PUR,feng2023,200,1,,,model,0.516714,0.556685,0.780175,-0.03042,1.694504,-15.98912,3.263781,531,3652,unitA_feng2023_PUR_e200_s1
feng2023,Dapeng Feng 2023,531,1989-10-01..1999-09-30,1989-10-01..1999-09-30,unitA,SiteEncoder (unit A standalone),PUR,feng2023,200,2,,,model,0.542691,0.577656,0.795152,-0.047047,1.68548,-16.530747,6.373225,531,3652,unitA_feng2023_PUR_e200_s2
feng2023,Dapeng Feng 2023,531,1989-10-01..1999-09-30,1989-10-01..1999-09-30,unitA,SiteEncoder (unit A standalone),PUR,feng2023,50,0,,,model,0.449364,0.502975,0.720801,-0.018255,1.830439,-23.460856,27.958411,531,3652,unitA_feng2023_PUR_e50_s0
leo10_531,10 years 531 Leo,531,1999-10-01..2008-09-30,1989-10-01..1999-09-30,unitA,SiteEncoder (unit A standalone),temporal,leo10_531,200,0,,,model,0.591185,0.611044,0.793872,-0.150801,1.559153,-28.360451,-5.445358,531,3652,unitA_leo10_531_temporal_e200_s0
leo10_531,10 years 531 Leo,531,1999-10-01..2008-09-30,1989-10-01..1999-09-30,unitA,SiteEncoder (unit A standalone),temporal,leo10_531,200,1,,,model,0.561663,0.592643,0.771882,-0.150543,1.628494,-28.351439,-1.617137,531,3652,unitA_leo10_531_temporal_e200_s1
leo10_531,10 years 531 Leo,531,1999-10-01..2008-09-30,1989-10-01..1999-09-30,unitA,SiteEncoder (unit A standalone),temporal,leo10_531,200,2,,,model,0.590851,0.623607,0.792703,-0.127012,1.559972,-25.765396,0.94688,531,3652,unitA_leo10_531_temporal_e200_s2
leo10_531,10 years 531 Leo,531,1999-10-01..2008-09-30,1989-10-01..1999-09-30,unitA,SiteEncoder (unit A standalone),temporal,leo10_531,50,0,,,model,0.42987,0.454262,0.686783,-0.160912,1.900028,-38.905206,20.18262,531,3652,unitA_leo10_531_temporal_e50_s0
leo15_531,15 years 531 (legacy temporal),531,1980-10-01..1995-09-30,1995-10-01..2010-09-30,unitA,SiteEncoder (unit A standalone),temporal,leo15_531,200,0,,,model,0.631086,0.702202,0.815992,-0.019066,1.405155,-16.561978,5.62659,531,5479,unitA_leo15_531_temporal_e200_s0
leo15_531,15 years 531 (legacy temporal),531,1980-10-01..1995-09-30,1995-10-01..2010-09-30,unitA,SiteEncoder (unit A standalone),temporal,leo15_531,200,1,,,model,0.626734,0.689562,0.813255,-0.014967,1.420439,-16.469522,13.614063,531,5479,unitA_leo15_531_temporal_e200_s1
leo15_531,15 years 531 (legacy temporal),531,1980-10-01..1995-09-30,1995-10-01..2010-09-30,unitA,SiteEncoder (unit A standalone),temporal,leo15_531,200,2,,,model,0.633759,0.706169,0.816552,-0.008294,1.391001,-15.285137,7.839419,531,5479,unitA_leo15_531_temporal_e200_s2
leo15_531,15 years 531 (legacy temporal),531,1980-10-01..1995-09-30,1995-10-01..2010-09-30,unitA,SiteEncoder (unit A standalone),temporal,leo15_531,50,0,,,model,0.46857,0.527879,0.707583,-0.023412,1.690079,-30.102464,43.398348,531,5479,unitA_leo15_531_temporal_e50_s0
leo15_671,15 years 671 Leo,671,1980-10-01..1995-09-30,1995-10-01..2010-09-30,unitA,SiteEncoder (unit A standalone),temporal,leo15_671,200,0,,,model,0.623383,0.677324,0.811128,-0.032359,1.3484,-18.649012,5.33428,671,5479,unitA_leo15_671_temporal_e200_s0
leo15_671,15 years 671 Leo,671,1980-10-01..1995-09-30,1995-10-01..2010-09-30,unitA,SiteEncoder (unit A standalone),temporal,leo15_671,200,1,,,model,0.616685,0.674643,0.8092,-0.016783,1.352449,-17.328334,14.893203,671,5479,unitA_leo15_671_temporal_e200_s1
leo15_671,15 years 671 Leo,671,1980-10-01..1995-09-30,1995-10-01..2010-09-30,unitA,SiteEncoder (unit A standalone),temporal,leo15_671,200,2,,,model,0.62839,0.678224,0.815568,-0.024078,1.336224,-15.824401,10.158735,671,5479,unitA_leo15_671_temporal_e200_s2
leo15_671,15 years 671 Leo,671,1980-10-01..1995-09-30,1995-10-01..2010-09-30,unitA,SiteEncoder (unit A standalone),temporal,leo15_671,50,0,,,model,0.465058,0.529062,0.708457,0.005227,1.607629,-26.682714,69.876209,671,5479,unitA_leo15_671_temporal_e50_s0
peijun_li,Peijun Li Ensemble,531,1980-10-01..1999-09-30,1995-10-01..1999-09-30,unitA,SiteEncoder (unit A standalone),PUB,peijun_li,200,0,,,model,0.699969,0.699213,0.874272,-0.012473,1.359878,-7.879482,-1.14316,531,1461,unitA_peijun_li_PUB_e200_s0
peijun_li,Peijun Li Ensemble,531,1980-10-01..1999-09-30,1995-10-01..1999-09-30,unitA,SiteEncoder (unit A standalone),PUB,peijun_li,200,1,,,model,0.684421,0.688795,0.872555,-0.009691,1.383274,-9.084512,2.454593,531,1461,unitA_peijun_li_PUB_e200_s1
peijun_li,Peijun Li Ensemble,531,1980-10-01..1999-09-30,1995-10-01..1999-09-30,unitA,SiteEncoder (unit A standalone),PUB,peijun_li,200,2,,,model,0.707743,0.700908,0.8772,-0.007216,1.351726,-8.755413,-4.566488,531,1461,unitA_peijun_li_PUB_e200_s2
peijun_li,Peijun Li Ensemble,531,1980-10-01..1999-09-30,1995-10-01..1999-09-30,unitA,SiteEncoder (unit A standalone),PUB,peijun_li,50,0,,,model,0.530653,0.573179,0.769006,-0.027084,1.686656,-21.480719,29.840093,531,1461,unitA_peijun_li_PUB_e50_s0
peijun_li,Peijun Li Ensemble,531,1980-10-01..1999-09-30,1995-10-01..1999-09-30,unitA,SiteEncoder (unit A standalone),PUR,peijun_li,200,0,,,model,0.551007,0.561884,0.809606,-0.052268,1.680401,-16.590494,1.974538,531,1461,unitA_peijun_li_PUR_e200_s0
peijun_li,Peijun Li Ensemble,531,1980-10-01..1999-09-30,1995-10-01..1999-09-30,unitA,SiteEncoder (unit A standalone),PUR,peijun_li,200,1,,,model,0.555084,0.577204,0.804469,-0.017751,1.630847,-16.075241,16.23676,531,1461,unitA_peijun_li_PUR_e200_s1
peijun_li,Peijun Li Ensemble,531,1980-10-01..1999-09-30,1995-10-01..1999-09-30,unitA,SiteEncoder (unit A standalone),PUR,peijun_li,200,2,,,model,0.569158,0.601714,0.820113,-0.055304,1.621343,-13.990337,-10.635586,531,1461,unitA_peijun_li_PUR_e200_s2
peijun_li,Peijun Li Ensemble,531,1980-10-01..1999-09-30,1995-10-01..1999-09-30,unitA,SiteEncoder (unit A standalone),PUR,peijun_li,50,0,,,model,0.439267,0.490136,0.724464,-0.051669,1.852525,-26.449478,10.628581,531,1461,unitA_peijun_li_PUR_e50_s0
temporal,temporal,531,,,unitA,SiteEncoder (unit A standalone),temporal,temporal,200,0,,,model,0.630917,0.690129,0.810309,-0.028029,1.405404,-16.798565,6.279086,531,5479,unitA_temporal_e200_s0
,,,,,,[reference] LSTM+HBV,PUB,spatial,50,3-seed mean,,,model,0.69995,,,,,,,531,1461,dmg_dev
,,,,,,[reference] LSTM+HBV,PUR,spatial,50,3-seed mean,,,model,0.609453,,,,,,,531,1461,dmg_dev
,,,,,,"[reference] Embedding adapter (Stefaland, Annually)",PUB,spatial,50,3-seed mean,,,model,0.705698,,,,,,,531,1461,dmg_dev
,,,,,,"[reference] Embedding adapter (Stefaland, Annually)",PUR,spatial,50,3-seed mean,,,model,0.626596,,,,,,,531,1461,dmg_dev
,,,,,,"[reference] Condensed embedding (Stefaland, daily)",PUB,spatial,50,3-seed mean,,,model,0.721042,,,,,,,531,1461,dmg_dev
,,,,,,"[reference] Condensed embedding (Stefaland, daily)",PUR,spatial,50,3-seed mean,,,model,0.637768,,,,,,,531,1461,dmg_dev
